run_accession	biosample	secondary_biosample	library_name	fastq_1_url	fastq_2_url	fastq_1_md5	fastq_2_md5	fastq_1_bytes	fastq_2_bytes	exclusion_reason
ERR11178309	SAMEA7225813	ERS4985798	NT1631355V	https://ftp.sra.ebi.ac.uk/vol1/fastq/ERR111/009/ERR11178309/ERR11178309_1.fastq.gz	https://ftp.sra.ebi.ac.uk/vol1/fastq/ERR111/009/ERR11178309/ERR11178309_2.fastq.gz	4776a2cce50f7b3ad6494f06a5be65b2	3d4de09d72bd59d65b381ab4bef4f45d	803353	872509	not present in author-curated 75-sample RNAseq_metadata.tsv
ERR11178318	SAMEA7225815	ERS4985800	NT1631356W	https://ftp.sra.ebi.ac.uk/vol1/fastq/ERR111/018/ERR11178318/ERR11178318_1.fastq.gz	https://ftp.sra.ebi.ac.uk/vol1/fastq/ERR111/018/ERR11178318/ERR11178318_2.fastq.gz	93c6047b31ef0549f547b9f6d73c5010	1149baffe9312906d94ae2d31b5661fb	4515581529	4822208393	not present in author-curated 75-sample RNAseq_metadata.tsv
ERR11178335	SAMEA7225819	ERS4985804	NT1631358B	https://ftp.sra.ebi.ac.uk/vol1/fastq/ERR111/035/ERR11178335/ERR11178335_1.fastq.gz	https://ftp.sra.ebi.ac.uk/vol1/fastq/ERR111/035/ERR11178335/ERR11178335_2.fastq.gz	d64bd9a6b841fe7c15d4e18852c83892	5ceee26e74f1c8520d9037901a8aa4f7	3385059951	3784320203	not present in author-curated 75-sample RNAseq_metadata.tsv
ERR11178344	SAMEA7225820	ERS4985805	NT1631359C	https://ftp.sra.ebi.ac.uk/vol1/fastq/ERR111/044/ERR11178344/ERR11178344_1.fastq.gz	https://ftp.sra.ebi.ac.uk/vol1/fastq/ERR111/044/ERR11178344/ERR11178344_2.fastq.gz	5275002614fb389e2dfe1c3555c0b604	3ef2d96b93cc6386d744fc83f7e96253	1282788044	1443281471	not present in author-curated 75-sample RNAseq_metadata.tsv
ERR11178416	SAMEA7225817	ERS4985802	NT1631357A	https://ftp.sra.ebi.ac.uk/vol1/fastq/ERR111/016/ERR11178416/ERR11178416_1.fastq.gz	https://ftp.sra.ebi.ac.uk/vol1/fastq/ERR111/016/ERR11178416/ERR11178416_2.fastq.gz	9b577053a0874493672542c8fafe58b4	3ea482c26b7d0bc19cc23ff57d58110f	101671721	132473725	not present in author-curated 75-sample RNAseq_metadata.tsv
ERR11178429	SAMEA7225825	ERS4985810	NT1631361T	https://ftp.sra.ebi.ac.uk/vol1/fastq/ERR111/029/ERR11178429/ERR11178429_1.fastq.gz	https://ftp.sra.ebi.ac.uk/vol1/fastq/ERR111/029/ERR11178429/ERR11178429_2.fastq.gz	4dc87fb4dee50822b3786d2731f5a1c0	7215cbead1c8a9e98f912d663b54373f	2469941970	2848492362	not present in author-curated 75-sample RNAseq_metadata.tsv
ERR11178430	SAMEA7225826	ERS4985811	NT1631362U	https://ftp.sra.ebi.ac.uk/vol1/fastq/ERR111/030/ERR11178430/ERR11178430_1.fastq.gz	https://ftp.sra.ebi.ac.uk/vol1/fastq/ERR111/030/ERR11178430/ERR11178430_2.fastq.gz	3cd57b297599ab101264d8ba474a5b6a	b9003394bb84f8e01141c57010d3c42d	1984008923	2101343636	not present in author-curated 75-sample RNAseq_metadata.tsv
ERR11178434	SAMEA7225820	ERS4985805	NT1631359C	https://ftp.sra.ebi.ac.uk/vol1/fastq/ERR111/034/ERR11178434/ERR11178434_1.fastq.gz	https://ftp.sra.ebi.ac.uk/vol1/fastq/ERR111/034/ERR11178434/ERR11178434_2.fastq.gz	788fb739ceab19816fb724896aa9f917	15071d3e664323644bd207f5dff56b1d	1266475253	1439462479	not present in author-curated 75-sample RNAseq_metadata.tsv
ERR11178438	SAMEA7225829	ERS4985814	NT1631364W	https://ftp.sra.ebi.ac.uk/vol1/fastq/ERR111/038/ERR11178438/ERR11178438_1.fastq.gz	https://ftp.sra.ebi.ac.uk/vol1/fastq/ERR111/038/ERR11178438/ERR11178438_2.fastq.gz	fd9eb1182bd2e8ed70372db9c32a8758	0286f038eaef723d7b573d62e8838bc5	896847526	1008771826	not present in author-curated 75-sample RNAseq_metadata.tsv
ERR11178440	SAMEA7225832	ERS4985817	NT1631365A	https://ftp.sra.ebi.ac.uk/vol1/fastq/ERR111/040/ERR11178440/ERR11178440_1.fastq.gz	https://ftp.sra.ebi.ac.uk/vol1/fastq/ERR111/040/ERR11178440/ERR11178440_2.fastq.gz	e884bd010e25c088572c8b223c8e0d3e	e27b69d40a6417378f1c7f520dc42004	754658494	863261930	not present in author-curated 75-sample RNAseq_metadata.tsv
ERR11178283	SAMEA7225838	ERS4985823	NT1631368D	https://ftp.sra.ebi.ac.uk/vol1/fastq/ERR111/083/ERR11178283/ERR11178283_1.fastq.gz	https://ftp.sra.ebi.ac.uk/vol1/fastq/ERR111/083/ERR11178283/ERR11178283_2.fastq.gz	bac2ea8b73b703a92eec09a0a719b082	4c75d22ad38690e919a73f88cd0deb31	1350795259	1540009381	not present in author-curated 75-sample RNAseq_metadata.tsv
ERR11178338	SAMEA7225823	ERS4985808	NT1631360S	https://ftp.sra.ebi.ac.uk/vol1/fastq/ERR111/038/ERR11178338/ERR11178338_1.fastq.gz	https://ftp.sra.ebi.ac.uk/vol1/fastq/ERR111/038/ERR11178338/ERR11178338_2.fastq.gz	2953e57fd307453d5b2655b93c88d346	5c241aa7dd8471f1b82063dccac4095a	491873599	552777554	not present in author-curated 75-sample RNAseq_metadata.tsv
ERR11178340	SAMEA7225826	ERS4985811	NT1631362U	https://ftp.sra.ebi.ac.uk/vol1/fastq/ERR111/040/ERR11178340/ERR11178340_1.fastq.gz	https://ftp.sra.ebi.ac.uk/vol1/fastq/ERR111/040/ERR11178340/ERR11178340_2.fastq.gz	81581f1b0f822af6f796e586ede3cdae	074d1ed3632c30b01f55a05c2db96ee0	2049970889	2123229159	not present in author-curated 75-sample RNAseq_metadata.tsv
ERR11178348	SAMEA7225829	ERS4985814	NT1631364W	https://ftp.sra.ebi.ac.uk/vol1/fastq/ERR111/048/ERR11178348/ERR11178348_1.fastq.gz	https://ftp.sra.ebi.ac.uk/vol1/fastq/ERR111/048/ERR11178348/ERR11178348_2.fastq.gz	480d3d926d322704ed89718220560363	3c01fdbc99b63d361d3f45b0eeffc601	880414412	1000912287	not present in author-curated 75-sample RNAseq_metadata.tsv
ERR11178273	SAMEA7225836	ERS4985821	NT1631367C	https://ftp.sra.ebi.ac.uk/vol1/fastq/ERR111/073/ERR11178273/ERR11178273_1.fastq.gz	https://ftp.sra.ebi.ac.uk/vol1/fastq/ERR111/073/ERR11178273/ERR11178273_2.fastq.gz	66f91fae5897518b70e74452a59761e7	3978aa166504839276f07e721e69009b	3832532279	4238753883	not present in author-curated 75-sample RNAseq_metadata.tsv
ERR11178326	SAMEA7225817	ERS4985802	NT1631357A	https://ftp.sra.ebi.ac.uk/vol1/fastq/ERR111/026/ERR11178326/ERR11178326_1.fastq.gz	https://ftp.sra.ebi.ac.uk/vol1/fastq/ERR111/026/ERR11178326/ERR11178326_2.fastq.gz	e3a423ab562debd7e964c72007fed27b	01c27146bf4fc18abd8221a0e744cb8a	114421773	141026655	not present in author-curated 75-sample RNAseq_metadata.tsv
ERR11178363	SAMEA7225836	ERS4985821	NT1631367C	https://ftp.sra.ebi.ac.uk/vol1/fastq/ERR111/063/ERR11178363/ERR11178363_1.fastq.gz	https://ftp.sra.ebi.ac.uk/vol1/fastq/ERR111/063/ERR11178363/ERR11178363_2.fastq.gz	abc9a503f7305208ae2875e59eb81544	ea0923e323069da38e1546b07e987665	3733752968	4320599055	not present in author-curated 75-sample RNAseq_metadata.tsv
ERR11178428	SAMEA7225823	ERS4985808	NT1631360S	https://ftp.sra.ebi.ac.uk/vol1/fastq/ERR111/028/ERR11178428/ERR11178428_1.fastq.gz	https://ftp.sra.ebi.ac.uk/vol1/fastq/ERR111/028/ERR11178428/ERR11178428_2.fastq.gz	56de1019426142c550037aa9169590b7	9a70c1cb0429cf727d8fa2ca920a4a46	480104796	558971795	not present in author-curated 75-sample RNAseq_metadata.tsv
ERR11178442	SAMEA7225833	ERS4985818	NT1631366B	https://ftp.sra.ebi.ac.uk/vol1/fastq/ERR111/042/ERR11178442/ERR11178442_1.fastq.gz	https://ftp.sra.ebi.ac.uk/vol1/fastq/ERR111/042/ERR11178442/ERR11178442_2.fastq.gz	a80542bc752290c0680561b3b8a0eea8	83ac59b26c5789e23e04d425813e8b49	1133215944	1384797134	not present in author-curated 75-sample RNAseq_metadata.tsv
ERR11178339	SAMEA7225825	ERS4985810	NT1631361T	https://ftp.sra.ebi.ac.uk/vol1/fastq/ERR111/039/ERR11178339/ERR11178339_1.fastq.gz	https://ftp.sra.ebi.ac.uk/vol1/fastq/ERR111/039/ERR11178339/ERR11178339_2.fastq.gz	750465ade3cbc771945b0cb991f0bd4b	d63eb31fb9d94b0859b2e602f51425bc	2464877179	2785429103	not present in author-curated 75-sample RNAseq_metadata.tsv
ERR11178346	SAMEA7225827	ERS4985812	NT1631363V	https://ftp.sra.ebi.ac.uk/vol1/fastq/ERR111/046/ERR11178346/ERR11178346_1.fastq.gz	https://ftp.sra.ebi.ac.uk/vol1/fastq/ERR111/046/ERR11178346/ERR11178346_2.fastq.gz	c0b9b19a5ad3b1b10968bb3958c9a9ca	9110a899dd51ccd4085a928a60294a7b	676379489	773084854	not present in author-curated 75-sample RNAseq_metadata.tsv
ERR11178373	SAMEA7225838	ERS4985823	NT1631368D	https://ftp.sra.ebi.ac.uk/vol1/fastq/ERR111/073/ERR11178373/ERR11178373_1.fastq.gz	https://ftp.sra.ebi.ac.uk/vol1/fastq/ERR111/073/ERR11178373/ERR11178373_2.fastq.gz	aa6ffa0e39eae7fabc6309dce2aeb5f6	063ca58315a8a2757210088d1112cb09	1352970621	1542815132	not present in author-curated 75-sample RNAseq_metadata.tsv
ERR11178390	SAMEA7225812	ERS4985797	NT1631354U	https://ftp.sra.ebi.ac.uk/vol1/fastq/ERR111/090/ERR11178390/ERR11178390_1.fastq.gz	https://ftp.sra.ebi.ac.uk/vol1/fastq/ERR111/090/ERR11178390/ERR11178390_2.fastq.gz	d6fc99f7b7ed8f68d580d0235b2e500b	a607110963c4c93e14e42cfb87dccde9	1495232997	1676983664	not present in author-curated 75-sample RNAseq_metadata.tsv
ERR11178425	SAMEA7225819	ERS4985804	NT1631358B	https://ftp.sra.ebi.ac.uk/vol1/fastq/ERR111/025/ERR11178425/ERR11178425_1.fastq.gz	https://ftp.sra.ebi.ac.uk/vol1/fastq/ERR111/025/ERR11178425/ERR11178425_2.fastq.gz	5f287082edf1a8cc895fd2c8822b6c1e	8053897138580e163cc5ff1b9bdb385a	3319187704	3808998590	not present in author-curated 75-sample RNAseq_metadata.tsv
ERR11178300	SAMEA7225812	ERS4985797	NT1631354U	https://ftp.sra.ebi.ac.uk/vol1/fastq/ERR111/000/ERR11178300/ERR11178300_1.fastq.gz	https://ftp.sra.ebi.ac.uk/vol1/fastq/ERR111/000/ERR11178300/ERR11178300_2.fastq.gz	2e76254abee500ec765fca696ce7b4cb	610ffedd455c722a6e93ffa078da8c57	1523092502	1652314112	not present in author-curated 75-sample RNAseq_metadata.tsv
ERR11178350	SAMEA7225832	ERS4985817	NT1631365A	https://ftp.sra.ebi.ac.uk/vol1/fastq/ERR111/050/ERR11178350/ERR11178350_1.fastq.gz	https://ftp.sra.ebi.ac.uk/vol1/fastq/ERR111/050/ERR11178350/ERR11178350_2.fastq.gz	afe64200a0e21d041799f3b4dc30508e	148ebd308f9dcd3c71f6557590b485f7	772161317	852599330	not present in author-curated 75-sample RNAseq_metadata.tsv
ERR11178352	SAMEA7225833	ERS4985818	NT1631366B	https://ftp.sra.ebi.ac.uk/vol1/fastq/ERR111/052/ERR11178352/ERR11178352_1.fastq.gz	https://ftp.sra.ebi.ac.uk/vol1/fastq/ERR111/052/ERR11178352/ERR11178352_2.fastq.gz	f64af2cdef42c9dc3ac21994b06b60d3	80e95b9ecddea9b4ce377a1a89b5a35d	1203063938	1379784864	not present in author-curated 75-sample RNAseq_metadata.tsv
ERR11178399	SAMEA7225813	ERS4985798	NT1631355V	https://ftp.sra.ebi.ac.uk/vol1/fastq/ERR111/099/ERR11178399/ERR11178399_1.fastq.gz	https://ftp.sra.ebi.ac.uk/vol1/fastq/ERR111/099/ERR11178399/ERR11178399_2.fastq.gz	136ff9e0977c436b1154718b39c7537f	451eeb2535211abce562af34d0eefb32	765084	862960	not present in author-curated 75-sample RNAseq_metadata.tsv
ERR11178408	SAMEA7225815	ERS4985800	NT1631356W	https://ftp.sra.ebi.ac.uk/vol1/fastq/ERR111/008/ERR11178408/ERR11178408_1.fastq.gz	https://ftp.sra.ebi.ac.uk/vol1/fastq/ERR111/008/ERR11178408/ERR11178408_2.fastq.gz	714bc15fe87caae5c5978cace59d6d67	f2245a68ef3a1e963d8cbdf3c933cf11	4305962292	4843812532	not present in author-curated 75-sample RNAseq_metadata.tsv
ERR11178436	SAMEA7225827	ERS4985812	NT1631363V	https://ftp.sra.ebi.ac.uk/vol1/fastq/ERR111/036/ERR11178436/ERR11178436_1.fastq.gz	https://ftp.sra.ebi.ac.uk/vol1/fastq/ERR111/036/ERR11178436/ERR11178436_2.fastq.gz	4f9e52871973f59bd60170a1351eaf5a	eadcebc9db75ec4f2a4ab3e904069ad0	661022594	784044219	not present in author-curated 75-sample RNAseq_metadata.tsv
