dataset	sample_id	source_sample_name	biosample	condition	stage	tissue	sex	infection_mode	treatment	time_hours	batch	replicate	technical_runs
PRJEB32839	x_eggs_r1	X_Eggs_R1	ERS4985650	egg_mixed	egg	whole_organism	mixed	not_applicable	untreated	not_applicable	not_declared	1	2
PRJEB32839	x_eggs_r2	X_Eggs_R2	ERS4985649	egg_mixed	egg	whole_organism	mixed	not_applicable	untreated	not_applicable	not_declared	2	2
PRJEB32839	x_eggs_r3	X_Eggs_R3	ERS4985652	egg_mixed	egg	whole_organism	mixed	not_applicable	untreated	not_applicable	not_declared	3	2
PRJEB32839	x_eggs_r4	X_Eggs_R4	ERS4985654	egg_mixed	egg	whole_organism	mixed	not_applicable	untreated	not_applicable	not_declared	4	2
PRJEB32839	x_eggs_r5	X_Eggs_R5	ERS4985656	egg_mixed	egg	whole_organism	mixed	not_applicable	untreated	not_applicable	not_declared	5	2
PRJEB32839	x_miracidia_r1	X_Miracidia_R1	ERS4985658	miracidium_mixed	miracidium	whole_organism	mixed	not_applicable	untreated	not_applicable	not_declared	1	2
PRJEB32839	x_miracidia_r2	X_Miracidia_R2	ERS4985660	miracidium_mixed	miracidium	whole_organism	mixed	not_applicable	untreated	not_applicable	not_declared	2	2
PRJEB32839	x_miracidia_r3	X_Miracidia_R3	ERS4985661	miracidium_mixed	miracidium	whole_organism	mixed	not_applicable	untreated	not_applicable	not_declared	3	2
PRJEB32839	x_miracidia_r4	X_Miracidia_R4	ERS4985664	miracidium_mixed	miracidium	whole_organism	mixed	not_applicable	untreated	not_applicable	not_declared	4	2
PRJEB32839	x_miracidia_r5	X_Miracidia_R5	ERS4985665	miracidium_mixed	miracidium	whole_organism	mixed	not_applicable	untreated	not_applicable	not_declared	5	2
PRJEB32839	x_1d_sporocysts_r1	X_1d_Sporocysts_R1	ERS4985668	sporocyst_1d_mixed	sporocyst_1d	whole_organism	mixed	not_applicable	untreated	not_applicable	not_declared	1	2
PRJEB32839	x_1d_sporocysts_r2	X_1d_Sporocysts_R2	ERS4985670	sporocyst_1d_mixed	sporocyst_1d	whole_organism	mixed	not_applicable	untreated	not_applicable	not_declared	2	2
PRJEB32839	x_1d_sporocysts_r3	X_1d_Sporocysts_R3	ERS4985672	sporocyst_1d_mixed	sporocyst_1d	whole_organism	mixed	not_applicable	untreated	not_applicable	not_declared	3	2
PRJEB32839	x_1d_sporocysts_r4	X_1d_Sporocysts_R4	ERS4985674	sporocyst_1d_mixed	sporocyst_1d	whole_organism	mixed	not_applicable	untreated	not_applicable	not_declared	4	2
PRJEB32839	x_1d_sporocysts_r5	X_1d_Sporocysts_R5	ERS4985676	sporocyst_1d_mixed	sporocyst_1d	whole_organism	mixed	not_applicable	untreated	not_applicable	not_declared	5	2
PRJEB32839	x_5d_sporocysts_r1	X_5d_Sporocysts_R1	ERS4985677	sporocyst_5d_mixed	sporocyst_5d	whole_organism	mixed	not_applicable	untreated	not_applicable	not_declared	1	2
PRJEB32839	x_5d_sporocysts_r2	X_5d_Sporocysts_R2	ERS4985679	sporocyst_5d_mixed	sporocyst_5d	whole_organism	mixed	not_applicable	untreated	not_applicable	not_declared	2	2
PRJEB32839	x_5d_sporocysts_r3	X_5d_Sporocysts_R3	ERS4985680	sporocyst_5d_mixed	sporocyst_5d	whole_organism	mixed	not_applicable	untreated	not_applicable	not_declared	3	2
PRJEB32839	x_5d_sporocysts_r4	X_5d_Sporocysts_R4	ERS4985683	sporocyst_5d_mixed	sporocyst_5d	whole_organism	mixed	not_applicable	untreated	not_applicable	not_declared	4	2
PRJEB32839	x_5d_sporocysts_r5	X_5d_Sporocysts_R5	ERS4985685	sporocyst_5d_mixed	sporocyst_5d	whole_organism	mixed	not_applicable	untreated	not_applicable	not_declared	5	2
PRJEB32839	f_32d_sporocysts_r1	F_32d_Sporocysts_R1	ERS4985687	sporocyst_32d_female	sporocyst_32d	whole_organism	female	not_applicable	untreated	not_applicable	not_declared	1	2
PRJEB32839	f_32d_sporocysts_r2	F_32d_Sporocysts_R2	ERS4985689	sporocyst_32d_female	sporocyst_32d	whole_organism	female	not_applicable	untreated	not_applicable	not_declared	2	2
PRJEB32839	f_32d_sporocysts_r3	F_32d_Sporocysts_R3	ERS4985691	sporocyst_32d_female	sporocyst_32d	whole_organism	female	not_applicable	untreated	not_applicable	not_declared	3	2
PRJEB32839	f_32d_sporocysts_r4	F_32d_Sporocysts_R4	ERS4985693	sporocyst_32d_female	sporocyst_32d	whole_organism	female	not_applicable	untreated	not_applicable	not_declared	4	2
PRJEB32839	f_32d_sporocysts_r5	F_32d_Sporocysts_R5	ERS4985695	sporocyst_32d_female	sporocyst_32d	whole_organism	female	not_applicable	untreated	not_applicable	not_declared	5	2
PRJEB32839	m_32d_sporocysts_r1	M_32d_Sporocysts_R1	ERS4985697	sporocyst_32d_male	sporocyst_32d	whole_organism	male	not_applicable	untreated	not_applicable	not_declared	1	2
PRJEB32839	m_32d_sporocysts_r2	M_32d_Sporocysts_R2	ERS4985699	sporocyst_32d_male	sporocyst_32d	whole_organism	male	not_applicable	untreated	not_applicable	not_declared	2	2
PRJEB32839	m_32d_sporocysts_r3	M_32d_Sporocysts_R3	ERS4985701	sporocyst_32d_male	sporocyst_32d	whole_organism	male	not_applicable	untreated	not_applicable	not_declared	3	2
PRJEB32839	m_32d_sporocysts_r4	M_32d_Sporocysts_R4	ERS4985704	sporocyst_32d_male	sporocyst_32d	whole_organism	male	not_applicable	untreated	not_applicable	not_declared	4	2
PRJEB32839	m_32d_sporocysts_r5	M_32d_Sporocysts_R5	ERS4985705	sporocyst_32d_male	sporocyst_32d	whole_organism	male	not_applicable	untreated	not_applicable	not_declared	5	2
PRJEB32839	x_32d_sporocysts_r1	X_32d_Sporocysts_R1	ERS4985707	sporocyst_32d_mixed	sporocyst_32d	whole_organism	mixed	not_applicable	untreated	not_applicable	not_declared	1	2
PRJEB32839	x_32d_sporocysts_r2	X_32d_Sporocysts_R2	ERS4985708	sporocyst_32d_mixed	sporocyst_32d	whole_organism	mixed	not_applicable	untreated	not_applicable	not_declared	2	2
PRJEB32839	x_32d_sporocysts_r3	X_32d_Sporocysts_R3	ERS4985711	sporocyst_32d_mixed	sporocyst_32d	whole_organism	mixed	not_applicable	untreated	not_applicable	not_declared	3	2
PRJEB32839	x_32d_sporocysts_r4	X_32d_Sporocysts_R4	ERS4985713	sporocyst_32d_mixed	sporocyst_32d	whole_organism	mixed	not_applicable	untreated	not_applicable	not_declared	4	2
PRJEB32839	x_32d_sporocysts_r5	X_32d_Sporocysts_R5	ERS4985715	sporocyst_32d_mixed	sporocyst_32d	whole_organism	mixed	not_applicable	untreated	not_applicable	not_declared	5	2
PRJEB32839	f_cercariae_r1	F_Cercariae_R1	ERS4985717	cercaria_female	cercaria	whole_organism	female	not_applicable	untreated	not_applicable	not_declared	1	2
PRJEB32839	f_cercariae_r2	F_Cercariae_R2	ERS4985719	cercaria_female	cercaria	whole_organism	female	not_applicable	untreated	not_applicable	not_declared	2	2
PRJEB32839	f_cercariae_r3	F_Cercariae_R3	ERS4985722	cercaria_female	cercaria	whole_organism	female	not_applicable	untreated	not_applicable	not_declared	3	2
PRJEB32839	f_cercariae_r4	F_Cercariae_R4	ERS4985723	cercaria_female	cercaria	whole_organism	female	not_applicable	untreated	not_applicable	not_declared	4	2
PRJEB32839	f_cercariae_r5	F_Cercariae_R5	ERS4985727	cercaria_female	cercaria	whole_organism	female	not_applicable	untreated	not_applicable	not_declared	5	2
PRJEB32839	m_cercariae_r1	M_Cercariae_R1	ERS4985729	cercaria_male	cercaria	whole_organism	male	not_applicable	untreated	not_applicable	not_declared	1	2
PRJEB32839	m_cercariae_r2	M_Cercariae_R2	ERS4985731	cercaria_male	cercaria	whole_organism	male	not_applicable	untreated	not_applicable	not_declared	2	2
PRJEB32839	m_cercariae_r3	M_Cercariae_R3	ERS4985733	cercaria_male	cercaria	whole_organism	male	not_applicable	untreated	not_applicable	not_declared	3	2
PRJEB32839	m_cercariae_r4	M_Cercariae_R4	ERS4985735	cercaria_male	cercaria	whole_organism	male	not_applicable	untreated	not_applicable	not_declared	4	2
PRJEB32839	m_cercariae_r5	M_Cercariae_R5	ERS4985737	cercaria_male	cercaria	whole_organism	male	not_applicable	untreated	not_applicable	not_declared	5	2
PRJEB32839	x_cercariae_r1	X_Cercariae_R1	ERS4985739	cercaria_mixed	cercaria	whole_organism	mixed	not_applicable	untreated	not_applicable	not_declared	1	2
PRJEB32839	x_cercariae_r2	X_Cercariae_R2	ERS4985741	cercaria_mixed	cercaria	whole_organism	mixed	not_applicable	untreated	not_applicable	not_declared	2	2
PRJEB32839	x_cercariae_r3	X_Cercariae_R3	ERS4985725	cercaria_mixed	cercaria	whole_organism	mixed	not_applicable	untreated	not_applicable	not_declared	3	2
PRJEB32839	x_cercariae_r4	X_Cercariae_R4	ERS4985726	cercaria_mixed	cercaria	whole_organism	mixed	not_applicable	untreated	not_applicable	not_declared	4	2
PRJEB32839	x_cercariae_r5	X_Cercariae_R5	ERS4985743	cercaria_mixed	cercaria	whole_organism	mixed	not_applicable	untreated	not_applicable	not_declared	5	2
PRJEB32839	f_2d_somules_r1	F_2d_Somules_R1	ERS4985745	schistosomulum_2d_female	schistosomulum_2d	whole_organism	female	not_applicable	untreated	not_applicable	not_declared	1	2
PRJEB32839	f_2d_somules_r2	F_2d_Somules_R2	ERS4985747	schistosomulum_2d_female	schistosomulum_2d	whole_organism	female	not_applicable	untreated	not_applicable	not_declared	2	2
PRJEB32839	f_2d_somules_r3	F_2d_Somules_R3	ERS4985749	schistosomulum_2d_female	schistosomulum_2d	whole_organism	female	not_applicable	untreated	not_applicable	not_declared	3	2
PRJEB32839	f_2d_somules_r4	F_2d_Somules_R4	ERS4985751	schistosomulum_2d_female	schistosomulum_2d	whole_organism	female	not_applicable	untreated	not_applicable	not_declared	4	2
PRJEB32839	f_2d_somules_r5	F_2d_Somules_R5	ERS4985753	schistosomulum_2d_female	schistosomulum_2d	whole_organism	female	not_applicable	untreated	not_applicable	not_declared	5	2
PRJEB32839	m_2d_somules_r1	M_2d_Somules_R1	ERS4985755	schistosomulum_2d_male	schistosomulum_2d	whole_organism	male	not_applicable	untreated	not_applicable	not_declared	1	2
PRJEB32839	m_2d_somules_r2	M_2d_Somules_R2	ERS4985757	schistosomulum_2d_male	schistosomulum_2d	whole_organism	male	not_applicable	untreated	not_applicable	not_declared	2	2
PRJEB32839	m_2d_somules_r3	M_2d_Somules_R3	ERS4985759	schistosomulum_2d_male	schistosomulum_2d	whole_organism	male	not_applicable	untreated	not_applicable	not_declared	3	2
PRJEB32839	m_2d_somules_r4	M_2d_Somules_R4	ERS4985761	schistosomulum_2d_male	schistosomulum_2d	whole_organism	male	not_applicable	untreated	not_applicable	not_declared	4	2
PRJEB32839	m_2d_somules_r5	M_2d_Somules_R5	ERS4985763	schistosomulum_2d_male	schistosomulum_2d	whole_organism	male	not_applicable	untreated	not_applicable	not_declared	5	2
PRJEB32839	x_2d_somules_r1	X_2d_Somules_R1	ERS4985765	schistosomulum_2d_mixed	schistosomulum_2d	whole_organism	mixed	not_applicable	untreated	not_applicable	not_declared	1	2
PRJEB32839	x_2d_somules_r2	X_2d_Somules_R2	ERS4985766	schistosomulum_2d_mixed	schistosomulum_2d	whole_organism	mixed	not_applicable	untreated	not_applicable	not_declared	2	2
PRJEB32839	x_2d_somules_r3	X_2d_Somules_R3	ERS4985770	schistosomulum_2d_mixed	schistosomulum_2d	whole_organism	mixed	not_applicable	untreated	not_applicable	not_declared	3	2
PRJEB32839	x_2d_somules_r4	X_2d_Somules_R4	ERS4985787	schistosomulum_2d_mixed	schistosomulum_2d	whole_organism	mixed	not_applicable	untreated	not_applicable	not_declared	4	2
PRJEB32839	x_2d_somules_r5	X_2d_Somules_R5	ERS4985788	schistosomulum_2d_mixed	schistosomulum_2d	whole_organism	mixed	not_applicable	untreated	not_applicable	not_declared	5	2
PRJEB32839	f_26d_juveniles_r1	F_26d_Juveniles_R1	ERS4985792	juvenile_26d_female	juvenile_26d	whole_organism	female	not_applicable	untreated	not_applicable	not_declared	1	2
PRJEB32839	f_26d_juveniles_r2	F_26d_Juveniles_R2	ERS4985793	juvenile_26d_female	juvenile_26d	whole_organism	female	not_applicable	untreated	not_applicable	not_declared	2	2
PRJEB32839	f_26d_juveniles_r3	F_26d_Juveniles_R3	ERS4985771	juvenile_26d_female	juvenile_26d	whole_organism	female	not_applicable	untreated	not_applicable	not_declared	3	2
PRJEB32839	f_26d_juveniles_r4	F_26d_Juveniles_R4	ERS4985773	juvenile_26d_female	juvenile_26d	whole_organism	female	not_applicable	untreated	not_applicable	not_declared	4	2
PRJEB32839	f_26d_juveniles_r5	F_26d_Juveniles_R5	ERS4985776	juvenile_26d_female	juvenile_26d	whole_organism	female	not_applicable	untreated	not_applicable	not_declared	5	2
PRJEB32839	m_26d_juveniles_r1	M_26d_Juveniles_R1	ERS4985777	juvenile_26d_male	juvenile_26d	whole_organism	male	not_applicable	untreated	not_applicable	not_declared	1	2
PRJEB32839	m_26d_juveniles_r2	M_26d_Juveniles_R2	ERS4985779	juvenile_26d_male	juvenile_26d	whole_organism	male	not_applicable	untreated	not_applicable	not_declared	2	2
PRJEB32839	m_26d_juveniles_r3	M_26d_Juveniles_R3	ERS4985780	juvenile_26d_male	juvenile_26d	whole_organism	male	not_applicable	untreated	not_applicable	not_declared	3	2
PRJEB32839	m_26d_juveniles_r4	M_26d_Juveniles_R4	ERS4985784	juvenile_26d_male	juvenile_26d	whole_organism	male	not_applicable	untreated	not_applicable	not_declared	4	2
PRJEB32839	m_26d_juveniles_r5	M_26d_Juveniles_R5	ERS4985785	juvenile_26d_male	juvenile_26d	whole_organism	male	not_applicable	untreated	not_applicable	not_declared	5	2
