UniqueCount	AmbigCount
122	44
4143	17
12715	69
7254	40
5831	24
1761	7
7	0
61	1277
15477	89
1816	13
7339	47
6350	140
418	9
17	0
783	0
2987	12
2627	6
11504	75
0	0
13213	75
4	0
7	2
267	1
3549	20
467	6
267	0
3096	12
0	0
0	0
3	0
1331	9
587	3667
473	3665
75	2
525	0
1	0
39	0
2384	16
2023	3
285	5
307	35
2422	36
4228	21
5943	56
2878	13
1108	3
153	8
2233	21
2202	19
6910	33
9104	52
6761	40
0	0
22	1498
58	1498
625	4
2308	4230
180	4219
110	2
1600	11
1835	11
3313	20
306	2
27	0
210	1
8545	42
4462	32
2203	8
564	2
543	11
9477	45
1643	17
1226	8
1779	1650
901	7
274	4
410	4
18	0
5856	29
3924	22
279	2
4099	506
1230	1
456	0
2151	19
4431	20
2211	18
41	0
1183	4
96	1
1729	6
90	1
7927	36
5	0
105	5
1822	8
3831	18
2756	13
135	1
308	4
2	0
4	0
3363	16
935	1
2513	27
8431	47
5246	44
4009	19
1297	11
5693	29
1018	13
3388	19
120	771
1	771
0	0
269	2
2059	8
7860	47
4055	61
0	0
1688	14
5566	29
4173	22
161	0
1268	93
1674	9
298	3208
59	3206
11	0
131	0
230	348
7	347
6753	30
33	4
10	0
77	0
3101	14
7481	29
77	0
13	0
285	13
1151	11
3859	22
9274	44
119	1280
186	1280
1426	8
17718	1425
46575	245
1060	81
384	2
55	0
685	6
4909	38
3990	30
13680	66
317	1
213	1
258	8
674	3
9	0
2935	8551
3245	17
1588	9
4078	16
1024	3
20198	74
2621	4
1977	7
56	0
64	0
2488	14
624	5218
38	5217
6933	181
1101	5
6992	26
91	897
0	897
386	5
33680	140
72	262
1	261
1176	394
1729	6
6549	38
13747	68
1798	4
4182	17
5401	21
7924	30
2903	21
1665	2025
1072	56
133	454
11	453
1405	1067
368	12
239	6625
395	6627
3229	21
31	5906
89	5643
56	5894
4623	41
6835	34
1420	1649
1726	1664
946	5
2934	25
845	5
1561	10
2404	33
40	8
559	3
3548	1385
252	0
6024	1029
2869	16
858	4
588	1
6942	42
3603	205
2821	19
1085	112
3136	17
4587	28
1988	13
60	235
3430	25
2032	3683
582	3681
1066	11
7438	55
13504	70
6173	35
4222	29
2674	18
485	8
2469	10
545	3
1402	11
1933	14
248	1
679	3
10924	56
292	4
34	7
1535	12
2650	18
1660	7
2494	14
2821	12
10831	67
2207	11
1685	10
53	0
332	1
5089	321
63	3974
195	3973
1080	8
2114	13
17401	108
6915	66
523	3
8740	44
168	0
2171	110
174	426
88	426
3203	9
4815	26
1183	2
390	3
132	4
480	3282
254	3282
3799	19
838	1512
443	1510
719	2
51	0
2423	18
2041	7
71	3
953	11
14445	50
742	1254
5	1251
403	0
21780	53
1047	4
1411	4712
360	5
5580	41
4254	26
2447	13
3290	18
5535	19
3904	56
0	31
2597	10
905	6
28	0
3043	14
366	0
5666	24
31478	140
1546	10
768	7
330	7
6619	40
780	551
965	3
4049	25
169	2
18570	102
9	0
1722	11
3181	16
1479	8
18	22
3959	27
50631	158
1215	6
1037	8
1081	8
4598	20
454	5
1251	302
602	6
5011	29
1495	22
1497	19
223	0
306	3
4327	16
15919	81
32690	206
62	0
15	2
2510	9
2775	15
3073	21
822	5
2125	4402
1432	9
1738	75
4554	40
6590	27
530	6
1975	9
9540	64
309	0
841	4980
720	2
0	0
0	0
15	12792
41	14262
7483	19290
4	9501
56	350
137	352
3812	28
2016	8
28	0
338	3
2719	11
5268	35
41797	206
312	0
428	4
218	1
3571	11
1215	6
5773	46
507	4
143	6267
919	6269
1591	14
21846	107
2206	14
58	11691
253	11320
367	10706
110	2992
0	2985
4568	43
2310	10
1461	84
1170	5
4150	13
81	3
2542	9
2007	11
100	0
146	0
19365	69
803	5
527	6
1707	6
3564	14
2030	8
196	1837
1	1837
6497	34
2057	6
150	1493
56	1493
61	0
793	4
1086	6
11515	52
5393	25
460	2
1854	7
561	5
4937	2946
104	1992
85	1992
168	1
2551	15
13734	143
1627	10
618	10917
45	10917
910	7
2436	14
1176	6
333	1
1250	10
3409	22
421	2
696	0
6892	51
4600	282
878	5
1746	9
6348	26
93	4
287	1
17630	67
138	43
3226	12
886	1099
1260	1001
1720	9
439	36
6266	34
18729	77
1966	6
5	0
85	2
375	1
4391	27
11485	69
184	3436
25	3435
461	15174
466	15173
377	0
2135	75
2340	429
191	0
5159	86
1278	7
3655	15
196	2
10211	59
938	454
1658	4505
1682	5
317	26469
485	26465
61	66
9	0
3267	16
1433	175
7371	26
2975	17
12574	83
11	0
591	7
5205	32
468	5352
84	5352
62	0
2616	11
943	8
1950	14
2882	23
232	0
0	0
131	4136
25	4119
2525	30
915	15
244	84
0	0
17506	82
1379	7
519	5
10897	62
1062	6
1667	3
1097	7
92	0
4398	23
2467	1782
393	2
6017	18
4440	15
1027	5
1651	9
995	6
2850	16
6985	40
7145	33
1232	4
3746	142
1558	12
550	1
1013	5
1384	7
7748	40
659	0
636	2
11	2
404	1363
314	1364
476	5
8893	52
2049	6
1288	12
1727	5759
240	18
55	0
644	7
4	117
85	117
381	11
634	15
1587	46
1611	9
6993	30
70	0
2120	8
1094	4
9845	36
438	2
6229	23
278	39
77005	344
167	699
94	699
245	0
5	0
1068	3
2045	18
3087	399
21	5798
166	5798
1900	21
3305	23
1541	12
24	0
488	434
438	4
2276	16
572	1
919	1
1863	11
607	7
558	12
2436	22
1286	6
5868	524
0	14546
101	14546
255	9559
529	9560
4838	23
2075	12
381	1
211	178
207	178
10261	44
1330	8
1437	3
984	7
1886	8
124	0
9627	48
3995	21
1503	14
123	4
190	5
2635	829
2484	16
173	0
724	17
1084	6
6837	233
4538	25
18	4
79	0
111	0
833	105
1	0
982	10
188	0
7837	36
3951	34
1640	5
1539	8
431	6
2443	16
5572	30
736	43
3134	17
3537	26
2093	12
300	7
19	1
4406	86
153	1
1688	10
3244	11
3411	10
0	2
2115	11
994	80
1361	58
1403	5
3671	15
192	4510
142	4508
5843	31
4951	19
1034	340
7654	35
1131	6
257	1879
0	1879
3435	30
767	1595
1137	1592
1398	8
956	2
2945	15
4153	16
4828	44
9458	42
5332	26
2002	65
288	1
200	2
1106	6
86	1306
204	1354
605	1
2332	8
1416	5
23	407
7	407
4638	39
1089	549
17267	92
1089	6
103	2341
170	2341
824	6
6	0
18	1381
0	1384
8	1382
1378	13
3713	24
3167	8
0	761
1	761
727	2
227	4172
0	4125
0	2266
43	373
1002	9
2523	13
3778	19
3461	12
8357	41
2741	20
0	5873
93	5796
3	5695
7639	259
3081	10
5156	30
1620	10
19378	86
821	6
59	25
2	25
65	0
3367	16
2178	176
111	0
321	0
6871	31
2363	12
1875	12
36	2
785	268
686	2
1462	4
4773	31
647	9
5732	55
16	1
3514	26
2281	8
1472	7
882	8
4392	2171
501	807
23	1198
210	1211
7828	47
499	5
5718	28
1418	8
6599	25
468	3
842	399
2947	1019
1180	5
11374	41
3523	19
1508	14
6	0
1662	7
1858	12
13	0
8	121
0	121
240	0
1264	7
632	8
2861	22
7268	25
1115	4
1752	10
2145	44
3948	10
41	0
7137	42
1491	9
1369	40
1473	13
50	0
1772	24
858	4
43	2646
9	2646
1801	731
489	2
1111	1346
32064	208
7022	102
34179	198
3979	33
37	0
1385	12
2595	9
1341	8
1012	11
1110	2
1515	3
870	2
718	3
2449	35
2866	11
643	8
175	0
3337	32
9642	40
260	0
63	0
4167	38
8984	46
0	6000
56	5860
3562	21
7015	31
1160	4
843	3
2351	103
3367	20
76	1261
34	1262
791	1529
141	1522
1144	7
2542	12
192	1732
14	1732
9337	60
9464	44
10691	69
123	1928
5	1926
6745	28
1718	101
48	1
1511	14
812	18
33	0
867	5
6436	43
73	1
10249	48
615	6
53	16
2480	18
9648	188
1452	12
0	1
3462	30
3103	42
5099	48
5309	42
82	4027
210	4023
34	1328
203	1487
4717	28
1167	7
1815	14
0	33
2348	13
3581	3107
717	17
8184	11062
1551	11020
158	1992
249	1990
414	3
5133	22
321	139
62	0
1877	6
0	0
9986	64
1015	2349
571	13
2801	1512
1654	1530
2714	21
815	2669
205	2662
1304	5
94	0
1044	13
581	7
1845	13
888	4
3258	18
1206	17
2329	7
1886	9
111	0
2779	11
3923	46
3	12
0	12
99	12489
2587	12502
0	0
17694	52
2097	17
3548	17
1710	15
2294	10
7522	49
2	0
2724	12
1253	10
4183	29
199	1
1825	276
3832	20
4462	28
3185	17
2467	10
11	0
3632	22
23569	116
253	0
311	2325
25	2325
25	77
6	77
2361	13
1695	14
297	4
2180	3641
826	5
3288	16
169	0
1556	19
3081	12
212	4
2071	1182
72	1170
1669	12
8	0
990	6
61	0
441	1
17	622
586	622
2326	59
1948	19
5398	17
2324	5
1752	7
2491	7
1063	2
7637	74
222	2995
10	2994
3775	19
1106	6
968	4
6886	29
3	0
3	0
426	249
1053	250
3015	25
1328	3
502	6
1653	5
1402	6
17819	65
4943	20
3304	13
2141	14
1712	5
2679	27
3163	15
4725	27
9763	51
1559	836
364	823
439	1
1574	5
582	386
939	4
5849	39
582	23
1436	10
2466	7
1428	12
885	3
0	0
5765	30
1698	5
143	3
19280	50
4597	17
1779	6
81939	704
1000	5
7439	59
5497	23
2665	21
91	1
7	0
316	2522
569	2522
1188	5
147	3466
46	3466
1299	8
39	0
2020	14
6438	39
264	2463
47	2461
3206	63
15	112
0	112
525	1
921	246
596	3
2574	898
26	891
12570	1560
79	1529
6183	22
5	0
1400	9
8944	55
1103	8
257	3
0	742
30	742
1826	5
5832	35
2005	10
607	1918
0	1929
114	1732
6358	39
7364	41
2611	11
653	9
134	1
2392	18
42	2292
584	1060
5024	20
5424	28
2613	4282
2486	7
2435	12
12986	48
16897	69
3664	20
7520	28
2	1
1345	6
9153	42
4595	11062
431	3
7032	32
37716	135
1806	7
1818	11
0	0
12	0
5303	20
2020	11
860	9
2776	359
1846	243
2255	6
2261	15
1032	9
2593	22
2503	14
9280	118
473	1
32612	153
160423	857
623	2
2224	17
375	1
5909	27
2143	24
642	9
329	2
0	0
3048	21
2674	21
1340	7
2	0
3213	5364
23	5356
2645	684
2546	16
1278	171
1349	10
3181	22
1345	16
827	6
3782	8
1008	4
334	2
5839	28
6312	31
1822	35
4005	31
1918	11
5279	28
784	4
946	6
5694	25
4163	21
135	8194
9465	64
3896	36
892	3
1588	10
1741	13
1963	15
7670	25
995	2
2346	4
3561	16
2789	17
258	473
2414	11
1017	12
176	3906
105	3908
115	3910
1730	8
161	0
1063	11
27324	135
1449	8
479	8
5087	22
90	0
8721	32
7928	24
305	4
756	10
1835	15
13604	7385
40	0
453	2
3472	34
1406	5
2054	15
166	2
7221	32
36128	141
1977	14
145	0
11	0
214	3
2130	12
2118	6
74	0
978	7
7341	48
489	3
21	0
44	0
1651	5
1525	26
5415	21
609	3
4248	20
4899	13
98	2
3521	116
276	229
2490	24
3759	19
1571	17
1390	11
2371	5
1962	11
4735	19
6694	29
121	7
26	19024
943	19027
4298	258
2771	13
3985	24
5911	33
1117	3
13814	60
3402	18
1308	4
2288	12
3561	12
393	2
6109	45
926	7
9	0
114	1
1239	2479
907	3
1933	7
4060	26
640	2
4743	34
1179	13
845	2
5515	33
3330	2627
12	1882
0	1882
810	9
666	3
7716	35
525	3
55	473
24	473
19	0
6809	27
354	1
969	33
1981	16
1002	4
1387	69
1414	5
3994	47
7963	35
91	1334
33	1334
7434	43
1330	5
1193	3
933	7
1375	6
646	0
1537	10
4640	39
12957	65
17117	96
2326	17
20447	91
1524	15
2193	12
5175	20
439	5
1142	6
1471	30
383	626
59	626
1865	9
2353	17
1308	9
13014	10180
7031	10173
4	244
1731	331
1914	7
0	0
2056	14
10129	44
2535	25
3470	26
2013	15
640	2
5660	34
0	0
0	0
10575	49
1429	11
137	0
8170	62
576	5
557	2135
1873	2149
1572	15
5	255
1	391
1	412
3199	68
11553	73
2698	19
929	4
1065	6
70	0
459	2288
316	2287
1263	40
28	0
16603	71
7464	51
3609	23
2607	11
386	0
1557	10
7	1
4919	65
2826	14
1477	15
1339	3
1794	12
5916	1843
336	6
277	296
2	296
1017	4
849	6
5964	32
11349	61
578	2
15593	76
74	0
4535	13
3240	18
2335	15
1807	10
2	0
3262	1538
245	1528
2205	10
2939	23
2861	12
6302	23
2948	21
1731	17
1259	1461
328	1458
58	2
1094	5
6	0
2702	17
6365	31
3486	30
561	109
4457	20
8017	41
5284	29
13511	77
16847	88
7029	36
18	0
2132	11
9624	34
9195	50
2092	9
1254	3
3909	18
629	5
12421	67
1597	5
1402	425
2935	30
5710	31
139245	580
361	0
5461	28
935	2
10861	56
708	3
396	1
465	1
447	4
36	66
36	66
167	6
34	0
114	2426
232	2429
1590	5
1829	13
462	5
1314	6
1443	19
6	0
115	1
1659	2
930	9
189	2
226	1
1029	4
903	5
944	92
2781	88
45554	246
563	361
16	356
0	10546
849	10552
650	3
33824	152
2210	659
15225	65
1999	568
2209	18
2448	10
4806	23
48	1
15	0
54	4
0	0
0	0
0	0
4	0
1055	5
171	0
642	6
288	2196
86	2192
89	2468
9	2468
2205	10
212	2018
3930	29
2063	15
624	11744
181	11742
5219	695
17	0
2052	6
705	8
8321	52
15590	77
1232	2865
427	4
1340	10
5103	98
392	14493
2	14493
2577	5
384	1
1379	10
155	4
1696	5
6126	33
4707	12589
416	12574
4227	25
10111	70
2	25
6895	54
765	4
3587	20
20	0
4210	16
309	2
217	5863
95	6772
247	6155
0	7005
391	4
7405	34
3679	18
1645	11
941	5
471	7
16130	72
1951	22
1853	12
1203	4
20	2
3011	17
6128	23
353	3
880	4
301	642
125	639
117	0
5845	19
47	20
1839	16
3507	12
16043	77
9087	57
778	11
267	1
9540	47
1738	18
51	0
54	2
5905	25
2300	10
282	352
12	349
834	7
1426	9
2275	21
1137	8
1334	9
130	362
399	363
956	3
1270	4559
417	4560
3448	263
3639	28
308	2
4695	17
1144	3
101	13757
73	13757
6993	45
1652	4
601	5
539	2
4411	24
1376	7
1442	9
2074	7
8546	25
2863	24
41	0
5312	25
1	1237
436	1238
1310	9
13522	66
2545	16
20	164467
1967	159248
633	165333
2949	17
2212	8
177	41
4012	33
248	0
1193	6
929	3
1923	6
1596	11
1006	6
114	3
78371	392
1570	4
1815	10
828	2
905	2
6371	384
13717	79
97	0
897	5
1869	16
3542	12
102	0
892	1
1281	1745
1919	4332
84	0
1713	9
331	205
13	205
56	1
85	2
370	4
0	8
24	17
6688	109
20	220
103	0
533	1
2964	6
1766	12
55	434
6	434
6422	32
0	18
0	18
479	2
18957	112
1401	89
1473	6
2180	5
84	2
471	0
8119	42
147	821
20	819
2017	13
1171	7
84	10821
1	10821
1366	13
1028	4
3861	37
1038	9
1161	6
1123	7
217	4
2513	18
1416	5
4764	2816
1237	2
1672	106
5592	48
13	985
129	920
29	1031
962	4
357	5
6956	33
0	18
1205	9
1247	1336
243	1328
3497	18
885	22
5011	36
3801	29
1024	5
8427	66
1627	213
4597	24
87	0
2713	16
3189	7
5308	33
1894	14
48	437
3461	456
2469	34
1298	50
1972	18
2685	22
1925	9
3705	19
2420	13
1732	3
3328	9
2939	13
1175	11
5557	68
2071	179
5	0
8139	3702
1144	7
1865	3
0	1012
0	1012
1957	8
1483	6
819	7
517	22
619	5814
21	5814
1136	8
2529	7
993	7
2349	77
249	1
208	0
1024	5159
675	5153
150	211
132	211
3412	10
4131	27
10657	41
43	825
1	825
1278	4
121	2
2598	19
494	1
427	10
573	50
24899	134
56	0
812	9800
799	9801
12499	57
2708	14
1	2
1	2
4398	31
355	3
6032	25
445	0
122	1
125	2
490	7
570	4924
1074	4934
1246	10
1469	17
3032	40
23	5
175	1
246	133
0	133
1865	599
3676	32
1109	8
74	4
190	3
5528	1126
1181	6
1384	36
954	7
9135	51
141	0
1	46
881	7
59	6
2406	13
951	4
855	4
419	5
266	1
817	4
1146	14
1507	13
4064	18
1511	7
21229	90
1172	6
2591	29
2168	18
2960	21
161	4
12132	60
1938	9
450	6
3287	20
8882	29
0	88
6906	34
6607	39
3238	23
1189	6
2726	16
2	771
5	771
4176	28
2801	18
60	144
0	144
1539	12
3052	647
25	633
700	4
10148	41
15811	64
1342	7
10560	16900
1698	6
50	0
1629	8
2370	1261
834	3051
1610	6
2831	41
328	24
13472	55
60	0
1312	6
722	2
131	0
11259	42
1402	7
1870	4
1342	5
409	4
177	23
6365	37
2332	17
1235	22
72	0
7	14
3	14
11577	44
259	3
91	1
3522	96
2174	17
226	3
2046	17
287	156
4404	15
118	1170
18	963
42	1147
468	1
1807	6
1070	9
1	9273
0	9273
1756	7
429	0
5	0
544	5
2024	13
1922	14
2544	18
1202	1
1690	111
1216	5
3368	12
41	0
1911	126
3587	23
2	0
3343	25
4160	22
235	1
3257	18
4718	5535
11	5529
1432	4552
4	4547
1656	4
8455	25
1113	6
5255	23
2900	9
128	1
4	0
1228	9
2162	14
1	21
0	21
24	11
644	230
30599	185
1364	11
6359	31
1	0
1527	8
62	51
0	51
2780	8
787	10
3866	23
8626	59
0	0
1672	7
6396	26
1466	4
4193	30
5223	1181
8605	44
192158	601
4166	19
556	5
985	2
51	0
1636	7581
590	7576
9039	61
1401	1
343	10
5510	35
1066	8
1026	5
1271	7
674	4
1458	943
142	927
1646	17
14103	83
7600	44
213	2727
10	2725
61	0
855	4
69	1343
78	710
260	1342
1244	5
6998	36
1	170
0	170
3975	19
1541	26
3443	12
1962	11
3281	12
341	4
1376	7
2359	12
2393	11
4213	21
185	0
3189	26
5336	23
3107	15
398	8808
9255	8836
557	0
2368	9
655	4
90	2
216	3
6326	29
317	1
49	0
1380	8
4117	27
0	0
1508	11
7286	35
648	10
491	6726
2129	6738
2244	34
2175	20
7691	395
2849	12
1635	9
20287	93
4568	29
799	3
5	436
43	437
1169	5
3734	41
1298	6
2141	1488
24	10942
2053	7
2372	11
697	3
1000	7
797	2
783	3
1765	7
24897	145
2492	23
22	0
2212	12
8124	58
7651	40
94	1
1219	2
1833	7
1136	5
0	0
6	0
2444	62
3242	8
274	1
971	7787
609	7788
3149	19
2156	14
0	0
325	0
7	17
57	4
633	5
209	23
327	0
1250	10
4468	18
5261	31
5220	19
2857	12
4065	22
262	740
460	740
106	0
21	0
7652	48
82	3
3449	67
405	2858
107	2858
852	7
4190	22
0	0
0	0
1917	301
0	2
1327	6
1966	57
882	7
1021	8
2397	21
13585	73
2289	14
3549	17
3906	556
4473	33
4273	20
17775	53
1106	4
2870	677
29	0
445	2
7345	40
2602	954
1	0
3651	22
2855	13
928	299
233	7952
172	7947
10289	48
9	0
1121	8
2543	11
5067	28
918	7
48	1
18311	472
6626	33
2442	119
694	4
1522	6
0	739
2846	3489
16	3487
198	166
64	57
0	12
1155	2
72	1
8704	37
108	990
0	990
1372	2
1958	19
8325	859
4988	237
5569	34
889	206
1187	7
57	1
2616	20
1358	4
2052	17
7538	29
719	0
7893	33
5	176
713	7
10795	50
3931	2301
12	0
12	85
19	86
362	1251
301	1234
3369	12
12	0
3511	13
2066	14
2271	21
108	2
4637	20
3871	878
4862	27
4027	25
2533	12
1830	13
1834	11
2227	9
3039	9
973	377
2117	10
812	2
3415	15
1631	5
2050	10
2089	16
2156	1195
870	7
180	1
2176	13
5655	21
821	12
7664	52
661	1
2877	11
1785	11
3024	20
1154	35
7373	38
2733	11
5579	19
392	1
1940	6
585	1
99	2
771	7
980	3
1312	5
986	6
76	0
2502	6
514	5
247	2
1229	7
7384	31
15	0
4506	23
33488	144
617	2755
23	2705
306	2026
872	4
4167	26
4398	13
1923	6
285	2
930	7593
354	1
1769	10
1157	5
3469	11
1879	14
779	8
3	0
1506	3284
780	3283
3506	136
1818	7
3154	21
764	9
669	1
872	5
19394	94
1147	43
466	43
12403	34
4578	28
309	144
1754	14
1865	9
1848	5
40	0
13231	36
8258	60
1133	5
24063	2214
600	428
107	312
8691	43
1636	14
101	0
2844	19
1813	35
1375	5
239	4
10721	56
11279	55
15	0
183	5454
479	5454
3690	17
840	2
1376	15
693	6
14189	87
1792	4
2674	17
1258	8
9521	800
6243	38
2319	15
1870	6
2003	9
2380	7
2746	7
12968	74
319	4
1685	5
6467	35
1291	14
1589	4
2850	11
67	0
3923	25
4613	24
2517	5
4293	20
1205	129
239	2
1245	6
332	2
55	0
850	2
12	0
967	280
50	225
45	227
0	9100
0	8763
4143	20
3354	17
2293	283
2	0
18904	115
7644	53
2135	11
2086	6
1555	9
1265	9
108	1
203	1
111	0
852	2
1249	2
2270	14
804	13
1058	19
2441	19
2354	13
147	7
9857	49
963	6
6235	28
424	0
6150	34
1310	10
479	4
791	3
2350	21
2362	46
4200	21
0	0
2567	514
122	388
38	389
4136	23
0	0
38	0
8463	30
130	20
1566	9
2766	20
2922	20
562	2777
671	2778
288	1
342	1
665	4
4418	40
5	28
6	28
2338	4
1732	14
8787	40
6840	41
5342	33
5659	29
9278	56
9036	59
3628	13
7193	36
1057	293
1248	291
1969	10
2863	21
3	1433
2188	11
7045	40
7735	21
1000	5
1074	978
1689	10
54	0
2256	8
1022	11
91	0
1231	6
1391	11
49611	280
11317	45
1510	666
6386	34
2958	19
953	14
291644	1575
3001	25
9011	6882
1522	6
1751	12
2380	17
2223	4
32	0
544	199
1466	238
5113	28
50	0
123	0
0	1
689	2
2116	12
7	0
29628	159
758	5
1925	434
1159	40
382	1
2514	8
17227	72
3118	23
3283	19
1507	6
1030	0
3369	19
1767	13
1960	22
2424	16
2587	17
1513	228
4095	22
1197	4
6770	18
67	0
1537	8
855	2
2734	15
6632	34
4481	24
1129	7
4239	29
164	1165
148	1165
2524	5
2732	17
1419	7
2522	8
2560	4
4095	18
3917	9
2402	5
1533	97
4107	31
15118	82
2883	32
933	41
16475	68
3	0
2132	14
37764	145
708	1
4116	22
3296	27
2757	16
1542	11
5072	27
9334	71
2267	154
249	1
2074	11
580	7
445	5
673	281
1259	792
778	9
3564	29
129	5
991	4
676	1
4856	29
68	0
12723	783
3320	15
1323	6
635	720
67	597
18	541
3490	7062
291	7053
1939	22
512	4
601	1651
523	1648
34	0
1225	6
7429	22
22	0
2067	13
555	58
76	0
3679	107
1810	27
1414	6
223	170
2044	190
611	6
467	4
11	206
0	249
36	0
2855	21
2469	15
13	0
2936	17
3691	1580
99	739
124	733
415	4
10587	58
1089	6
451	3
195	2
211	1
18169	96
780	4
509	2644
107	2644
1988	10
15409	93
3382	20
3442	22
17608	122
4513	25
2545	15
2581	22
1515	5
7953	41
595	5
996	9
4420	27
771	9
5	0
12274	42
584	2999
819	2996
264	120
33	567
148	1115
211	556
0	0
1287	7
5717	30
295	5
463	1565
54	1563
54	0
3709	20
6	223
35	223
1666	38
4976	14
100	0
3356	11
315	812
24	645
47	0
2376	278
1555	38
683	2932
0	2996
0	2994
2258	12
1006	10
1812	9
1447	9
7423	24
1227	7
107	1
2218	7
1927	11
122	2
3924	21
5351	37
7055	28
2857	136
77	0
1151	6
36	167
16	167
798	2093
1370	2512
2	0
16	0
460	6
1649	12
3	14
0	4
10792	60
1163	9
1567	6
1569	8
132	3
454	5
2624	11
919	3
374	5
1647	9
3163	15
633	5
0	0
1272	4
44	9
7855	42
271	0
225	588
339	554
65	9
2023	15
7640	38
1431	5
8737	54
1967	10
848	7
2	0
579	11
5136	34
3778	23
2734	266
1189	19
47	0
247	0
14	0
5623	32
14086	593
212	8
16517	63
2773	12
186	0
141	0
2957	14
2827	16
1049	5
207	7
2611	18
527	1
300	1
13735	54
2078	9
0	156
5	0
335	4
4080	23
2012	17
1399	5
1609	3
2534	24
1084	19
1913	28
9445	44
187	1
631	2
1128	4
2747	27
530	5
2734	14
10125	48
353	297
241	295
5532	31
1342	9
2049	19
740	37
725	8
5380	33
7612	67
48	1
7313	50
3503	15
5122	33
1021	8
1000	7
106	1
811	4
87	5
6052	25
294	2
461	4
2824	71
1670	11
17007	89
3380	14
7113	24
765	5
39	0
185	0
2696	47
555	7
90	0
1395	1
3651	25
1345	5
629	7
1212	6
453	8
2610	16
2396	22
3867	15
2246	21
16080	50
193	0
8434	44
132	8
1095	10
2723	81
106	1
9	1
263	4
1836	15
1246	13
1942	6
1427	12
867	6
3493	10
2021	10
0	0
2955	15
2936	18
4364	33
7083	40
3919	26
4359	23
2128	13
2677	17
1289	7
40978	8354
999	9509
141	9507
3512	18
532	16
1277	20
1968	11
1242	4
1656	9
542	1
9445	43
3465	100
5119	1889
7253	32
587	2
4	308
18	308
3149	27
1150	13
1056	1
166	1
12735	49
4407	42
1410	25
72	1
2900	5
1238	7
16	0
3277	21
109	0
2496	10
3	0
3	0
1997	10
27	0
5145	24
925	20
1687	5
4610	28
1543	10
2064	10
0	158
6	0
1898	15
1922	8
10546	69
4887	25
476	5
3911	35
1068	12
2156	12
2226	27
2154	17
1208	16
222	2
4318	21
2040	16
1592	13
301	0
4126	28
43	819
67	819
1196	11
6168	27
2059	28
15	0
6845	31
8528	36
3730	18
3674	12
8329	61
9	1
2743	18
624	175
1300	6
2235	14
4832	26
113	6377
22	6377
2256	12
1727	19
256	94
10	0
0	0
3254	24
113	254
131	254
686	1
880	12
34	2513
107	2513
12668	89
2197	14
750	5
857	58
4129	19
1510	6
97	0
5049	38
824	2955
71	2889
2392	13
5115	45
279	1
2095	10
99	4
5466	21
1	1
1086	137
881	9
3465	25
50	1641
122	1641
1016	3
499	6
2579	22
917	9
319	5
1530	7
641	3
16237	73
3359	23
11	0
607	5
772	3
989	1
764	1440
225	1438
2816	28
23	264
0	264
3448	9
7467	43
154	328
1630	9
1362	7
1	0
643	1
146	1
3581	15
4231	23
22882	96
71	1
2924	80
1207	3
389	0
1276	6
114	1
1823	14
67	261
594	261
5085	22
6591	46
2897	17
4148	8
2543	10
0	0
3	0
1865	9
148	1
37	685
12	685
108	0
2809	9
1319	6
3215	16
1489	7
16962	88
6	93
3	93
2294	15
1764	6
767	8
70	2
265	33
1	0
1	0
1908	14
8104	35
6442	34
5523	20
1767	6
894	2
2228	13
140	666
2270	3069
10322	74
3541	23
1795	6
4881	20
711	83
7022	35
513	4
982	4
1087	56
10646	72
3	0
5	0
4	0
54282	277
9896	53
2185	12
11622	60
2742	18
416	1
11982	65
1885	3558
2436	25
1200	12
5655	33
11549	46
935	14
2131	11
91	0
105	2
4514	24
1596	2181
376	2407
123	2406
15	0
1474	20
4358	23
1121	276
3574	16
4767	23
107495	425
7295	38
4492	27
387	5544
2263	5544
4111	17
4168	22
202	1611
609	1611
3581	2502
761	5
731	10
1581	9
547	7
1	0
689	9
118	304
0	303
65	147
408	3
1593	8
687	4
3242	16
3274	6
3979	23
1957	8
2440	6
5439	35
3360	12
32	348
4312	16
5286	33
3060	22
3507	5709
1327	10
7517	38
1791	305
3212	29
11	0
3846	26
1393	1128
5665	156
1858	8
2178	12
1858	6
405	6
41	2080
0	2080
14190	61
861	0
2166	295
744	4
130	110
4745	40
5968	30
3627	21
65	0
2141	340
13309	76
2294	17
1	74
18	5
197	1
2217	17
1952	9
9844	52
2255	11
2829	83
1938	14
6020	30
17	0
4657	30
1005	6
2277	8
468	2
1910	8
2	874
3378	14
2128	17
8038	40
4387	19
626	2
16	110
7663	42
4459	58
8565	34
131	0
6586	34
1405	6
4653	30
1110	3
2090	29
2268	7
2003	13
3870	26
2069	1647
9	1637
1337	4
31	1
529	76
1	38
2129	9
663	6
651	4
5777	41
774	4
34	2
3	0
7546	28
91230	1
634	4
1331	3
102	0
2468	12
10299	811
5013	32
3490	19
5799	28
1336	2980
386	3
3967	32
2099	16
0	0
24	0
194	1536
861	1544
12137	77
0	0
159	2
5447	36
1014	1
9862	53
875	2
4015	15
1338	13
1728	13
363	108
4478	20
246	3
4443	20
231	2
52	0
4098	21
1630	1860
3096	6427
16178	78
1564	7
4682	92
193	0
1394	9
0	1
11104	62
480	1521
91	1464
1296	8
1094	6
525	11
2754	3269
494	4
1884	13
1536	2666
1010	5
2073	14
1047	6
1769	14
1531	6
13388	75
3536	65
2048	40
2355	58
583	7
11285	52
939	4120
266	3512
41247	141
1092	5
462	1778
21	1202
0	9809
479	9563
61	8619
30	0
1	87
22	87
1853	11
557	4
105	130
3	130
2661	8
60	0
4	5
3102	13
1831	11
1945	3
0	0
46	245
4	245
1198	9
7764	53
2113	15
539	1
2693	1493
150	1485
1576	14
2158	9
9640	44
1027	6
3	8530
0	8530
12	26
10073	47
11881	70
774	76
273	441
1180	7
380	1
33	1866
111	1867
1427	7
1618	3
69	1
2233	15
6916	28
37	0
1083	3
5455	28
2731	21
5486	21
5816	37
1199	7
3957	19
1046	4
386	4
7732	31
1680	16
1024	3
1575	3
1979	15
51	0
125	0
12	1507
4201	24
829	7
329	4166
50	4166
161	9400
2954	17
41	1
99	0
0	0
3	7
13891	47
244	1750
89	1746
3394	782
958	34
6949	768
0	0
34	0
3167	12
423	19
3762	24
1527	225
1012	8
2212	13
7035	134
79	45
53	460
94	461
988	7
1121	6
255	716
80	716
1972	8
435	1
3065	23
2475	15
4592	35
9534	64
4181	13
1673	26
4130	842
0	824
166	0
455	4
0	0
7623	30
3064	20
1701	188
7492	28
168	259
432	268
3913	52
14503	2170
1465	7
1138	141
25	0
9017	41
1098	2
690	2
0	2903
156	2904
3973	12
1775	17
1033	6
7554	47
2982	16
33	0
0	0
22	0
2767	18
240	1
2185	11
110	0
297	418
1847	4
79	6163
55	6214
339	6198
0	6338
4568	11
0	0
1001	1104
17	994
1617	10
2836	22
2125	8
6373	32
2080	13
829	9
1400	1
397	9
61	1810
636	6
2369	14
49	0
1872	11
1671	995
271	0
2761	10
508	3
1558	25673
55	25646
4025	17
60	884
48	884
701	6
5298	17
5138	33
3321	21
2189	8
503	7
242	4
822	5
924	4
2985	7528
0	7520
4308	23
273	9
1226	5
7051	30
2786	1392
7123	43
1021	9
0	0
13	0
3377	18
17487	108
2845	24
66	0
2309	19
8059	34
208	0
0	849
1050	854
926	403
3189	29
7868	49
1617	8
0	0
887	5
146	14
133	1943
549	1944
20	0
2850	11
2	0
89	23
4	1319
2553	1323
28977	93
519	4532
0	2
1	4
76	0
1027	5
0	0
3398	16
1153	5
256	1
1334	123
649	15
94	5
331	3
2741	15
35	66
911	4
284	1
2681	443
2368	26
49	0
369	665
2163	2714
1386	119
0	0
771	8
523	4
5738	20
1070	5
9577	57
5071	14
3159	570
524	209
360	273
2228	19
1483	9
1007	9
3173	17
54	3
7479	32
0	0
5516	17
14145	71
25	329
2292	10
1250	12
531	3
160	1
1	0
36	0
66	0
3442	34
3046	10
291	0
269	1
26	145
3	151
22	169
880	7
849	2
1110	109
2738	26
1528	14
55	823
15	823
626	3
44	864
6	863
69	100
19	100
2896	10
787	5
1566	11139
1010	11147
71	5
1604	15
3244	20
2	0
3	0
0	3
1821	5
8017	49
634	1
737	100
0	0
558	6
982	255
1013	7
100	1485
41	1485
4704	16
667	5
15	16
26417	104
3468	18
1039	8
4114	20
863	8
752	6
1680	9
81	731
14	731
1508	7
885	5
23359	139
53	0
933	11
651	3
1928	11
2564	11
2611	11
758	6
1	0
20553	92
272	1
1294	5
3893	17
2878	27
45	0
0	0
825	9
1	0
26	0
376	1
18156	115
13783	167
3666	579
9779	1145
823	10
1356	7
1063	6
2401	11
674	167
656	34
1983	14
1324	9
2214	8
1706	12
1	0
5	0
298	4
882	13
1711	8
1724	4
455	4
644	2
1	0
3	0
2069	10
231	0
5031	42
1866	11
3880	27
2484	63
1525	9
276	2324
20	2324
1611	6
1820	16
404	0
205	0
3	131
1	131
346	1
59	12
0	0
33	0
3351	19
0	0
14	0
29	2
816	3
21078	111
265	20
1105	8
1752	11
496	1952
48	2146
113	1772
474	1
102	0
16	0
1521	18
1689	4
169	2
253	225
799	44
252	0
171	0
1923	6
35	0
76	2
4261	16
1704	3724
66	0
0	59
0	59
16	110
3	0
1558	3
0	0
4395	16
4208	20
882	5
3946	14
30	0
1703	12
6	0
273	0
150	164
5839	332
587	1883
1678	12647
641	2
2184	16
23	1
818	286
130	4
5	0
516	4
2	114
9	114
8742	43
1579	8
3100	39
1245	44
53	16
2218	9
671	4
323	1
114	0
372	1
3874	18
1281	25
266	2
27	1
5	0
1718	6
60	1
7	0
41	1
826	11
2374	474
1601	2148
5008	25
1864	10
11746	88
173	1582
308	1583
1385	4
3125	15
577	4
0	0
44	11
170	27
136	0
93	0
4976	25
599	5
46	1
160	1
485	3
401	0
4038	23
69	0
438	126
0	1
1568	13
4669	19
2354	13
4798	12389
1546	7
4546	289
516	273
98	5
322	3
11277	74
825	2
2033	20
1029	3
127	0
1372	11
8374	42
3630	21
2615	23
32	0
109	0
1705	10
216	1
96	0
1880	13
6996	723
406	2
5	0
1139	8
2095	13
601	3
5004	23
844	5
355	4
31	2
166	1
5	971
5	971
1666	14
18	0
4103	19
693	0
127	0
178	1488
157	1488
25	0
1082	6
1770	23
288	3
2456	16
1934	9
5631	38
402	1
892	7
314	3
4	0
923	7
82	0
1371	5
3	0
1088	6
3250	27
494	4
2748	19
6695	44
12902	79
2084	12
2060	8
12	0
2036	96
6449	47
2454	21
1232	5
1532	8
65	1
2308	10
386	5974
248	2017
26	3956
100	2
2691	17
154	2
325	1
718	550
19	486
1436	17
0	0
10088	131
302	2
4798	25
88	0
85	2
64	0
121	38
3	11
16	1
2312	11
1371	12
15	0
393	3
314	5556
106	5550
2575	16
6289	91
18816	98
40	195
2	159
14	0
121	0
418	4
52	162
1	162
1952	13
2712	16
1914	13
4599	37
20	0
15440	99
47	850
91	851
32	0
96	4890
151	4890
1514	4
524	4
1247	2
819	8
222	3
2001	4
10	8693
36	8693
260	1151
54	1067
3777	13
534	7
77	0
5	95
0	95
1093	7
1723	7
173	2
6449	33
265	615
33	614
1725	39
95	2
0	0
2072	15
392	1
227	3
118	8
6132	42
2518	284
3531	31
23	1
1820	13
15	0
183	0
5	94
0	94
324	1
5049	47
2944	14
0	66
1	66
10	0
228	1
917	9
31102	164
2	257
407	1947
242	1946
8	0
559	3
248	3
6	0
86	556
110	556
3	38
1466	4
3282	26
3939	21
1542	14
1575	5
3978	17
2817	15
2122	22
62	0
2790	25
241	14
6395	26
2161	15
2948	10
922	3
116	2
45	1
4366	27
2	0
359	0
62	1
3800	182
1380	14
2255	7
141	1
50	0
632	2
5917	38
1081	3
960	3
3590	12
576	1
153	1
677	4
1176	12
1730	10
0	0
1731	9
426	3
2444	9
386	2
1623	13
995	43
3869	15
7844	37
14948	103
149	0
154	0
1366	3
1697	16
333	3
1027	7
5754	58
4181	16
1485	1709
4534	495
2041	1717
28	1280
157	1280
12	22
881	444
466	5
1401	6
5142	36
6	2602
25	2602
4	0
185	1
2156	11
4	0
2155	10
422	3885
158	3884
73	0
1281	12
68	0
421	5
0	0
70	0
17512	68
565	4
779	6026
219	6031
6	0
1554	5
1338	74
2345	24
1248	11
76	4
4172	41
80	0
0	1569
0	1523
2	1534
2	1554
229	1349
369	444
72	0
509	5
1050	4
1756	5
5474	29
2271	24
656	3
7370	5621
23	0
1155	573
6	744
3	712
39	584
16	7148
705	6540
15	7147
2283	20
735	15
3576	25
152	1
5450	18
2111	11
2318	21
19	0
901	8
215	9873
18	9873
2375	15
251	16
295	15
139	9311
109	9216
95	9098
112	9308
1247	7
1523	9
1788	16
6689	37
885	17
1180	299
66	758
71	751
1002	767
524	5
4327	21
9419	76
628	11
1702	11
450	2
23	0
0	1330
57	1196
0	1215
1454	10
60	0
1898	16
11187	54
59	0
1163	12
1398	6
2249	183
3399	22
17	0
1926	373
1046	16
391	7
3504	1596
468	0
41	0
42	1607
2	1607
0	1607
184	29
1202	3
1553	4
4817	37
0	0
429	33
47	0
6698	52
500	121
4777	27
3506	20
993	5
0	0
62	12
67	6195
88	6195
1892	8
21	0
1	0
758	2
63	0
0	0
16	21
565	2
860	956
10	0
60	10
187	1
3369	19
1081	10
140	1399
25	1399
1559	9
8155	263
86	1920
0	1920
226	2
1756	25
65	1
67	14
6750	52
688	2
5441	35
3139	122
1866	6
10	0
109	3273
218	3273
6003	29
241	3
8865	45
1729	7
5389	28
4	0
1123	14
10968	56
2683	13
2232	14
1710	12
3386	35
22459	97
463	54
43	1923
32	1923
117	90
2422	20
675	6
179	0
153	11
883	6
2919	17
0	0
1798	16
163	0
2900	16
784	6
43	18
348	4
38	0
1597	8
5377	57
2989	20
1595	9
8	1
9507	59
7787	41
18	435
0	435
184	0
2531	15
2	0
1	0
3	2
106	0
51	0
5868	45
5476	26
4814	23
670	7
2566	232
2	0
1504	9
122	0
2437	11
3	0
10	0
5250	38
5239	27
1217	8
67	0
33	545
1229	4
1086	11
2246	6
2507	18
4305	23
3565	11
4241	32
727	4
2178	13
884	1
743	7
0	0
2786	13
682	11
1166	2
44	1
1441	6
116	1
0	1241
2	1194
0	1216
751	3
429	3
63	0
4618	29
3540	12
4720	13
33	0
3157	15
726	4
3538	27
88	0
1591	12
24070	91
602	2
588	5
3	0
19	0
1032	8
22	2
92	0
1483	13
5357	35
663	3
905	1
727	6
1252	9
334	8
214	2
300	6348
225	6344
328	3
224	601
576	2689
387	160
27	156
80	1
2267	12
2553	23
4	0
1826	8
742	2
1014	5
35	3601
36	3428
33	3541
444	3
18	1
1	0
68	1357
14	1355
1366	12
13	0
112	0
1830	9
1259	4
318	4
255	0
2492	21
1061	7
1174	9
38	2
3517	11
18	0
1851	114
279	7
81	0
144	1
5270	31
1600	12
2235	10
1494	6
3	0
2493	37
438	0
14	0
261	4
2722	12
9266	41
5	0
8	524
37	524
3361	24
181	0
1585	7
322	1
655	8
223	2
2923	19
52	0
10	0
251	0
5	0
1134	5
77	0
753	14
7650	34
81	4
2	0
27	0
104	0
4	0
1326	1
99	9
42	0
362	2
288	5
1059	6
2315	12
29	0
960	0
61	1562
290	1563
9557	54
1799	7
0	0
2903	342
1548	3527
438	3620
147	2821
65	0
2925	11
5064	20
437	2
3794	50
1328	7
245	0
147	0
1727	11
93	0
64	1
1009	4
1801	12
698	4
2019	16
29	0
836	9
27	0
1726	9
28	1
1038	114
2940	11
355	2
26	0
61	0
533	0
292	4
1271	1833
116	6
228	17
12036	63
8451	81
0	1197
199	1089
11	1108
3883	17
2327	16
580	5
183	0
1066	13
6002	36
1937	13
1225	8
2589	11
1212	7
123	3168
220	2856
966	9
1450	19
8565	72
627	6
7879	42
2490	20
2261	9
97	0
2095	10
141	2277
8	2277
57	0
2401	7046
96	1437
55	1437
264	1
4378	19
694	6
873	399
1886	6
49	0
7	0
11	0
1502	1031
157	5
5189	31
887	0
2027	11
805	3
1218	3
2196	8
4510	34
3526	11
0	0
2975	10
103	1
0	0
6826	41
1631	12
345	3
967	5
2654	21
10	21
2	0
3	0
6	0
5	0
9153	50
1	0
746	5
121	1
0	0
542	1
2229	13
2770	18
521	10
1245	7
300	1
1365	13
27	1
3086	21
141	1
24	0
31	0
12326	55
150	0
14	58
38	58
334	1
70	1856
2	1854
16	0
51	110
54	111
0	0
4	0
1498	7
2	861
62	874
1	795
137	0
12781	209
19	1
541	138
7	164
2	164
4503	17
59	0
244	2
3	12
82	0
7744	30
9126	33
1	0
699	4
1043	13
334	1
24	0
262	0
1494	10
658	55
2457	14
295	1
3344	38
3177	16
522	878
1535	7
1047	2
2225	12
29	146
5	146
316	989
143	987
6290	29
17	0
214	21
722	1
1802	11
1016	4
2167	6
1983	36
241	0
357	1270
44	1270
3	0
1666	8
2360	10
196	0
1736	20
4755	29
0	11
0	21
0	4
0	15
3	0
100	0
1454	4
1183	4
10	148
508	1348
253	1348
0	130
9	130
1940	9
3002	31
86	1251
0	1250
11	1088
8485	127
2664	24
4520	22
1926	16
1469	13
1500	8
2849	19
177	1955
46	1953
2826	9
48	9230
288	8899
89	8563
33	0
537	1
749	2
65	8
112	0
32	1
1697	13
889	12
20	30
0	30
2	1
135	0
15	0
954	1632
23	1630
1	0
2462	13
284	2
1416	8
318	2
286	1
796	3
0	2168
7	0
3990	22
209	0
1614	3
6	38
2719	14
1323	17
2346	22
5943	13
624	3
1150	10
205	0
5479	14
3425	27
4762	280
3628	24
71	0
6	882
0	882
2756	18
6511	33
116	3
4117	29
716	8
185	1
451	2
87	647
34	647
96	1
103	0
30	1438
5	1438
109	836
15	834
733	2
3398	18
266	2
11153	45
2284	33
4084	20
513	5
1417	7
130	801
377	1132
14	799
5173	16
3291	24
1000	7
4331	35
298	0
264	0
451	2
135	1
280	2
8218	42
1362	12
244	3
42	0
931	6
23	1
10682	47
2030	7
4928	38
9	0
41	0
7399	25
53	9
819	3
542	10
358	2
4049	29
1634	478
1192	5
352	2
16	0
2224	12
142	0
1962	17
2016	8
5031	22
84	1996
645	2000
0	889
1	883
13	888
2	887
4	887
2832	11
1159	14
663	4
2523	17
0	0
4419	30
1947	8
61	0
25	0
1643	10
13	0
938	3
68	0
453	2
46	1
13	4806
154	5779
288	5793
1046	5793
777	114
832	10
3256	23
34	0
1626	8
706	3
2328	13
1591	25
40	1
446	4
9	0
79	1
152	2
2867	19
14	0
200	0
1685	10
0	0
0	0
84	0
2713	19
893	5
7	7
20671	90
0	0
1680	18
525	2
102	0
50	1
520	2
2250	11
711	20
1494	3
1790	8
4790	26
35	3
2555	14
139	0
222	6
87	4
1138	8
266	1711
8	1732
15	1732
906	10
182	2
369	2
72	1
413	72
156	1
2983	18
3420	23
3429	17
1881	6
2105	15
527	1507
98	1501
1307	9
4134	24
3163	26
2499	11
8	0
2750	20
46	5
2371	8
607	21
1456	10
402	8
9447	48
3476	33
0	1178
208	1154
371	940
2013	2858
423	2841
37	3
155	61
15363	74
1719	10
10590	51
675	7
152	1
136	0
2830	12
683	104
645	11
1594	16
65	0
1750	11
216	2
1663	17
708	1769
159	1764
187	2
2294	11
1505	4
239	1668
1	1666
156	4
23602	155
1	0
545	350
0	0
160	13
2094	9
1214	2784
4	2032
1006	2
33	0
2869	2695
873	3
1273	3
919	6
997	6
111	1
17572	74
1286	2
310	3
93	0
2901	21
25	0
538	5184
42	890
488	16
40	1459
53	1459
222	0
3211	26
564	1
475	4
361	4
1024	1108
1408	12
0	0
364	65
1802	9
6695	29
60	282
0	276
22	297
2	0
105	1
243	3020
22	3020
1149	8
40	1
210	3
5	0
3367	7
1823	27
1168	30
163	0
4161	24
7260	51
1498	13
0	0
1268	4300
158	3
40	119
1	117
749	1
203	3
1087	154
5169	29
19	0
1086	7
1178	48
11	0
438	3
880	5
430	1
241	1
6851	30
89	2
261	3
13526	83
2008	17
115	1
21	1925
36	1925
1550	2
2307	11
468	5
4	0
94	3
2848	26
75	3
4350	27
1613	14
2136	20
21	862
45	863
3068	37
56	0
11483	49
1	0
12	0
670	64
2513	10
1018	5
1057	6
1942	9
954	14
31	1
2218	18
127	1
1389	9
4047	19
235	8
490	2
1738	19
3681	19
530	3
15	0
682	9
705	7
1288	6
102	0
44	0
0	0
1803	7
723	2128
49	2127
612	197
770	2
897	1
2	492
8960	47
3171	24
187	0
17372	83
952	10
5827	22
84	0
111	1
112	1196
4	1196
1589	12
2140	18
689	470
545	3
4	0
5398	12788
0	673
1287	34
384	2
68	4
80	2
3529	17
4215	22
949	5
855	12
6	29
801	8
3019	15
4610	40
8188	47
1855	11
723	137
1544	6
7025	90
124	53
1845	12
881	3
1042	9
0	0
217	21
4	0
9295	53
257	1
2361	30
1236	6
1252	5
3569	12
10	170
1	170
262	6
12655	83
7179	49
25	0
2963	14
352	3
1326	15
2165	17
1477	6
2196	14
959	3
1	0
611	2
979	294
110	291
1087	6
44	78
0	4963
73	5046
580	1409
3	0
228	6
0	0
1104	12
4986	22
3	188
32	188
0	60
0	60
0	58
774	3
476	43
0	0
1264	8
69	0
448	16
829	6
234	1
2	0
1155	10
941	9
5107	26
11	0
0	96
0	96
63	0
2060	9
3356	18
1073	16
18	0
1451	799
1797	5
8	0
1906	5
334	0
1258	28
514	1
18	5
2333	6
3827	29
3193	22
48	0
1	0
874	9
59	0
2411	24
2084	20
421	1
24	0
1335	9
1	0
32	2
2506	7
870	9
202	0
4709	23
535	2
750	5
5195	21
193	1078
16	1077
2126	9
1550	13
8438	30
1170	17
3691	26
1683	7
808	1327
28	5
443	0
4570	23
226	3
54	4
0	0
51	27
4867	37
848	17
1006	2
3152	12
1	31
0	31
3772	169
1622	4961
1332	4962
6122	29
115	4
1069	8
1260	9
2536	11
651	1
3186	14
1697	624
3487	22
2924	12
153	1
1827	41
48	1
55	0
216	77
234	2
3763	23
2353	20
1562	16
1681	483
718	7
75	0
939	5
3487	26
1697	722
61	712
4450	28
1855	6
2116	6
16	0
2502	9
0	853
553	854
2363	7
140	0
216	1
10097	51
1339	6
115	1
929	12
753	3
1641	16
2451	105
1435	7
3155	4129
295	4120
21	7
14438	78
2204	17
579	6
236	20
3101	29
63	10748
768	10779
1798	4
3940	19
1096	79
6121	793
12893	80
5315	44
617	5
1280	8
3694	16
39	0
2119	10
2234	10
24	0
156	5
5230	23
3395	25
140	0
3820	20
4708	24
585	4
999	577
393	0
71	537
27	537
33	1
1382	2462
7336	63
917	523
869	11
479	3
1069	15
351	2801
123	2801
80	0
30	2
526	6
283	87
26	0
1226	5
346	1
825	3399
594	3403
142	42
39	0
112	2
374	6
0	1482
104	1443
1	1472
9164	5964
15	0
6220	23
1687	11
5044	31
52	0
303	418
276	1
2908	21
590	5
6057	29
0	8493
65	8397
89	8313
0	54
0	47
2	54
38	0
630	0
403	0
2661	19
148	0
1206	6
4009	32
2906	3351
91	3342
21	1072
76	1074
7753	95
2663	18
0	5436
189	5200
103	5272
12063	70
573	0
116	0
4512	24
1870	21
24	0
61	0
230	1
229	1
2749	17
5747	35
5017	16
823	13
0	0
0	0
905	2677
774	3
253	4
10	19
239	0
741	8
1548	7
14	3152
1	3152
641	1
2786	9
336	212
3200	19
1719	11
236	0
2962	18
3346	16
8	0
5503	36
1269	4
1942	12
0	4034
2	4034
2967	20
2510	7
686	1964
501	1966
2097	8
8519	50
170	0
3969	27
1405	24
4791	144
1022	5
278	2
0	24
1	24
1144	11
0	0
2	0
2151	11
1609	3
256	2
40	0
0	0
25	11
10	11
3503	27
1486	4043
26	128
755	8
92	1
25	0
786	3
54	275
29	275
2107	635
31	0
4	0
714	3
446	3
461	8
861	7
2245	16
25	0
1631	6
1470	19
414	32
268	1
1579	10
623	1
83	0
225	18
137	10
2206	24
0	0
0	0
923	8
60	0
262	1
7558	27
1136	4
1	0
4	0
143	0
117	4
1227	10
551	0
1280	8
70	2
92	530
1	530
2307	14
0	0
2741	14
1190	14
4072	16
165	1
12	0
1755	10
2558	18
2054	8
62	0
1513	6
1247	211
263	11
726	4
6495	30
61	1
18	0
1712	19
6696	42
147	0
1	0
700	218
1548	12
6389	43
3151	15
4230	16
3223	15
3	308
8	308
1	308
865	1
2325	44
1460	15
5410	40
0	0
7	252
6	252
854	12
22	1
9	0
3920	20
27	0
1	0
228	13
40779	8796
107	0
1013	5
898	2
9378	1432
2099	11
430	5
1107	6
23	0
1168	6
49	0
14455	102
1052	9
0	0
3893	23
2515	10
0	0
3190	22
5692	28
1055	5
208	1
374	977
13	844
3727	15
749	5
10591	41
247	1
64	0
13731	43
1144	8
43	3773
343	3877
215	1
1930	24
998	2
1289	9
186	0
3682	13
9100	52
8	96
0	104
4	101
6	65
3297	14
1825	6
4168	1720
1513	11
815	2
887	13834
112	13831
90	1
3986	22
2633	14
2312	1347
50	1333
2857	170
2634	15
13	0
1219	5
4207	33
3859	39
0	969
37	928
11	966
20	947
0	956
2540	70
2559	387
28	92
34	98
9	74
1335	1872
0	1
0	0
1821	4
2	4
35	6
20960	97
0	0
13	408
0	407
1129	6
2	0
2411	13
1235	6
5181	24
13	0
5	0
886	11
15569	69
968	448
168	448
2341	15
85	0
1596	11
5087	29
697	12
0	42
1097	11
2331	21
1430	7
4340	28
3461	12
691	2
20	0
1092	12
601	12
38	21
199	22
24	927
17	926
1997	11
60	0
3487	19
2946	15
1956	14
577	1
1	0
2190	9
523	1
104	0
1303	6134
56	6134
1502	100
1379	4
10854	54
4090	24
1697	14
1419	158
2248	15
57273	266
1	0
270	0
115	4
108	136
583	3
2047	7
873	3978
827	4
2721	22
70	11
105	0
478	8
851	4
1839	8
742	19
165	0
3270	26
1	3
0	2
112	0
8034	308
552	0
1067	6
1464	12
0	0
932	7
5669	30
1387	10
1907	6
453	4
3555	125
6936	55
2662	10
641	92
9	0
45	0
14	0
9	432
352	5
3220	21
3	0
4260	18
1197	8
110	1
882	294
3097	15
6928	41
1	0
68	1
1209	9
6	0
3385	17
216	0
4630	20
276	0
0	0
348	1
6487	32
120	1
12	1913
116	1913
315	2
3120	17
7823	81
526	8
448	2
812	7
1280	7
487	5
77	0
88	0
2131	6
11328	60
29	190
0	189
0	0
71	0
124	0
611	3
151	50
97	78
192	1
454	55
4281	27
0	628
50	628
1306	6
16	1094
0	1117
97	922
0	1098
20	1062
3	1110
0	0
857	8
535	6
1362	9
2307	15
88	0
141	0
411	3
2043	11
1248	18
5429	34
6549	32
27	0
30	0
2126	5
677	3
199	0
1334	15
3900	27
460	1
404	1
2786	551
4221	7791
3952	26
3718	18
110	1
68	0
12740	65
0	1
87	1
3835	314
2553	116
3747	2815
31	221
158	296
1421	7
57	1
16	3
1372	18
26	197
0	1409
6	1401
372	1673
124	1673
30	1
226	34
1822	22
590	10
3247	11
9	0
2606	12
5072	31
95	2
3651	24
163	1228
8	1228
453	19
1325	11
1084	6
231	0
1124	3
28	0
2214	106
1891	9
358	3
900	6
1856	6
5	3443
37310	3992
1250	8
6525	36
3293	5825
393	5820
1522	112
2056	8
0	0
676	380
1131	12
297	4
2765	20
0	0
192	1
1319	12
89	3
75	28820
1002	26356
60	2504
3679	13
23	0
429	53
2104	12
2842	33
748	6
0	259
40	255
0	262
9532	55
571	7
0	0
20	0
964	5
78	1
1	0
399	1
5270	2332
484	2297
0	0
0	0
8	0
2769	17
3184	6
603	206
3172	24
2463	10
87	0
6805	4784
393	7
2061	8
2	0
395	1
53	0
2724	15
23	0
203	5
2901	581
1133	8
90	2312
73	2311
1129	5
1385	6
0	0
34	0
1486	12
1	201
1858	372
289	1
846	4
16	0
2678	20
2204	12
9990	49
1124	336
1746	1898
47	1881
3447	13
10356	50
263	0
2281	22
955	1
0	0
22	5
135	0
33272	156
180	2
3529	27
285	3
522	4
155	1683
184	1684
2	0
220	0
739	4
146	1
2048	15
329	2
25411	148
1350	3
1990	6
34	0
7526	42
21	185
0	185
1470	9
1433	6
1083	8
7	0
0	0
289	1
46	0
2780	17
3306	66
34	1
358	8
1830	298
1328	9
9916	59
1208	856
972	11
655	7
2944	18
116	1
231	0
445	4
966	16
58	1
0	1
850	945
1540	945
175	0
12	0
1	0
22	0
47	1911
6	1954
61	1954
762	8
2669	360
419	3311
795	8
390	4
1184	3
879	3354
579	3353
388	2
360	2
2139	21
2851	20
40	2312
4	2311
132	7026
332	7032
1639	9
1	0
3255	285
2207	14
921	11
4662	29
3023	7
7937	46
2128	10
2100	11
0	0
0	0
316	7914
84	7911
6	5410
0	5521
21	5486
23	5427
189	5465
47	5473
66	1906
48	1906
758	4
1728	21
5709	25
1931	13
34	0
17	0
18	0
2897	27
1481	12
23	0
1349	7
654	4
2704	15
1663	9
4135	26
722	9
1097	603
2408	293
3306	21
1354	6
1459	5
3717	31
1088	8
566	4
3289	27
4983	33
3473	22
0	0
1361	25
327	4
15	0
524	3
1937	46
0	0
2955	13
253	4410
81	4409
2472	12
9503	44
290	5
246	1021
690	1027
5713	29
1565	11
2606	10
2799	361
14	0
837	5
949	14
0	1468
1	1468
3855	1382
844	3
96	1
3070	20
548	10
99	8
1118	3
6530	45
170	0
833	416
4	413
40	2
164	0
1922	9
1078	960
0	0
278	4
16	2
51	2656
34	2654
1053	97
1	0
374	2
6133	32
8	312
0	312
2178	26
10204	64
1003	10
349	5
412	174
45	0
97	0
164	1
13	2022
352	2023
542	4
69	1
45	0
251	1
3	830
13	830
1887	6
1026	4
377	1
1765	12
5144	40
232	0
1387	1250
1703	1947
142	1
1731	199
775	274
1949	14
171	0
91	0
174	26
1207	18
0	2673
21	2606
60	2608
992	11
38	332
5	332
194	1
41	0
2806	20
3470	5368
2279	5390
5615	108
305	3
3655	2196
203	0
116	0
43	0
7426	57
1970	4
29	0
3644	18
924	5
4444	16
1615	2755
2904	19
0	391
3	391
707	2125
353	2122
1	141
0	124
0	16
0	1412
24	1365
111	1312
473	0
3616	32
689	2
36	0
318	116
24949	186
4144	19
4767	33
1413	6
6307	31
2390	16
171	1
177	2
540	3
406	1
839	84
2102	9
41	0
3394	18
149	0
32	2687
73	2687
2026	21
7489	51
64	4
821	8
135	1
96	0
2471	10
1	0
2521	15
531	25
361	1
1141	10
1251	6
2596	10
776	5
90	8548
0	8548
51	1
1127	9
0	0
2695	16
2	283
2664	13
1604	229
35	2
459	6
5342	23
874	4
0	0
0	0
4805	475
3	0
0	0
2358	17
1268	33
950	42
3339	88
2081	14
3057	29
2910	84
85	1
2325	14
2434	15
4054	24
1788	9
7	0
31	112
0	108
138	0
4420	25
366	0
26	0
354	0
25466	6367
2053	10
9	1927
7	1920
132	1860
914	11
705	3
2244	17
5830	22
1136	32
487	9
12	0
60	18386
44	18220
9	18244
79	18343
0	18401
13	0
1198	135
3757	10
13	0
4	223
6	223
96	494
2041	12
3628	18
7673	40
1012	955
1189	12
2585	15
1138	6
34	0
835	6
5	0
21	0
298	161
6942	58
794	117
1452	6
1025	106
2076	24
1265	9
2	13
2	13
939	11
22	0
2189	9
15	32
19	33
126	0
284	11
1359	23
2870	14
2172	10
6873	66
137	6
90	0
2637	12
431	1
52	1
5221	3375
6380	31
10001	64
111	0
762	429
893	434
439	1
158	961
72	961
1866	286
2134	12
529	6
23	0
1966	10
224	3
3357	16
1076	14
512	14
0	0
2321	19
935	20
2243	59
32	0
743	4
571	67
568	2893
900	2890
342	1
1705	7
2	131
99	134
1958	16
5282	29
182	1
7	266
4	266
1338	3
1	0
0	0
4	1
0	0
0	0
6929	64
676	5
112	2
263	6324
940	5
2139	11
3535	14
3777	1347
420	4
1433	5
173	4
3745	22
1218	1
82	0
121	1653
32	1652
3116	18
1557	197
1516	11
1837	13
0	1082
34	295
0	1087
0	1087
0	1086
677	76
395	32
1984	12
152	11
1221	9
2613	12
1257	2
380	2
2268	10
714	5
12	0
96	0
56	1
0	0
2010	11
3132	17
212	0
2678	4
865	10
1	0
145	1042
7	1041
42	0
977	5
7995	53
16	0
17449	80
4027	26
56	0
0	0
2238	4926
579	2
0	0
20	0
1716	12
7680	61
0	0
139	2958
95	2957
1029	5
2658	13
2281	15
1884	17
0	0
4069	30
4662	18
834	1015
63	1015
250	4
3595	28
1503	449
5397	51
495	8
1	0
82	2
3	0
168	6059
32	6058
1441	11
1553	7
1130	69
242	2089
234	2090
63	2
3	0
239	1723
138	0
0	0
191	0
5175	33
111	6
31	3
520	5
65	0
115	46
2386	19
562	4
838	46
1842	17
1347	9
5	0
1201	6
1530	19
1594	18
15	83
12	83
4231	495
1438	19
5356	23
7	218
6	218
204	11
32	0
996	19
6	98
4	98
5848	31
4143	16
4	0
104	1
121	699
0	699
2821	6001
2493	13
1445	119
0	0
3080	5
803	4
1057	8
1	63
5500	1811
35	0
40	2
3376	26
5924	29
3267	15
2324	16
96	3639
4	3635
2446	20
2302	15
3762	207
146	0
2689	18
1544	9
1890	4
2137	11
1400	1
4710	18
938	5
141	596
190	597
2160	22
1368	3
48	16
907	9
1315	7
2515	9
163	7
392	1
47	4
105	0
0	1
0	1
4866	24
4449	3094
1558	17
125	3
2437	28
1711	17
24	0
85	0
1253	7
1572	9
704	5
19679	107
5700	160
1785	16
15	0
858	2
18	1760
519	1761
31	3
681	2
2770	16
22	0
985	7
3637	10
230	1
1344	3
1364	6
1	0
8	0
841	5
807	568
6	0
5960	40
569	6839
145	6840
142	0
4927	19
76	2
53	0
13	0
390	1
69	0
985	1
66	0
84	0
15644	76
1	7
0	7
82	0
4143	21
8	0
0	0
0	0
0	0
30	41
31	1546
29	1546
603	3
578	6
733	3
0	0
12	0
7	0
706	2
980	3
1150	5
14	0
2775	305
632	7
334	3
143	1
0	0
52	1149
90	1149
2322	13
5054	26
919	4
4887	37
1664	7
305	5
464	7
2	0
105	2
33	0
3552	1084
279	2387
934	2392
10142	73
411	5
88	0
3076	20
2263	14
166	1184
673	1339
1101	663
18	657
7363	44
1753	19
3194	20
134	0
1193	5
751	2544
1303	7785
26	0
936	8
2775	17
1557	10
560	2
4713	24
5067	33
2593	16
988	5
1860	88
1221	7
2291	9
1341	10
1664	4
1168	10
5535	27
964	9
3566	15
23	130
159	130
2352	11
26	0
928	6
1233	9
0	3
0	3
11859	78
2829	15
376	8
0	63
0	70
0	69
1380	6
1046	12
904	4
4765	200
8076	55
178	4
53	0
269	109
1598	9
5486	25
5	0
17218	78
92	0
57	0
800	2
85	1165
32	1165
28	0
327	0
2418	10
479	4
1711	3
44	0
139	1
1845	17
753	3
1863	22
642	9
852	8
193	3
4206	18478
1860	133
26	0
111	4
237	7
3588	25
1665	214
97	3143
159	3144
822	1
0	0
1376	7
1020	3
52	5
1087	4
3444	16
0	0
2171	11
947	6
2022	45
2683	19
2424	6
493	5124
32	5124
3980	28
898	5
39	0
0	8
0	8
56	2269
127	2272
2582	13
230	1
180	1
810	5
3642	25
4045	29
2822	27
1597	12
1959	429
2402	13
1910	14
1264	43
1019	1371
2248	22
4926	27
149	1
4734	24
2393	55
1726	9
0	0
68	0
814	2
1106	7
1	0
2616	37
161	2
3114	15
1763	12
0	4253
18	4123
161	4033
4	0
249	0
267	35
2950	15
774	5
36	0
1344	12
243	1
2817	2674
365	0
349	1
1053	7
950	7
11848	94
52	0
4750	37
683	2035
77	1
640	2
1620	8
462	2
730	2
83	0
447	5
2174	11
22	0
2496	12
207	0
7344	28
2323	23
122	0
3247	27
384	2
11358	30
8183	43
3831	32
30	0
809	4
0	0
12	2
1659	12
1832	82
210	5
115	5
2179	17
178	1028
0	1026
2624	9
19	0
6	0
69	2
1147	7
3318	15
0	0
132	2
907	184
713	5
1068	5
419	4
649	3
1340	6
176	40
3531	14
461	3326
799	3327
258	2708
518	2715
76	0
10448	59
4230	26
2444	1388
1093	11
258	2
21	208
3969	24
5956	28
2708	15
1871	1291
1619	7147
63	0
307	57
77	1
2018	23
1135	16
2156	7
3211	31
14472	57
860	14
0	253
25	253
19994	139
0	0
502	2
0	0
0	0
13	0
2855	33
3172	17
112	0
745	6
1338	7
74	0
425	7
1482	3794
246	3788
300	1
2176	10
1418	6
148	0
6	419
11	419
2547	12
181	2
1350	11
501	2
78	596
11	596
1499	8
87	0
6273	41
2255	12
2812	19
494	5
871	4
745	6
0	0
343	1
707	1
0	0
1390	11
1148	3
200	3
888	5
261	0
2273	15
23	0
1701	8
3693	34
2633	17
826	28
428	0
73	0
2	0
921	3
989	9
557	2939
45	2908
1880	8
31	0
399	3
516	369
476	356
189	359
14	223
0	0
8	0
288	332
69	330
119	0
30	0
16	0
395	1221
2512	17
2	0
984	8
1096	6
191	0
357	2
1190	12
46	41
44	0
2419	17
10690	57
4471	22
3280	13
1258	3
2925	15
653	1
544	445
229	443
407	1
11844	52
18	0
4	25
4665	32
1505	12
49408	111
489	97
8586	50
1910	11
299	2
0	0
2	0
0	0
5435	33
43	801
8	1056
17	1057
1086	5
0	0
2472	24
0	0
3445	25
76	0
12084	56
3784	23
290	9
3966	33
669	107
8299	49
979	1
4055	13
1065	7
103	1
6	0
15	4
330	18146
341	0
10	11
1461	8
1089	11
3087	20
20	0
3761	21
2127	11
2235	9
317	2993
96	2
2774	62
728	13
5	6
0	0
3	0
0	0
23	0
227	196
0	81
967	14
1358	19
2147	88
399	4
2726	21
35	0
99	2413
53	2412
1193	7
21	39
11	39
1776	18
3530	26
409	4
45	0
17	0
517	22
85	1
44	1
0	4715
0	4769
39	1733
7765	43
1394	4
1416	1494
6973	58
222	4
1120	8
6554	26
1178	9
83	1
4908	26
81	1
447	4
37	4007
82	4008
162	285
253	283
2179	12
514	4
537	5
95	0
769	4
1	26
24	26
959	235
1176	8
28	1
694	6
1205	7
65	2
330	1
55	2
65	0
1395	18
11509	51
1786	6
1102	14
0	2
57	0
30	0
35	22
44	3
1073	7
1259	0
0	0
9895	41172
132	6
149	2659
1	2303
2757	17848
29	650
1754	978
291	6
111	0
8	13808
0	13802
1778	1882
2694	16
0	0
56	201
67	201
1414	5721
21	1
28	0
80	0
1068	303
79	0
33	239
749	5
1314	94
1	0
17	5
275	4
408	96
0	0
26	1
831	4710
4042	4749
93	2426
148	2425
62	0
1379	327
225	32
584	5
1071	5
3619	31
352	4
16	3
2004	172
4806	34
0	0
473	2
4	101
1	0
0	0
0	0
936	3
111	485
884	192
47	2652
192	20
891	4
5	7
9378	63
279	4
4	0
302	878
722	895
7	0
2425	16
1254	51
6934	19
2913	16
3	0
5	0
4038	24
2681	3617
869	4
2208	15
897	5
1	0
32	2370
30	2370
71	1
444	2
2	0
9034	47
294	2
3765	13
725	8
466	0
2660	14
1821	6
1120	3
477	3
1051	5
1855	6
50	0
1705	10
90	2
2496	18
1812	474
0	0
0	0
94916	398
154	0
573	6
0	284
1	284
18438	105
1248	12
15	88
212	1
1473	16
2889	15
1247	4
706	8
67	0
174	1
2342	4889
1009	4886
514084	1269
3687	23
13968	48
22	0
808	3
2047	12
5792	23
2279	14
1731	6
3054	5
342	874
32	873
1769	9
1434	17
1243	13
634	3
2729	16
568	5
1	30
0	30
924	5
200	1
1431	18
3119	21
915	2
1341	5
5630	30
74	11
979	4
1381	7
301	2
25	2685
16	2685
7	0
934	6
1300	8
3	0
1	166
5	166
0	0
108	0
435	2
4	0
2338	11
339	3
1091	2
3895	22
1038	2
6979	965
396	2
246	5
87	57
2143	12
845	11
356	5
455	15
55	0
493	3
0	0
0	0
1	0
1357	10
3637	12
1333	6
3611	30
5566	23
3576	28
2808	4258
4425	21
230	2
4	0
1426	8
1100	32
49	1198
31	1197
105	1
2452	44
587	6
34	1178
0	1178
3468	36
3219	2217
837	54
207	0
1843	14
8968	61
0	0
1378	4
2347	31
461	5
14	239
37	0
0	0
5402	37
164	1156
5935	26
140	1
125	0
167	36
3	0
259	83
15463	70
0	0
269	124
1732	12
276	0
332	15
1097	5
366	448
736	7
318	40
15	0
108	3
646	168
46	10
44	0
247	7
31	0
3	0
9	0
33	74
1	0
1	0
0	0
648	4
0	1131
410	1297
10	1220
374	0
1	0
67	3
3	1
59	0
8	0
760	6
5854	20
15	0
15	42
87	284
0	0
299	3
3132	2819
1013	231
14	0
0	0
2	0
284	37
3	0
6587	40
4	0
592	1
0	0
7	0
1097	8
31	6
1276	2174
10	0
1564	256
315	2
3	0
3361	11
2999	18
0	0
32	1
262	0
5610	31
2	0
119	137
836	5
127	3
0	0
146	5
3	0
5	0
2838	48
1	0
48	12
770	1504
339	3
0	0
2	0
66	0
713	783
454	150
6	0
1310	6
3832	19
15	0
6	407
248	409
1082	8
513	51
106	1
18	16
539	3
17	0
6	0
0	0
232	1
0	0
277	18
393	7
146	29
307	52
72	1
2800	13
54	0
116	371
55	370
376	0
224	1
13	0
2935	365
160	1
1554	7
980	3
2977	41
9646	63
16	0
19	0
2796	62
1610	910
5139	263
2158	19
274	2
453	737
10	0
15	30
129	3
563	2
117	0
569	1741
1349	12
0	0
81	0
20	0
1260	223
1	0
2	0
26	0
1	0
3591	34
529	1
11	7
65	0
4	0
144	41
349	0
3452	23
5169	147
1274	4
12898	51
7	0
1	2
7	0
3304	3296
1119	316
165	3
224	18
5	0
61	0
19	0
0	6
0	6
1164	26
1271	5
3671	19
9645	924
0	0
87	1
529	12
0	0
1366	8
956	6
4681	26
2300	14
142	42
1654	4
1754	4
3421	23
578	2
1311	8
819	5
1421	4
1451	4
4389	31
1370	10
1007	11
2446	23
4601	22
1093	67
1172	6
202	1
6135	34
3521	36
1461	32
2448	19
1272	5
41	0
188	1266
23	1266
1663	17
1401	19
10913	37
273	2
1893	11
1234	1757
4573	28
1073	896
104	892
1417	12
1861	15
13222	62
660	5
502	0
3359	22
103	917
55	1466
359	1466
20202	95
790	9
89	2668
88	2668
492	1
1383	2
897	11
2457	13
1291	10
4140	15
2275	23
2740	8
3850	10
1574	6
779	11
4148	15
417	6
2324	13
16096	65
6990	27
62	2
2330	12
3534	23
642	5
1682	39
867	5
1774	2158
184	2150
293	4
841	8
5178	24
520	1719
559	3
918	3
237	1
0	332
18	332
2249	2121
488	3
2487	20
606	5
1193	6
380	5
2960	17
2004	20
775	1
1570	13
1576	11
1058	6
1405	9
373	1
129	686
11	685
8454	28
922	7
2806	16
4463	23
1401	12
686	892
617	889
11273	72
97	0
493	0
2226	15
1941	13
194	1
73	1172
5	1171
3536	17
2022	16
176	2
293	2
5448	28
109	4381
0	4381
4449	55
0	3
801	6
24149	173
277	1627
56	1624
477	4035
6112	38
15	2424
0	2424
1819	2135
808	4
24	0
3551	28
51	0
267	2
1779	20
1935	18
42	0
6773	4560
520	5
1965	18
865	43
197	6
264	4
740	1
3938	25
95	559
362	580
3437	31
1090	7
3199	10
936	7
745	1
606	8
1349	12
419	3
571	4
228	315
30	314
3824	574
1395	15
977	8
2194	13
728	916
515	918
2259	64
2011	12
4307	15
1185	8
9523	36
80	0
594	4
309	7
342	7
1921	6
548	5667
380	5667
2820	10
2604	12
818	8
243	2
4521	24
1731	7
1092	402
205	394
608	10
0	10297
0	10297
440	5193
98	5192
2037	24
1003	19
153	288
2105	309
12812	68
6056	38
79	0
55	1
648	10
392	1
280	1
1079	10
425	2
22	271
43	271
1122	14
641	4
2211	14
576	4
972	11
1343	9
2509	17
3575	1343
251	4
387	2
784	11
1541	8
1341	5
2689	24
4620	38
2161	25
1060	2876
244	2036
1603	23
2310	13
1103	4
596	7
1539	81
236	9
2726	20
1325	640
1365	12
5	72
374	944
65	944
629	4
317	2
4740	39
999	8
618	7
1207	24
2160	22
2581	28
1573	9
982	12
436	10
2358	23
58	244
24	241
3906	12
332	1
1132	2
16313	71
2632	17
11598	64
7257	50
5777	44
474	2
384	6
462	5
3276	16
0	1392
10	1259
3	1317
4414	22
5805	31
7468	30
71	13
1825	259
26	0
513	2
12	10
0	8
0	10
3178	25
193	1
52	0
14	43
1	43
274	0
397	6
1567	5
932	7
50	0
5684	18
2661	9
900	3
353	1
74	1
1402	15
54	0
740	3
702	5
3	0
24	0
908	9
4984	42
1444	5
2113	10
2835	25
1339	10
11	0
0	0
0	0
0	0
848	85
648	4
1818	6
987	2
607	8
50	10
971	7
1319	10
157	3
156	2
1	1648
47	1648
2035	316
1206	7
167	0
594	71
208	0
0	3704
0	3704
256	2
0	0
172	1
65	0
1545	16
1842	13
27414	148
119	416
1	416
1067	8
2	0
9	2342
20	2343
15	0
152	3
1057	2504
76	192
145	353
24	0
13	0
1405	17
52	3891
53	3891
628	984
5988	29
3125	17
30	1
1192	5
2	3
1733	12
61	0
1084	3
3205	39
1725	18
5487	35
194	1
101	0
0	0
137	0
136	2
0	0
325	1
657	0
1217	51
83	0
4	2
48	0
47	0
4881	17
2554	10
821	11
5826	21
937	5
442	192
83	0
457	4
188	6
623	7
1296	9
1082	14
1911	15
533	9
274	3
5725	39
777	7
1912	14
7	0
1565	11
66	0
166	0
117	2723
46	2724
368	5
603	9
2855	13
412	1
222	3
33	0
733	10
3729	185
305	1
500	2
626	5
151	390
9	366
1306	12
171	2
141	0
499	4
8221	38
211	6
1	1513
185	1524
100	7
38	0
90	1
2044	11
3024	12
710	7
3004	32
174	8
209	3
53	0
1265	16
2059	10
3173	9
74	1287
1017	1289
140	291
8	194
856	3
2947	17
7	0
44	1991
83	1993
1070	5
2	283
0	280
6	274
0	286
0	277
3435	334
334	31
1883	30
273	4
1837	12
2	0
2	78
45	104
1550	5
1229	7
35	0
69	40
12	66
0	41
6116	39
807	7
2873	16
5885	29
8831	46
5	0
126	3
2471	540
2377	7
1323	12
4	16
7	19
0	19
1673	9
19	364
103	365
92	0
127	0
36	0
80	1
225	2
13	12
0	10
666	96
0	12
0	8
0	10
39	0
344	0
186	1
93	0
48	0
162	7841
160	1
666	2
775	2761
118	2019
28	0
9073	48
4417	12
985	4
106	2
70	0
805	6
8061	40
31	0
0	0
263	0
1739	11
3649	21
1604	17
146	2
1984	13
556	2
0	1421
2	1367
0	1388
86	0
64	3268
5	3169
692	452
11	450
4899	27
1	0
272	4
292	1
111	1419
52	1419
147	2
1350	3636
27	0
47	0
361	6
49	0
171	1
203	0
463	1759
2646	35
104	31
31	0
4607	27
518	5
193	0
5952	1502
19	0
453	7721
102	7721
2690	21
1325	757
1	168
18	397
848	9
364	3
183	0
2632	5994
3236	28
984	9
793	5
1036	7
2082	8
3275	14
724	2
1346	12
75	133
23	132
2690	25
441	0
1598	22
210	1
398	5
0	2107
0	2218
44	2115
52	2133
1	2136
292	2
939	6
1459	7
3	0
3618	20
772	4
4980	954
4575	32
167	1
753	9
469	2
1126	8
2181	15
2049	10
56	0
1673	9
3250	22
315	8
431	3
16231	66
0	736
4	719
0	723
14135	74
462	286
118	0
1908	31
27	0
191	2476
102	2352
147	5
1926	13
81	1
1634	9
165	1
3196	20
108	2235
98	1072
3090	23
6587	51
322	2
1573	19
512	11
3142	24
3010	16
219	0
4683	27
2027	83
11	0
0	513
5	18
2	513
235	1653
36	1652
235	709
2	709
3254	431
6	416
2117	11
122	0
1355	6
454	1
3477	12
82	0
2445	20
84	1603
55	1603
1077	7
909	97192
381	3
24	0
0	0
83	1
3100	24
34	923
440	924
10864	64
2543	21
225	0
4626	33
5	0
1748	17
7215	48
1757	8
1377	10
525	4
2222	15
5773	34
420	1
4	223
6423	24
451	1464
364	412
1	40
1	40
60	1
1609	17
142	2
1696	7
117	1
4773	22
596	1022
163	1021
1738	435
271	1
1162	38
1644	13
352	3
78	30
4314	40
36	33
3	33
2530	18
3270	29
1966	14
116	882
469	882
888	7
0	69
0	69
148	1
698	0
3772	36
4550	30
0	0
1002	10
209	4
15	2018
1970	16
823	5
2237	8
1356	50
968	29
8	98
2	98
344	72
287	0
66	1
126	1
517	988
7	988
3493	21
231	2
5	0
3141	27
707	0
1346	7
5	1660
30	1660
2476	17
3490	20
329	2
20	47
1	47
2	0
913	12
671	3
69	22
3326	17
399	3
3663	14754
74	0
24	1
1700	15
297	10
624	12
5774	27
0	12
0	12
7820	34
1767	13
696	291
1472	15
199	8
611	7
6984	340
4285	19
305	18
2953	21
7677	45
373	1253
462	1850
4801	35
130	3893
39	3893
209	1
2681	26
375	332
1234	337
2766	10
230	1
2489	21
624	115
933	1
563	4
2122	2459
9044	43
1635	4
1632	10
1492	4
1235	65
6	0
64	9
1678	5
5279	27
1275	10
572	2
69	1
205	1210
79	1209
2423	65
211	6
396	161
538	6
1012	3
346	1
253	2376
464	2374
345	227
45	1
3730	302
1707	11
1596	12
5894	21
270	38620
661	38639
381	5
111	0
216	123
45	61
5667	140
12	0
0	1544
8	1247
100	999
0	743
131	650
344	201
543	3
48	2
1130	405
733	1088
310	1
1335	4
738	6
0	362
0	365
17	40
574	4
355	2163
232	2166
176	13663
5	2712
4064	10976
210	11
2626	9638
4084	15
22	726
353	760
13004	58
102	550
28	549
359	1504
148	1504
82	290
129	290
287	3
23	3361
360	0
279	2
7	813
4	813
1	270
224	1
91	0
13155	130
19	0
1768	12
754	82
247	87
3048	20
30	0
430	1
16	227
3	227
95	56
815	1036
102	5313
0	5399
56	5374
977	6
114	0
0	1192131
0	1192502
5196	32
38	19418
36	12756
7292	22283
1	0
8	7
0	7
28	9996
2394	22
0	13806
0	13807
4445	58
696	42
245	4
125	1345
1891	10951
23	1477
12	1034
31	1423
4548	37
6628	30
972	5
74	1
86	0
1543	13
249	99
19	465
2071	19
14	0
1692	284
5874	21
3013	24
318	6
129	1
355	375
275	72
3	322
3	73
253	7
0	2
14	0
0	2
24	0
2231	10
72	20
38	14
91	15
0	112
949	1091948
0	1185346
0	1182165
1284	1179307
545	522
26	0
1427	84
0	1187587
0	13805
2	73
161	567
2259	9
53	852
47	1
258	6
258	0
404	166
5	3
9	2
8	1330
13	1330
135	2681
7	2680
905	6925
0	0
2	0
2	3330
2072	3333
1092	7
2330	16
3057	26
2380	10
34	76
321	2
70	1
2130	1887
1	15
0	16
0	16
0	16
123	2
1470	20
4292	13
20	0
65	0
44	0
14	255
5	255
354	838
67	836
999	8
4901	34
956	405
118	1
142	27
285	80
305	14
972	201
3	196
1045	142
49	132
8	2365
1063	7
37	0
2197	31
599	0
123	2
0	703
1737	9
1005	528
1561	8
41	74
0	74
3972	27
12	0
13	0
19	892
73	914
36	1
159	9
27	3361
275	13
2604	5230
1046	5226
490	354
350	6
39	1367
861	1401
709	1401
32	1
0	0
353	4
27	30
143	1079
44	1079
1057	15
817	7
1128	3832
383	3827
13	0
2	33
2819	18
3126	19
1088	9
670	5
17	407
5589	41166
40	0
1548	1528
2025	3
1	329
2	4
1685	3343
0	3338
321	855
104	712
169	775
266	2
1035	4
2	0
32	0
279	0
17	20
17	26
1	13
0	14
1313	9
1626	10
194	3
5661	11593
3594	11578
2183	24
106	0
483	1
437	2
278	0
1	8
0	3597
0	3597
66	3906
5640	3919
1135	5
1727	14
685	4
805	7
1	35
33997	100
43	256
16	227
232	70
1829	127
278	8
641	497
1303	12
0	0
413	6
1830	18
19	2
12	0
739	2281
328	1669
70	1168
2190	7622
4971	7630
4560	369
108	361
1960	17
1406	14
9	0
66	385
3702	26
95582	382
1929	18
6563	42
0	561
36	561
3	61
5	61
126	183
1486	12
516	1473
14033	1560
126	1748
14	3019
0	2451
0	1761
476	23
0	21
3	0
221	0
78	0
814	5877
1374	56
1124	27
3917	37
395	18
2	0
5	0
265	48
2644	18
4	1
8	27
9504	72
725	10
1632	6
0	0
2032	51
2124	39
1986	15
6116	33
209	7617
5	8
8	16
130	5
4	24
2	24
176	2827
185	2808
961	561
174	1125
14	1125
3485	3284
108	1224
17	15
2769	83249
9366	83254
0	2
0	2
2	0
2709	53
28	28
39	28
3059	18
1278	54
22	0
30	33
0	36
1	32
7524	36
2	6
2765	24
0	2
499	2
4765	24
861	3
4	0
1312	9
1170	21
311	1
43	5
784	4
1	32
0	32
998	8
1023	5
6	0
3	0
182	3
373	3
11	0
9544	38
230	8
447	4257
382	4904
3645	4874
4613	30
166	1
6915	180
1589	8
891	11
2	555
39	555
699	4597
2932	4871
2541	14
0	0
118	3050
13985	95
18	30
14	30
0	7
390	2
165	1238
151	8395
0	8235
501	8966
677	1
5	5
22	4
225	5982
0	5260
1056	19
36	369
49	301
100	0
0	1062
27	1044
1	31
253	3
704	3426
41	3423
20	3
0	2
0	4
0	23
0	23
0	23
0	21
3	3071
3214	63
340	3050
360	11827
7	11827
209	26
330	1
0	0
4457	37
88	0
5466	36
658	357
0	167
0	71
9	34
0	167
0	133
3	8
17	530
14	530
341	34
6	0
0	5
1235	6
911	2
108	0
1887	5
3882	14
1393	7
372	5
7	0
0	604
13	467
120	520
4797	35
196	6
354	2
5579	29
0	3621
10	3082
3571	26
77	0
11	0
858	202
161	0
746	2
10	0
40	647
5635	614
47	570
0	0
0	0
29	0
0	0
44	21
12	2
2	2
1438	441
29	0
1659	36
1	1
179	2194
0	4
0	2194
12	6
0	19
810	10
0	153
59	0
531	1
158	93
198	304
1	0
0	18
10	21
0	1
0	16844
9508	1123
43	6046
70	0
1610	11
109	27
38	0
26	78
218	79
6	0
1083	12
885	10
2	10
27	1538
212	0
240	1052
753	185
114	7615
27	2365
332	31
4	0
18	1373
1353	21
225	9
4	703
20	43
66	0
455	2
3505	15
217	89
1175	476
0	1373
10	0
88	81
1632	7
13	3015
56	2
941	9
7	0
1	0
53	9
134	10
92	0
971	6
127	0
41	38
341	1
0	273
0	276
270	70
158	62
2445	16
124	0
823	5207
84	5203
446	270
344	266
1665	2966
0	4842
2426	2911
41	52
87	53
1896	20
476	4318
1031	4326
16	6674
264	6681
1034	9
1747	5459
4354	5449
45	0
1227	81
89	74
846	2
1818	12
224	67
0	66
1262	5
2214	13
1166	3
1406	857
72	846
4821	33
38	3071
480	1597
33	250
6	250
12	2961
0	3531
23	1
231	1
269	822
155	821
2209	22
222	196
6	31
0	10
0	12
0	10
0	12
813	8
5	27
15	22
1	7
14	22
24	23
8	3014
4279	1025
3258	32
181	36
2056	5
2	3012
7356	35
4329	21
0	0
155955	118
790	14987
87	13391
54	0
98	2992
2	0
436	136
7	0
1	0
501	3
789	4
789	5
0	3908
63	3908
3	2691
5626	4125
513	3
380	0
1665	60
620	8
4321	27
0	1
15	326
319	422
18	731
191	0
8	0
0	16
4	0
1	0
510	1104
4	5
29	4
0	359
0	17
0	10
0	17
3013	18
4	75
44	6046
0	333
0	337
3	230
0	90
0	81
1390	265
11	4
0	8
0	6
0	8
1	44
534	7
2	334
5581	34
156	89
0	272
0	273
0	272
158	44
44	0
594	181
0	1
0	1
1	0
62	1
1820	9
901	5590
75	23
63	8
0	5
1390	9
34	20
16	0
350	80
62	48
75	862
11	0
120	32
0	22
2	7
28	165
11	0
3	0
4	22
0	0
4	0
0	0
0	0
0	0
11	3
95	1068
0	1021
8	0
0	0
0	1
0	1
0	2
0	2
33	0
271	2
0	144
43	105
0	133
0	136
0	136
0	147
0	107
0	136
0	124
1173	124
337	397
126	440
43	145
75	1
0	362
197	36
0	683
57	683
25	0
12	0
2	6
1	4
27	7
298	0
53	0
12	0
10	0
65	1
1	0
12	10
13	10
0	0
162	2
315	1
14	0
1	0
929	4
9	157
2	32
1190	9
2	0
114	49
23	29
299	172
567	47
5	0
772	2
573	570
111	0
6591	361
25288	85940
160	61419
969	4
942	51631
71	1
0	0
3	0
655	3
0	0
273	1
8	1
207	1
1	0
3289	18
2099	13
1368	6
1717	656
13	653
1	0
0	3488
0	3487
1134	155
116	1609
31	1610
680	1
1021	12
4	0
0	0
1947	8
382	1
2603	1285
195	56
10	0
3	0
0	6
5	6
912	30
13	88
45	88
355	0
81	1064
169	8861
29	8878
951	334
8	546
24	1
8	0
0	346
0	346
0	346
0	346
0	334
0	0
11	0
4	1
458	3
2	0
16	0
0	1
97	4
1	0
0	0
0	1
21	1
672	41
72	0
54	0
174	22
0	0
0	0
0	0
0	0
0	0
22	0
93	0
1	0
6468	18
3	9
0	8
4	2
2442	632
621	93
0	19
80	1
3	0
30	0
240	100
8	0
5	108
0	131
0	131
188	80
267	10
7	16
0	0
0	0
0	0
34	0
328	14
62	53
28	1818
0	98
12	0
751	0
9	0
523	5
353	4
3	0
2524	19
10991	46
1836	14
12040	79
0	0
4	0
400	0
134	0
49	0
109	178
5	177
1	0
10	0
41	0
13	0
489	4
161	1
0	0
1502	14
0	8
0	0
34	75692
0	284
0	34
109	10
16	167
3	167
3	164
221	3
3411	36
4612	145
2	0
550	155
6	0
350	1
530	19
199	0
94	3
0	0
0	0
166	32
205	185
22	0
246	106
0	0
1147	7
2170	6
2422	2105
543	2
0	0
1249	542
4	0
23	0
0	121
18	24
0	74
0	0
1123	61
18	186
0	2
0	58
6	0
62	5
11426	54
0	0
36	16
2116	22
684	5
10	1004
118	403
0	0
221	24
7	0
24	612
2	612
3	0
3465	13
7	0
11078	46
15	0
517	4
707	64
483	1719
10563	53
2478	17
0	5277
209	58
1603	2
21	0
83	0
0	519
27	29
97	818
19	818
220	519
5	0
861	7
0	0
2	4
76	1
27	0
39	1
25661	99
8558	27
144	4
11	0
90	719
117	715
1358	741
29	275
82	1
13	376
17	13
26	0
3816	33
0	0
3375	20
26	0
7	0
73	44
0	2
668	3
927	3
70	2
0	2
0	0
2450	15
0	204
0	55
225	3
0	204
19	95
0	1973
125	113
61	2029
45	1123
556	310
18	68
398	0
6	2074
8236	93
93	112
20	0
0	115
7	68
113	7
1322	12
94	1
515	1132
526	1134
9609	100
0	176
0	1060
0	1060
4	431
0	1060
26	0
41	2
3110	17
13	0
0	24
67	0
2115	18
149	0
5	1
28	0
147	21
0	1
58	0
0	665
41	0
272	1
2	1
1	0
0	1
1334	8186
2780	9503
7	0
160	3
2102	7
20	0
812	6
3	0
30	0
26	1
9	182
6131	100
85	941
49	0
15	0
0	0
51	4
0	0
239	2
973	99
21	78
6	0
70	0
754	697
85	0
9	0
6	0
8	21
350	3
333	3
378	920
61	8
167	4
51	1259
5	0
0	2
0	2
0	2
2	1
0	0
7	109
9	3
100	1
0	9
124	0
89	2139
22	2139
1648	13
93	88
33	0
2	5
29	8
22	3
0	6
624	136
0	11
0	11
348	4
814	206
793	211
47	1
5	26
8	26
35	1
0	353
156	1
0	0
244	20
5	4
12	0
7312	22
1	14
2	0
2	1
7	0
10	0
0	0
4155	17
163	0
964	6
3	0
978	474
14	3
86	226
0	262
37	86
22	19
0	882
0	2208
280	3
5	1
2	0
22	2
21	0
1168	14
443	4
1082	339
403	3660
0	179
0	179
0	179
63	125
13	2
1694	8
12	1
2141	15
0	0
0	0
0	0
0	0
0	0
0	27
0	27
0	0
9	2
2302	22
1	0
4	0
2	0
0	0
36	2
4	0
10	0
15	0
1	270
83	873
2360	153
5	0
39	5
7	5
0	0
10	0
31	0
3	1
987	77
12	0
7	0
0	207
172	456
18	458
283	610
521	124
7223	23
306	54
17	1
906	4
7	0
0	0
167	1
0	1
1	1
51	75
1	357
3	357
12037	62
20	0
0	6
0	2
1	2
28354	149
0	1
0	1
23	1214
25	35
0	6
19	16
1	3
10	0
1835	333
54	0
127	38
248	8
2	0
109	9
50	4
90	223
115	0
0	0
1	0
66	93
1146	2
20	0
3	0
5	0
26	9
23	0
0	36
32	2
30	2
12	0
0	2
0	2
0	2
0	2
3	0
12	0
76	0
574	489
15	0
12	0
4025	34
18	0
0	2
122	14
213	0
89	55
6372	24
142	51
6	0
57	81
104	81
1098	11
12	0
240	0
9	1
6794	26
121	709
88	99
2	0
9	0
1	15903
1315	11191
120	7
42	0
4	0
0	12
4	0
2093	6068
0	0
0	4
0	3
0	4
0	3
0	11
0	11
53	1
0	0
2	0
0	0
325	2
56	0
3	0
259	17
91	3
82969	8
5	2889
19	2948
2	3022
2	2973
0	2
2	2
1	0
136	167
56	174
124	174
0	0
0	0
31	0
2	0
31	800
21	774
84	800
15	0
14	4
0	2
11	2
3	7
98	143
7	1
5704	43
0	0
58	0
0	0
25	1
0	20
0	34
875	5
47671	49
1329	144
62	25
0	82
0	114
4	28
0	0
36	0
0	0
0	0
423	134
941	6
273	2
1	0
171	327
10	58
41	747
81	1382
9	0
1	269
3	269
80	812
14	0
1	84
12	0
258	0
32	4
142	19
21	0
283	47
775	1956
88	0
1	55
11	55
0	0
1	87
0	86
0	83
0	0
0	6422
407	4
44	0
4542	13
2597	17
5	0
2625	12
2	0
0	0
232	0
30	0
14	1
3	0
1486	17
473	225
9	14
4	0
9	0
842	6
1	0
26	1
2705	442
276	1458
0	0
12	0
0	0
0	0
0	0
24	0
0	4
0	4
9	0
2	0
0	0
37	0
0	2
0	2
1	0
1165	6
3294	3039
0	0
3	0
7	0
2	0
99	1
2760	3037
152	9
0	345
35	284
76	99
0	88
0	22
14	0
347	9400
2606	0
7	1321
17	0
3353	6
211	1
143	45
3	0
1510	3
30	865
0	865
990	333
3157	338
301	52
30	50
714	1153
127	44
25	14
0	0
3405	14
0	1
0	1
1	0
109	0
8	0
56	7
42	20
7	50
2	117
1	51
3	90
5	0
23	0
1	0
4	0
3	0
28	1
162	1
7	0
248	11
6	0
0	0
0	0
0	0
8	0
620	6592
0	0
3	0
185	2
89	0
3	1006
77	1006
525	12
2	0
762	1
188	214
32	0
78	124
5	124
39	37
18	0
0	0
5	0
24	0
15	0
2093	43
114	47
1747	79
559	56
327	110
4	0
844	5
508	0
16	0
64	2
61	0
0	0
1	0
3359	22
262	1
28	0
675	1
449	21
1295	8200
54	11
173	3
663	3
14	3533
0	3533
19	0
263	3
0	74
28	0
5	61
124	61
21	167
64	38
9	161
61	58
192	359
526	1
0	0
0	0
1067	8
204	1
43	1
15	0
3521	17
571	1
1414	6
779	183
3	180
237	11
1806	14
82	0
99	18
0	481
3	481
14	0
1757	312
8469	101
1067	13075
123	180
42	1
350	1
131	1253
3165	17
8	0
0	2
592	4
21	1734
619	2155
2179	11
113	612
432	16
0	722
2714	11
2305	17
149	5597
0	5562
39	0
89	4224
265	4225
595	7
405	0
173	4257
2030	16
16	0
77	0
758	8
1	0
0	32
2222	11
345	210
999	5
173	1935
85	1934
6300	30
1	0
128	1747
4	0
961	4
34	0
277	1
15	1397
248	1398
81	0
400	3
233	17
12	0
314	4
73	1077
30	1075
44	0
1500	12
39	0
184	0
2	2515
8	2085
0	2555
6	2367
6	2511
821	2428
8	2540
7	2487
5	2505
150	0
3125	10
2903	23
0	8
4410	23
2895	20
0	5
1437	4
926	7
4478	21
661	2
49	47
1774	15
378	907
137	1544
676	27
89	5
133	1
936	7
0	35
2270	6
1978	678
6	670
1414	10
4186	17
78	0
888	6
88	4727
20	4727
4167	20
5155	24
1599	8
2414	14
0	40
165	2
1978	9635
0	35
27936	103
5190	23
888	139
717	2
229	1
791	6
2212	10
537	2
233	7
2331	1682
3837	23
6611	454
2302	20
0	1
10	0
9585	58
43	695
62	695
0	0
113	1
152	3
1360	2
3320	27
10	0
2	0
2	0
321	284
1912	29
4527	27
140	1
170	0
0	42
0	42
3404	16
17	0
1424	9
14	0
28	160
0	160
0	2305
8	1968
50	2167
1819	6
844	8
24	3
821	6
360	485
80	312
0	312
21	0
39	1235
14	1234
1913	12
328	4
2	1
655	2
100	9
28	0
123	0
18	0
264	0
1371	11
7040	23
140	3
6682	34
292	41
5294	29
38	1
1632	22
21	0
922	2
184	0
1813	822
157	0
622	3
410	3
325	2
1886	8
29	0
586	27
6014	34
7226	37
3	0
797	6
191	1
200	2
0	0
980	6
4069	26
33	0
4412	18
24	0
0	3
2402	11
3309	23
574	6
4995	20
86	2
7	0
787	4
6182	79
1308	552
111	4617
1216	4625
8	0
146	0
1736	13
0	0
31331	149
1714	10
3441	21
1451	8
295	3
4109	48
244	1
1	134
0	134
788	4
2	4
2197	382
358	2
158	0
323	5
0	3
214	4
4582	22
2580	13
3942	88
3247	29
22	2105
27	2105
44	0
2553	25
1553	11
0	2
17	8
1614	11
105	3
12	68
9	0
7	0
75	1215
20	1215
89	2774
30	2782
19	2682
0	83
7	83
7	1
13	1
874	4
1	321
0	321
363	11
378	24
11326	68
0	2
2277	17
80	1
35	170
0	0
130	0
104	29
721	190
150	0
62	0
5	238
383	1
182	2
0	2
800	73
2606	18
193	21
1195	38
287	5
1	207
3	207
3287	17
3239	22
110	2
9	0
82	23
12	3
20	11
166	1
665	3
800	9
157	173
1110	1909
85	43
66	44
0	0
1187	6
1033	42
51	0
3	0
808	1011
0	1009
8	0
9	2
19	0
1	264
9	407
2	4
0	5
0	5
1152	7451
2439	7448
6	0
102	66
21	0
3613	19
2	0
4	5
12	0
6	2
495	405
810	3
371	64
501	4
4715	13
0	3
41	0
1	0
10	1
0	3
0	3
0	1
0	1
0	1
0	1
0	0
0	1
340	3
0	133
15	4
136	646
249	181
70	28
273	5
8	8
6082	353
17721	78
291	1
2	1240
0	1240
32	6
25359	10
0	753
2	2802
19	0
98	1
4673	34
12	100
0	88
197	0
2	27
24	22
2	2
7	0
98	0
14	2
9	284
19	109
13	651
0	888
14	638
134	4
1	187
7	111
6	21
443	7
95293	446
163	0
499	0
0	0
15	535
117	1583
103	19
12	0
239	710
2	0
3	3
268	7
84	1
22	1
341	161
23	4
557	3
22	0
10174	51
40	4
2418	29
1	12
6	12
0	0
0	20
0	20
400	1033
2533	17
7	1
34	0
8277	34
3849	9988
2033	13
577	89
0	0
97	1
534	21
316	4
3348	22
5092	44
1199	14
53	1
1996	8
1	3879
0	3753
4	3865
3	3784
3074	21
272	0
423	5
71	1
1184	387
4013	26
5043	303
2559	18
89	0
162	59
0	1134
0	969
1	2091
32	2091
2	0
82	0
1	70
7	0
1455	2
0	1
0	1
612	4
0	0
194	13
81	33
8063	48
181	1561
1106	1564
0	3574
0	488
0	3562
231	2893
7300	53
2135	1788
1579	20
1230	17
282	0
1465	16
10566	52
10	0
4943	10
1	0
412	29
7738	89
7	7077
44	7077
9144	53
2429	13
29	2
64	0
1115	5
10959	3056
128	0
134	2
175	2
4	3
31	0
8	0
464	12
1157	12
8	567
598	248
0	480
1209	10
547	8
484	5
109	2706
17662	113
67	3
3228	12
974	8
299	30
43	30
11	640
0	640
1	329
127	2
21	0
2013	987
8	0
2280	81
1415	17
492	1
756	5
1824	11
0	0
1657	5
2569	31
1723	12
19	0
19	0
2028	5
0	0
0	1062
163	3
505	1037
592	1017
2419	14
1225	5
451	1
163	0
711	15
1626	18
2060	68
2063	62
0	1
0	0
369	6475
150	487
1020	8
1519	43
533	2
183	1
0	175
360	328
93	294
1	0
918	3
3425	19
6	0
2198	11
716	11
2556	13
477	4
958	2
1327	5
3010	1868
711	2
447	8808
0	8748
14	0
1916	10
32	1
1224	9
2	15
1582	10
528	180
4855	31
203	4
10859	60
4681	19
829	2
5900	41
3033	28
160	2
597	1
12724	57
76	1929
57	1929
2578	10
258	7
6	0
455	2
711	13
30881	175
4347	33
5149	67
763	5
36	0
4212	34
2552	15
99	1318
100	1319
33	98
30	105
2807	16
1236	22
1025	10
6460	23
893	1
3450	19
2977	14
127	1681
171	1429
118	0
941	17
57	27
62	0
601	6
729	3
3772	18
2825	20
18	0
91	9
1213	5613
148	5605
524	136
114	4
1948	19
753	4
6	671
1502	115
573	114
1685	1632
2340	22
1758	16
6	52
107	53
3677	50
2892	43
1088	4
203	0
5278	32
925	4
392	2
807	7
67	0
16	65
648	2
1110	9
79	0
1	4200
205	4202
55	0
9883	30
8084	36
2742	149
104	0
1284	6
0	0
16616	73
1345	9
757	179
720	5
2284	14
5063	32
672	152
206	150
1430	10
2985	614
877	10
282	0
48784	281
82	764
3	764
2001	11
6767	1013
1890	5
1	2
168	2
184	3
66	2453
10	2453
1450	41
4132	1010
2	1
148	1436
93	1436
474	4
1238	4
3608	25
1548	12
0	5
172	1
33	2
8	9
763	462
438	2997
6	2997
354	5
27	190
6	192
3720	20
29	0
16	18
836	6
1128	5
39	0
103	0
2162	14
71	2
450	10
7212	1655
1200	6
386	4
46	0
1374	9
204	3
29	0
232	4
269	300
1826	11
8	0
1082	7
442	3
1389	4
463	2308
152	2308
0	7320
253	7325
207	40
0	606
7516	43
6919	28
12	0
1998	25
2259	16
22	2
1518	29
3335	7
409	1
12	0
43	2
3827	16
897	4
596	1
4	0
922	378
19	1
4259	23
3448	445
293	2
28	2
4339	14
1238	427
0	259
0	259
0	244
1931	5298
2812	20
96	2
2064	7
459	604
730	528
2074	9
1185	8
3666	23
20	0
3080	19
3	0
293	2
3114	56
1349	5
31	2
388	19
1485	7
1125	7
38	0
2579	16
1540	2522
2015	23
685	14087
101	14082
2186	703
259	1
2170	13
4	1
6984	35
38	3
3	0
3117	210
3648	253
548	31
15006	63
120	39
47	1
19	1
551	568
11	552
440	203
42	200
1	466
119	466
274	0
93	3
2446	20
278	73
10	0
169	2
4866	31
0	0
388	6
1215	4769
1	0
50	16
2	0
2593	23
1001	2935
1364	464
3	0
182	33
13	0
299	0
534	28
280	562
3	518
166	8
784	3
13	1
27	0
77	16
1021	9
973	13
2	0
233	1
235	141
339	868
600	1
431	3789
21	3787
133	3976
133	3976
2580	12
13	14
3	0
74	8
120	0
14	0
44	1093
201	1093
2534	14
1206	54
40	0
32	1
6527	36
3146	18
177	0
0	0
20	28
251	6
596	24
30	0
100	0
131	0
115	0
296	1
423	1916
2175	11
83	1733
41	1731
673	8
15	0
650	1321
8114	1533
197	0
2269	10
283	0
1189	13
711	258
1393	11
231	1306
22	1301
0	23
0	23
3	0
68	0
258	8
13	0
1884	17
4	0
25	0
7	18
254	37
101	1
7	0
2928	38
179	1
35	1
7543	35
145	20
19	246
4	242
5391	34
287	0
379	1
8	0
82	0
6	0
52	0
1747	398
2742	20
1816	11
3210	62
29	0
1438	2303
1237	12
2886	25
30	0
51	0
4000	17
54	3
8	1
2309	18
16	671
416	3
5	28
333	192
10	0
778	4
3378	17
2222	10
26	0
3050	12
6	0
19	0
1362	9
28	0
958	3
63	0
16794	101
103	0
62	3
3603	27
4655	31
410	1
670	70
3813	28
759	2
717	2
2460	9
329	0
404	145
31	0
1153	10
17	0
947	6209
54	6189
975	4
1083	3
756	6
1641	6
413	1
2215	9807
320	8881
532	0
7	0
1659	11
18	0
75	0
8	0
12	0
273	1
88	0
1438	8
13	12
158	4
1862	110
38	0
1281	1129
1130	3188
364	7
189	2
138	0
259	2
4	0
63	1
36	13
1035	6
39	0
94	0
355	10
1003	5
10	0
1	0
2862	11
50	4
1396	5
2102	8
1419	17
1828	9
11	0
10	0
305	6
1277	9
14	1
461	205
796	4
107	2
1144	6
25	0
168	0
1054	4
995	4
435	56
3389	31
3381	442
85	0
9	0
41	0
2226	12
2	0
1703	9
1220	7
335	5
193	959
32	0
373	0
396	1
38	4
7	242
52	243
155	3237
29	3237
1227	7
185	1
197	3
0	0
9	127
2	127
5	0
3	94
0	94
1134	6
324	10
62	649
3	649
147	256
6	120
417	2
443	6
3	0
16743	94
3	0
710	15
1394	86118
3552	86115
339	1094
37	1094
24	11
5456	31
4	0
3	29
0	29
0	890
1	863
2	855
254	769
1256	951
93	2
59	0
14	5
4	0
52	1
897	2
74	1
20722	93
1251	8
0	2771
0	2816
0	2816
3	0
40	0
82	6
4	1
2007	8
46	2
24	0
503	2
122	22
905	3
1	471
0	471
41	1
867	4
947	4
1722	6
4367	33
2841	17
5731	34
3022	26
43	1
3255	18
56	0
482	27
49	1
0	15
0	15
2233	11
323	6
31	70
2	0
531	332
32	4
2620	11
0	13
0	9
0	10
500	7
53	2
0	18
2	18
30	0
2	0
767	4
759	115
2817	18
7	0
35	5
4106	31
1364	11
7630	58
0	408
800	8
3233	17
1020	8
502	14
1203	13
4792	21
365	6
3743	15
274	114
63	2
1326	5
2246	101
4	49
0	49
18	182
4378	411
782	8
1619	25
1073	3
4	0
2	32
1	32
83	1381
9	1382
585	4
4807	36
630	7
402	46
3093	12
4466	24
1212	10
1370	11
3515	152
1065	14
66	46
222	1
105	1
54	0
288	17600
557	17601
0	100
0	101
0	101
14	0
2	0
1	2826
22	2826
6737	599
56	559
1588	199
62	0
1850	7
312	4
0	0
512	20
3	715
43	9
369	3
173	439
392	740
0	0
0	0
1084	1887
39	6
4410	23
241	3
117	0
1307	6
463	3
32	0
13	0
145	1
40	0
524	9
1975	14
11	1
2591	10
3161	19
139	2
155	3745
20	3744
453	1
33	0
79	0
771	14
221	0
233	3
1397	10
465	12261
1976	12264
54	5312
16	0
433	1
80	13
571	6
47	0
34	0
5	1
566	2
35	0
466	3
232	709
527	20
142	0
948	5
1576	8
413	104
616	20
4	42
779	179
2268	19
1769	13
12	191
21	191
468	190
46	0
81	0
281	5
1219	14
797	4
11237	56
829	2712
8	0
38	1670
65	1669
2730	15
375	2
2713	12
80	0
64	1
1382	7
7	1003
278	1622
3689	71
510	4
2047	6
36	0
496	2
48	8
1250	5
32	0
295	2
79	6
916	5
6	0
18	0
2995	12
4	0
0	775
0	775
0	775
10	669
83	0
27	0
2270	14
4383	15
14066	68
6509	45
15	10
1	10
1480	2
314	53
0	0
3429	17
17	0
1838	18
499	135
17	0
17	0
837	7
15	0
669	223
0	181
906	13
905	12
0	4
1	4
1308	157
55	17
2415	12
0	0
34	0
1504	4
89	1665
2	1665
2685	22
11	0
10	1
2963	15
7412	41
290	0
5	1
223	1
1859	9
92	1
1518	10
2989	27
6755	33
147	262
19	2
55	0
63	0
11924	47
1	0
65	2
0	1584
93	9379
193	9378
0	1590
267	1483
31	0
7465	35
915	2
9	0
1395	3
552	2
19	0
77	8
1687	5948
12	176
2	176
832	2
631	2
612	2
49	3
488	2
911	4
1670	10
0	0
930	10
850	9
2637	23
3308	13
2	0
1409	11
3285	21
2072	12
39	0
1578	14
2244	8
5	0
1297	11
3	0
522	16
0	3
1991	11
959	67
0	5
0	5
0	13
1	13
2	13
6	13
47	1
9	0
929	197
50	0
212	1433
366	1
275	7
41	2
109	1
6797	36
1	59
1	59
1105	4
2894	21
2592	14
171	301
3	301
35	1248
13	1247
213	6695
144	6721
152	4
3775	23
29	0
28	0
24	0
114	0
631	1
1003	3
360	6
1730	4749
13126	74
227	2
46	1
521	1
33	97175
96	0
0	7
0	7
173	0
961	1050
119	1038
72	24
0	1512
0	1512
3067	187
63	754
210	834
7072	44
2312	2488
1768	2472
0	0
0	0
0	0
0	0
1	2
94	139
6	0
186272	469
0	30
0	30
282	332
194	1
1461	15
5	0
43	2
581	2
37	3
0	0
440	5
2	0
2	0
840	6
0	0
140	0
16	0
4	6
24	0
22	5
0	0
0	0
7	0
508	9
0	1067
393	307
1	0
53	1196
33	1196
7419	28
956	10
957	51
0	48
550	2
220	792
54	792
3954	8
1	171
11	20
6	2
0	0
3	5
70	1
1781	1434
1761	1405
1287	303
4	2
2	2
756	6
3	0
6	1
89	0
1724	9
0	0
5	0
0	0
0	42
0	27
0	0
4	39
12	0
458	44
0	0
14	25
0	26
0	28
0	25
3	30
5	26
13	32
19	4
17	2
90	0
19	0
21	0
0	0
0	0
1	0
2674	1300
143	52
330	3
34	9899
149	0
88	3
745	3
155	0
2111	1202
3	11
8	11
2	5
73	0
3	21
2	0
108	3
29	1
103	29
12	0
753	8
7	23
23	47
15	1
1710	16
0	0
64	0
4	6
0	6
76	45
9	41
1	2
7	0
0	0
81	0
989	1730
2225	25
0	3
3	1
9	33
457	0
6	4
94	0
2525	16
6	2
782	3385
1415	5
509	512
0	6
276	506
109	1
471	32
560	20
313	46
380	1
335	111
2729	19
17	73
2843	28
693	11
0	18146
249	30
1573	8
1289	4
235	0
2	29
29	1
0	3
2	3
580	3673
869	308
33	302
20	1
0	1
0	1
16	57
0	33
0	33
5	0
1195	1518
10	8
8	3
7	3
2	0
2178	745
4831	4022
3008	2442
93	5
82	6
910	260
435	22
10	0
0	0
3332	1546
715	3
393	2
2722	2231
852	5
782	4
1683	2315
810	18
1197	15
0	0
318	6
1500	15
137	2
16	130
55	42
0	0
16673	67
4293	351
3989	352
2364	28
8768	42
22463	84
3644	17
5828	674
886	1082
12329	648
2109	146
11030	108
1	0
