study	sample	run	layout	stage	sex	tissue	condition	treatment	time	replicate	batch	source
PRJNA602528	pzq_0h	SRR10947824	PAIRED	adult	mixed_paired	whole_worm_pair	time_0h	pzq_400mgkg	0	1	not_declared	ENA
PRJNA602528	pzq_0p25h	SRR10947823	PAIRED	adult	mixed_paired	whole_worm_pair	time_0p25h	pzq_400mgkg	0.25	1	not_declared	ENA
PRJNA602528	pzq_12h	SRR10947818	PAIRED	adult	mixed_paired	whole_worm_pair	time_12h	pzq_400mgkg	12	1	not_declared	ENA
PRJNA602528	pzq_1h	SRR10947822	PAIRED	adult	mixed_paired	whole_worm_pair	time_1h	pzq_400mgkg	1	1	not_declared	ENA
PRJNA602528	pzq_24h	SRR10947817	PAIRED	adult	mixed_paired	whole_worm_pair	time_24h	pzq_400mgkg	24	1	not_declared	ENA
PRJNA602528	pzq_3h	SRR10947821	PAIRED	adult	mixed_paired	whole_worm_pair	time_3h	pzq_400mgkg	3	1	not_declared	ENA
PRJNA602528	pzq_48h	SRR10947816	PAIRED	adult	mixed_paired	whole_worm_pair	time_48h	pzq_400mgkg	48	1	not_declared	ENA
PRJNA602528	pzq_6h	SRR10947820	PAIRED	adult	mixed_paired	whole_worm_pair	time_6h	pzq_400mgkg	6	1	not_declared	ENA
PRJNA602528	pzq_96h	SRR10947815	PAIRED	adult	mixed_paired	whole_worm_pair	time_96h	pzq_400mgkg	96	1	not_declared	ENA
PRJNA602528	pzq_9h	SRR10947819	PAIRED	adult	mixed_paired	whole_worm_pair	time_9h	pzq_400mgkg	9	1	not_declared	ENA
PRJNA597909	adult_control_r1	SRR10776771	PAIRED	adult	mixed_paired	whole_worm_pair	adult_control	control	14	1	not_declared	ENA
PRJNA597909	adult_control_r2	SRR10776770	PAIRED	adult	mixed_paired	whole_worm_pair	adult_control	control	14	2	not_declared	ENA
PRJNA597909	adult_control_r3	SRR10776769	PAIRED	adult	mixed_paired	whole_worm_pair	adult_control	control	14	3	not_declared	ENA
PRJNA597909	adult_control_r4	SRR10776768	PAIRED	adult	mixed_paired	whole_worm_pair	adult_control	control	14	4	not_declared	ENA
PRJNA597909	adult_control_r5	SRR10776767	PAIRED	adult	mixed_paired	whole_worm_pair	adult_control	control	14	5	not_declared	ENA
PRJNA597909	adult_pzq_r1	SRR10776766	PAIRED	adult	mixed_paired	whole_worm_pair	adult_pzq	pzq_100mgkg_14h	14	1	not_declared	ENA
PRJNA597909	adult_pzq_r2	SRR10776765	PAIRED	adult	mixed_paired	whole_worm_pair	adult_pzq	pzq_100mgkg_14h	14	2	not_declared	ENA
PRJNA597909	adult_pzq_r3	SRR10776764	PAIRED	adult	mixed_paired	whole_worm_pair	adult_pzq	pzq_100mgkg_14h	14	3	not_declared	ENA
PRJNA597909	adult_pzq_r4	SRR10776763	PAIRED	adult	mixed_paired	whole_worm_pair	adult_pzq	pzq_100mgkg_14h	14	4	not_declared	ENA
PRJNA597909	adult_pzq_r5	SRR10776762	PAIRED	adult	mixed_paired	whole_worm_pair	adult_pzq	pzq_100mgkg_14h	14	5	not_declared	ENA
PRJNA597909	juvenile_control_r1	SRR10776773	PAIRED	juvenile	mixed_paired	whole_worm_pair	juvenile_control	control	14	1	not_declared	ENA
PRJNA597909	juvenile_control_r2	SRR10776772	PAIRED	juvenile	mixed_paired	whole_worm_pair	juvenile_control	control	14	2	not_declared	ENA
PRJNA597909	juvenile_control_r3	SRR10776761	PAIRED	juvenile	mixed_paired	whole_worm_pair	juvenile_control	control	14	3	not_declared	ENA
PRJNA597909	juvenile_control_r4	SRR10776760	PAIRED	juvenile	mixed_paired	whole_worm_pair	juvenile_control	control	14	4	not_declared	ENA
PRJNA597909	juvenile_control_r5	SRR10776759	PAIRED	juvenile	mixed_paired	whole_worm_pair	juvenile_control	control	14	5	not_declared	ENA
PRJNA597909	juvenile_pzq_r1	SRR10776758	PAIRED	juvenile	mixed_paired	whole_worm_pair	juvenile_pzq	pzq_100mgkg_14h	14	1	not_declared	ENA
PRJNA597909	juvenile_pzq_r2	SRR10776757	PAIRED	juvenile	mixed_paired	whole_worm_pair	juvenile_pzq	pzq_100mgkg_14h	14	2	not_declared	ENA
PRJNA597909	juvenile_pzq_r3	SRR10776756	PAIRED	juvenile	mixed_paired	whole_worm_pair	juvenile_pzq	pzq_100mgkg_14h	14	3	not_declared	ENA
PRJNA597909	juvenile_pzq_r4	SRR10776755	PAIRED	juvenile	mixed_paired	whole_worm_pair	juvenile_pzq	pzq_100mgkg_14h	14	4	not_declared	ENA
PRJNA597909	juvenile_pzq_r5	SRR10776754	PAIRED	juvenile	mixed_paired	whole_worm_pair	juvenile_pzq	pzq_100mgkg_14h	14	5	not_declared	ENA
PRJEB14695	ovary_mixed_sex_r1	ERR506073	PAIRED	adult	female	ovary	ovary_mixed_sex	untreated	not_applicable	1	not_declared	ENA
PRJEB14695	ovary_mixed_sex_r1	ERR506097	PAIRED	adult	female	ovary	ovary_mixed_sex	untreated	not_applicable	1	not_declared	ENA
PRJEB14695	ovary_mixed_sex_r1	ERR667051	PAIRED	adult	female	ovary	ovary_mixed_sex	untreated	not_applicable	1	not_declared	ENA
PRJEB14695	ovary_mixed_sex_r1	ERR667075	PAIRED	adult	female	ovary	ovary_mixed_sex	untreated	not_applicable	1	not_declared	ENA
PRJEB14695	ovary_mixed_sex_r1	ERR667099	PAIRED	adult	female	ovary	ovary_mixed_sex	untreated	not_applicable	1	not_declared	ENA
PRJEB14695	ovary_mixed_sex_r1	ERR667123	PAIRED	adult	female	ovary	ovary_mixed_sex	untreated	not_applicable	1	not_declared	ENA
PRJEB14695	ovary_mixed_sex_r2	ERR506074	PAIRED	adult	female	ovary	ovary_mixed_sex	untreated	not_applicable	2	not_declared	ENA
PRJEB14695	ovary_mixed_sex_r2	ERR506098	PAIRED	adult	female	ovary	ovary_mixed_sex	untreated	not_applicable	2	not_declared	ENA
PRJEB14695	ovary_mixed_sex_r2	ERR667052	PAIRED	adult	female	ovary	ovary_mixed_sex	untreated	not_applicable	2	not_declared	ENA
PRJEB14695	ovary_mixed_sex_r2	ERR667076	PAIRED	adult	female	ovary	ovary_mixed_sex	untreated	not_applicable	2	not_declared	ENA
PRJEB14695	ovary_mixed_sex_r2	ERR667100	PAIRED	adult	female	ovary	ovary_mixed_sex	untreated	not_applicable	2	not_declared	ENA
PRJEB14695	ovary_mixed_sex_r2	ERR667124	PAIRED	adult	female	ovary	ovary_mixed_sex	untreated	not_applicable	2	not_declared	ENA
PRJEB14695	ovary_mixed_sex_r3	ERR506075	PAIRED	adult	female	ovary	ovary_mixed_sex	untreated	not_applicable	3	not_declared	ENA
PRJEB14695	ovary_mixed_sex_r3	ERR506099	PAIRED	adult	female	ovary	ovary_mixed_sex	untreated	not_applicable	3	not_declared	ENA
PRJEB14695	ovary_mixed_sex_r3	ERR667053	PAIRED	adult	female	ovary	ovary_mixed_sex	untreated	not_applicable	3	not_declared	ENA
PRJEB14695	ovary_mixed_sex_r3	ERR667077	PAIRED	adult	female	ovary	ovary_mixed_sex	untreated	not_applicable	3	not_declared	ENA
PRJEB14695	ovary_mixed_sex_r3	ERR667101	PAIRED	adult	female	ovary	ovary_mixed_sex	untreated	not_applicable	3	not_declared	ENA
PRJEB14695	ovary_mixed_sex_r3	ERR667125	PAIRED	adult	female	ovary	ovary_mixed_sex	untreated	not_applicable	3	not_declared	ENA
PRJEB14695	ovary_single_sex_r1	ERR506071	PAIRED	adult	female	ovary	ovary_single_sex	untreated	not_applicable	1	not_declared	ENA
PRJEB14695	ovary_single_sex_r1	ERR506095	PAIRED	adult	female	ovary	ovary_single_sex	untreated	not_applicable	1	not_declared	ENA
PRJEB14695	ovary_single_sex_r1	ERR667049	PAIRED	adult	female	ovary	ovary_single_sex	untreated	not_applicable	1	not_declared	ENA
PRJEB14695	ovary_single_sex_r1	ERR667073	PAIRED	adult	female	ovary	ovary_single_sex	untreated	not_applicable	1	not_declared	ENA
PRJEB14695	ovary_single_sex_r1	ERR667097	PAIRED	adult	female	ovary	ovary_single_sex	untreated	not_applicable	1	not_declared	ENA
PRJEB14695	ovary_single_sex_r1	ERR667121	PAIRED	adult	female	ovary	ovary_single_sex	untreated	not_applicable	1	not_declared	ENA
PRJEB14695	ovary_single_sex_r2	ERR506072	PAIRED	adult	female	ovary	ovary_single_sex	untreated	not_applicable	2	not_declared	ENA
PRJEB14695	ovary_single_sex_r2	ERR506096	PAIRED	adult	female	ovary	ovary_single_sex	untreated	not_applicable	2	not_declared	ENA
PRJEB14695	ovary_single_sex_r2	ERR667050	PAIRED	adult	female	ovary	ovary_single_sex	untreated	not_applicable	2	not_declared	ENA
PRJEB14695	ovary_single_sex_r2	ERR667074	PAIRED	adult	female	ovary	ovary_single_sex	untreated	not_applicable	2	not_declared	ENA
PRJEB14695	ovary_single_sex_r2	ERR667098	PAIRED	adult	female	ovary	ovary_single_sex	untreated	not_applicable	2	not_declared	ENA
PRJEB14695	ovary_single_sex_r2	ERR667122	PAIRED	adult	female	ovary	ovary_single_sex	untreated	not_applicable	2	not_declared	ENA
PRJEB14695	testis_mixed_sex_r1	ERR506079	PAIRED	adult	male	testis	testis_mixed_sex	untreated	not_applicable	1	not_declared	ENA
PRJEB14695	testis_mixed_sex_r1	ERR506103	PAIRED	adult	male	testis	testis_mixed_sex	untreated	not_applicable	1	not_declared	ENA
PRJEB14695	testis_mixed_sex_r1	ERR667057	PAIRED	adult	male	testis	testis_mixed_sex	untreated	not_applicable	1	not_declared	ENA
PRJEB14695	testis_mixed_sex_r1	ERR667081	PAIRED	adult	male	testis	testis_mixed_sex	untreated	not_applicable	1	not_declared	ENA
PRJEB14695	testis_mixed_sex_r1	ERR667105	PAIRED	adult	male	testis	testis_mixed_sex	untreated	not_applicable	1	not_declared	ENA
PRJEB14695	testis_mixed_sex_r1	ERR667129	PAIRED	adult	male	testis	testis_mixed_sex	untreated	not_applicable	1	not_declared	ENA
PRJEB14695	testis_mixed_sex_r2	ERR506080	PAIRED	adult	male	testis	testis_mixed_sex	untreated	not_applicable	2	not_declared	ENA
PRJEB14695	testis_mixed_sex_r2	ERR506104	PAIRED	adult	male	testis	testis_mixed_sex	untreated	not_applicable	2	not_declared	ENA
PRJEB14695	testis_mixed_sex_r2	ERR667058	PAIRED	adult	male	testis	testis_mixed_sex	untreated	not_applicable	2	not_declared	ENA
PRJEB14695	testis_mixed_sex_r2	ERR667082	PAIRED	adult	male	testis	testis_mixed_sex	untreated	not_applicable	2	not_declared	ENA
PRJEB14695	testis_mixed_sex_r2	ERR667106	PAIRED	adult	male	testis	testis_mixed_sex	untreated	not_applicable	2	not_declared	ENA
PRJEB14695	testis_mixed_sex_r2	ERR667130	PAIRED	adult	male	testis	testis_mixed_sex	untreated	not_applicable	2	not_declared	ENA
PRJEB14695	testis_mixed_sex_r3	ERR506081	PAIRED	adult	male	testis	testis_mixed_sex	untreated	not_applicable	3	not_declared	ENA
PRJEB14695	testis_mixed_sex_r3	ERR506105	PAIRED	adult	male	testis	testis_mixed_sex	untreated	not_applicable	3	not_declared	ENA
PRJEB14695	testis_mixed_sex_r3	ERR667059	PAIRED	adult	male	testis	testis_mixed_sex	untreated	not_applicable	3	not_declared	ENA
PRJEB14695	testis_mixed_sex_r3	ERR667083	PAIRED	adult	male	testis	testis_mixed_sex	untreated	not_applicable	3	not_declared	ENA
PRJEB14695	testis_mixed_sex_r3	ERR667107	PAIRED	adult	male	testis	testis_mixed_sex	untreated	not_applicable	3	not_declared	ENA
PRJEB14695	testis_mixed_sex_r3	ERR667131	PAIRED	adult	male	testis	testis_mixed_sex	untreated	not_applicable	3	not_declared	ENA
PRJEB14695	testis_single_sex_r1	ERR506077	PAIRED	adult	male	testis	testis_single_sex	untreated	not_applicable	1	not_declared	ENA
PRJEB14695	testis_single_sex_r1	ERR506101	PAIRED	adult	male	testis	testis_single_sex	untreated	not_applicable	1	not_declared	ENA
PRJEB14695	testis_single_sex_r1	ERR667055	PAIRED	adult	male	testis	testis_single_sex	untreated	not_applicable	1	not_declared	ENA
PRJEB14695	testis_single_sex_r1	ERR667079	PAIRED	adult	male	testis	testis_single_sex	untreated	not_applicable	1	not_declared	ENA
PRJEB14695	testis_single_sex_r1	ERR667103	PAIRED	adult	male	testis	testis_single_sex	untreated	not_applicable	1	not_declared	ENA
PRJEB14695	testis_single_sex_r1	ERR667127	PAIRED	adult	male	testis	testis_single_sex	untreated	not_applicable	1	not_declared	ENA
PRJEB14695	testis_single_sex_r2	ERR506078	PAIRED	adult	male	testis	testis_single_sex	untreated	not_applicable	2	not_declared	ENA
PRJEB14695	testis_single_sex_r2	ERR506102	PAIRED	adult	male	testis	testis_single_sex	untreated	not_applicable	2	not_declared	ENA
PRJEB14695	testis_single_sex_r2	ERR667056	PAIRED	adult	male	testis	testis_single_sex	untreated	not_applicable	2	not_declared	ENA
PRJEB14695	testis_single_sex_r2	ERR667080	PAIRED	adult	male	testis	testis_single_sex	untreated	not_applicable	2	not_declared	ENA
PRJEB14695	testis_single_sex_r2	ERR667104	PAIRED	adult	male	testis	testis_single_sex	untreated	not_applicable	2	not_declared	ENA
PRJEB14695	testis_single_sex_r2	ERR667128	PAIRED	adult	male	testis	testis_single_sex	untreated	not_applicable	2	not_declared	ENA
PRJEB14695	testis_single_sex_r3	ERR506085	PAIRED	adult	male	testis	testis_single_sex	untreated	not_applicable	3	not_declared	ENA
PRJEB14695	testis_single_sex_r3	ERR506109	PAIRED	adult	male	testis	testis_single_sex	untreated	not_applicable	3	not_declared	ENA
PRJEB14695	testis_single_sex_r3	ERR667063	PAIRED	adult	male	testis	testis_single_sex	untreated	not_applicable	3	not_declared	ENA
PRJEB14695	testis_single_sex_r3	ERR667087	PAIRED	adult	male	testis	testis_single_sex	untreated	not_applicable	3	not_declared	ENA
PRJEB14695	testis_single_sex_r3	ERR667111	PAIRED	adult	male	testis	testis_single_sex	untreated	not_applicable	3	not_declared	ENA
PRJEB14695	testis_single_sex_r3	ERR667135	PAIRED	adult	male	testis	testis_single_sex	untreated	not_applicable	3	not_declared	ENA
PRJEB14695	whole_female_mixed_sex_r1	ERR506076	PAIRED	adult	female	whole_worm	whole_female_mixed_sex	untreated	not_applicable	1	not_declared	ENA
PRJEB14695	whole_female_mixed_sex_r1	ERR506100	PAIRED	adult	female	whole_worm	whole_female_mixed_sex	untreated	not_applicable	1	not_declared	ENA
PRJEB14695	whole_female_mixed_sex_r1	ERR667054	PAIRED	adult	female	whole_worm	whole_female_mixed_sex	untreated	not_applicable	1	not_declared	ENA
PRJEB14695	whole_female_mixed_sex_r1	ERR667078	PAIRED	adult	female	whole_worm	whole_female_mixed_sex	untreated	not_applicable	1	not_declared	ENA
PRJEB14695	whole_female_mixed_sex_r1	ERR667102	PAIRED	adult	female	whole_worm	whole_female_mixed_sex	untreated	not_applicable	1	not_declared	ENA
PRJEB14695	whole_female_mixed_sex_r1	ERR667126	PAIRED	adult	female	whole_worm	whole_female_mixed_sex	untreated	not_applicable	1	not_declared	ENA
PRJEB14695	whole_female_mixed_sex_r2	ERR506083	PAIRED	adult	female	whole_worm	whole_female_mixed_sex	untreated	not_applicable	2	not_declared	ENA
PRJEB14695	whole_female_mixed_sex_r2	ERR506107	PAIRED	adult	female	whole_worm	whole_female_mixed_sex	untreated	not_applicable	2	not_declared	ENA
PRJEB14695	whole_female_mixed_sex_r2	ERR667061	PAIRED	adult	female	whole_worm	whole_female_mixed_sex	untreated	not_applicable	2	not_declared	ENA
PRJEB14695	whole_female_mixed_sex_r2	ERR667085	PAIRED	adult	female	whole_worm	whole_female_mixed_sex	untreated	not_applicable	2	not_declared	ENA
PRJEB14695	whole_female_mixed_sex_r2	ERR667109	PAIRED	adult	female	whole_worm	whole_female_mixed_sex	untreated	not_applicable	2	not_declared	ENA
PRJEB14695	whole_female_mixed_sex_r2	ERR667133	PAIRED	adult	female	whole_worm	whole_female_mixed_sex	untreated	not_applicable	2	not_declared	ENA
PRJEB14695	whole_female_mixed_sex_r3	ERR506084	PAIRED	adult	female	whole_worm	whole_female_mixed_sex	untreated	not_applicable	3	not_declared	ENA
PRJEB14695	whole_female_mixed_sex_r3	ERR506108	PAIRED	adult	female	whole_worm	whole_female_mixed_sex	untreated	not_applicable	3	not_declared	ENA
PRJEB14695	whole_female_mixed_sex_r3	ERR667062	PAIRED	adult	female	whole_worm	whole_female_mixed_sex	untreated	not_applicable	3	not_declared	ENA
PRJEB14695	whole_female_mixed_sex_r3	ERR667086	PAIRED	adult	female	whole_worm	whole_female_mixed_sex	untreated	not_applicable	3	not_declared	ENA
PRJEB14695	whole_female_mixed_sex_r3	ERR667110	PAIRED	adult	female	whole_worm	whole_female_mixed_sex	untreated	not_applicable	3	not_declared	ENA
PRJEB14695	whole_female_mixed_sex_r3	ERR667134	PAIRED	adult	female	whole_worm	whole_female_mixed_sex	untreated	not_applicable	3	not_declared	ENA
PRJEB14695	whole_female_single_sex_r1	ERR506091	PAIRED	adult	female	whole_worm	whole_female_single_sex	untreated	not_applicable	1	not_declared	ENA
PRJEB14695	whole_female_single_sex_r1	ERR506115	PAIRED	adult	female	whole_worm	whole_female_single_sex	untreated	not_applicable	1	not_declared	ENA
PRJEB14695	whole_female_single_sex_r1	ERR667069	PAIRED	adult	female	whole_worm	whole_female_single_sex	untreated	not_applicable	1	not_declared	ENA
PRJEB14695	whole_female_single_sex_r1	ERR667093	PAIRED	adult	female	whole_worm	whole_female_single_sex	untreated	not_applicable	1	not_declared	ENA
PRJEB14695	whole_female_single_sex_r1	ERR667117	PAIRED	adult	female	whole_worm	whole_female_single_sex	untreated	not_applicable	1	not_declared	ENA
PRJEB14695	whole_female_single_sex_r1	ERR667141	PAIRED	adult	female	whole_worm	whole_female_single_sex	untreated	not_applicable	1	not_declared	ENA
PRJEB14695	whole_female_single_sex_r2	ERR506092	PAIRED	adult	female	whole_worm	whole_female_single_sex	untreated	not_applicable	2	not_declared	ENA
PRJEB14695	whole_female_single_sex_r2	ERR506116	PAIRED	adult	female	whole_worm	whole_female_single_sex	untreated	not_applicable	2	not_declared	ENA
PRJEB14695	whole_female_single_sex_r2	ERR667070	PAIRED	adult	female	whole_worm	whole_female_single_sex	untreated	not_applicable	2	not_declared	ENA
PRJEB14695	whole_female_single_sex_r2	ERR667094	PAIRED	adult	female	whole_worm	whole_female_single_sex	untreated	not_applicable	2	not_declared	ENA
PRJEB14695	whole_female_single_sex_r2	ERR667118	PAIRED	adult	female	whole_worm	whole_female_single_sex	untreated	not_applicable	2	not_declared	ENA
PRJEB14695	whole_female_single_sex_r2	ERR667142	PAIRED	adult	female	whole_worm	whole_female_single_sex	untreated	not_applicable	2	not_declared	ENA
PRJEB14695	whole_female_single_sex_r3	ERR506093	PAIRED	adult	female	whole_worm	whole_female_single_sex	untreated	not_applicable	3	not_declared	ENA
PRJEB14695	whole_female_single_sex_r3	ERR506117	PAIRED	adult	female	whole_worm	whole_female_single_sex	untreated	not_applicable	3	not_declared	ENA
PRJEB14695	whole_female_single_sex_r3	ERR667071	PAIRED	adult	female	whole_worm	whole_female_single_sex	untreated	not_applicable	3	not_declared	ENA
PRJEB14695	whole_female_single_sex_r3	ERR667095	PAIRED	adult	female	whole_worm	whole_female_single_sex	untreated	not_applicable	3	not_declared	ENA
PRJEB14695	whole_female_single_sex_r3	ERR667119	PAIRED	adult	female	whole_worm	whole_female_single_sex	untreated	not_applicable	3	not_declared	ENA
PRJEB14695	whole_female_single_sex_r3	ERR667143	PAIRED	adult	female	whole_worm	whole_female_single_sex	untreated	not_applicable	3	not_declared	ENA
PRJEB14695	whole_male_mixed_sex_r1	ERR506082	PAIRED	adult	male	whole_worm	whole_male_mixed_sex	untreated	not_applicable	1	not_declared	ENA
PRJEB14695	whole_male_mixed_sex_r1	ERR506106	PAIRED	adult	male	whole_worm	whole_male_mixed_sex	untreated	not_applicable	1	not_declared	ENA
PRJEB14695	whole_male_mixed_sex_r1	ERR667060	PAIRED	adult	male	whole_worm	whole_male_mixed_sex	untreated	not_applicable	1	not_declared	ENA
PRJEB14695	whole_male_mixed_sex_r1	ERR667084	PAIRED	adult	male	whole_worm	whole_male_mixed_sex	untreated	not_applicable	1	not_declared	ENA
PRJEB14695	whole_male_mixed_sex_r1	ERR667108	PAIRED	adult	male	whole_worm	whole_male_mixed_sex	untreated	not_applicable	1	not_declared	ENA
PRJEB14695	whole_male_mixed_sex_r1	ERR667132	PAIRED	adult	male	whole_worm	whole_male_mixed_sex	untreated	not_applicable	1	not_declared	ENA
PRJEB14695	whole_male_mixed_sex_r2	ERR506088	PAIRED	adult	male	whole_worm	whole_male_mixed_sex	untreated	not_applicable	2	not_declared	ENA
PRJEB14695	whole_male_mixed_sex_r2	ERR506112	PAIRED	adult	male	whole_worm	whole_male_mixed_sex	untreated	not_applicable	2	not_declared	ENA
PRJEB14695	whole_male_mixed_sex_r2	ERR667066	PAIRED	adult	male	whole_worm	whole_male_mixed_sex	untreated	not_applicable	2	not_declared	ENA
PRJEB14695	whole_male_mixed_sex_r2	ERR667090	PAIRED	adult	male	whole_worm	whole_male_mixed_sex	untreated	not_applicable	2	not_declared	ENA
PRJEB14695	whole_male_mixed_sex_r2	ERR667114	PAIRED	adult	male	whole_worm	whole_male_mixed_sex	untreated	not_applicable	2	not_declared	ENA
PRJEB14695	whole_male_mixed_sex_r2	ERR667138	PAIRED	adult	male	whole_worm	whole_male_mixed_sex	untreated	not_applicable	2	not_declared	ENA
PRJEB14695	whole_male_mixed_sex_r3	ERR506090	PAIRED	adult	male	whole_worm	whole_male_mixed_sex	untreated	not_applicable	3	not_declared	ENA
PRJEB14695	whole_male_mixed_sex_r3	ERR506114	PAIRED	adult	male	whole_worm	whole_male_mixed_sex	untreated	not_applicable	3	not_declared	ENA
PRJEB14695	whole_male_mixed_sex_r3	ERR667068	PAIRED	adult	male	whole_worm	whole_male_mixed_sex	untreated	not_applicable	3	not_declared	ENA
PRJEB14695	whole_male_mixed_sex_r3	ERR667092	PAIRED	adult	male	whole_worm	whole_male_mixed_sex	untreated	not_applicable	3	not_declared	ENA
PRJEB14695	whole_male_mixed_sex_r3	ERR667116	PAIRED	adult	male	whole_worm	whole_male_mixed_sex	untreated	not_applicable	3	not_declared	ENA
PRJEB14695	whole_male_mixed_sex_r3	ERR667140	PAIRED	adult	male	whole_worm	whole_male_mixed_sex	untreated	not_applicable	3	not_declared	ENA
PRJEB14695	whole_male_single_sex_r1	ERR506086	PAIRED	adult	male	whole_worm	whole_male_single_sex	untreated	not_applicable	1	not_declared	ENA
PRJEB14695	whole_male_single_sex_r1	ERR506110	PAIRED	adult	male	whole_worm	whole_male_single_sex	untreated	not_applicable	1	not_declared	ENA
PRJEB14695	whole_male_single_sex_r1	ERR667064	PAIRED	adult	male	whole_worm	whole_male_single_sex	untreated	not_applicable	1	not_declared	ENA
PRJEB14695	whole_male_single_sex_r1	ERR667088	PAIRED	adult	male	whole_worm	whole_male_single_sex	untreated	not_applicable	1	not_declared	ENA
PRJEB14695	whole_male_single_sex_r1	ERR667112	PAIRED	adult	male	whole_worm	whole_male_single_sex	untreated	not_applicable	1	not_declared	ENA
PRJEB14695	whole_male_single_sex_r1	ERR667136	PAIRED	adult	male	whole_worm	whole_male_single_sex	untreated	not_applicable	1	not_declared	ENA
PRJEB14695	whole_male_single_sex_r2	ERR506087	PAIRED	adult	male	whole_worm	whole_male_single_sex	untreated	not_applicable	2	not_declared	ENA
PRJEB14695	whole_male_single_sex_r2	ERR506111	PAIRED	adult	male	whole_worm	whole_male_single_sex	untreated	not_applicable	2	not_declared	ENA
PRJEB14695	whole_male_single_sex_r2	ERR667065	PAIRED	adult	male	whole_worm	whole_male_single_sex	untreated	not_applicable	2	not_declared	ENA
PRJEB14695	whole_male_single_sex_r2	ERR667089	PAIRED	adult	male	whole_worm	whole_male_single_sex	untreated	not_applicable	2	not_declared	ENA
PRJEB14695	whole_male_single_sex_r2	ERR667113	PAIRED	adult	male	whole_worm	whole_male_single_sex	untreated	not_applicable	2	not_declared	ENA
PRJEB14695	whole_male_single_sex_r2	ERR667137	PAIRED	adult	male	whole_worm	whole_male_single_sex	untreated	not_applicable	2	not_declared	ENA
PRJEB14695	whole_male_single_sex_r3	ERR506089	PAIRED	adult	male	whole_worm	whole_male_single_sex	untreated	not_applicable	3	not_declared	ENA
PRJEB14695	whole_male_single_sex_r3	ERR506113	PAIRED	adult	male	whole_worm	whole_male_single_sex	untreated	not_applicable	3	not_declared	ENA
PRJEB14695	whole_male_single_sex_r3	ERR667067	PAIRED	adult	male	whole_worm	whole_male_single_sex	untreated	not_applicable	3	not_declared	ENA
PRJEB14695	whole_male_single_sex_r3	ERR667091	PAIRED	adult	male	whole_worm	whole_male_single_sex	untreated	not_applicable	3	not_declared	ENA
PRJEB14695	whole_male_single_sex_r3	ERR667115	PAIRED	adult	male	whole_worm	whole_male_single_sex	untreated	not_applicable	3	not_declared	ENA
PRJEB14695	whole_male_single_sex_r3	ERR667139	PAIRED	adult	male	whole_worm	whole_male_single_sex	untreated	not_applicable	3	not_declared	ENA
PRJEB32839	f_26d_juveniles_r1	ERR11178331	PAIRED	juvenile_26d	female	whole_organism	juvenile_26d_female	untreated	not_applicable	1	not_declared	ENA
PRJEB32839	f_26d_juveniles_r1	ERR11178421	PAIRED	juvenile_26d	female	whole_organism	juvenile_26d_female	untreated	not_applicable	1	not_declared	ENA
PRJEB32839	f_26d_juveniles_r2	ERR11178269	PAIRED	juvenile_26d	female	whole_organism	juvenile_26d_female	untreated	not_applicable	2	not_declared	ENA
PRJEB32839	f_26d_juveniles_r2	ERR11178359	PAIRED	juvenile_26d	female	whole_organism	juvenile_26d_female	untreated	not_applicable	2	not_declared	ENA
PRJEB32839	f_26d_juveniles_r3	ERR11178279	PAIRED	juvenile_26d	female	whole_organism	juvenile_26d_female	untreated	not_applicable	3	not_declared	ENA
PRJEB32839	f_26d_juveniles_r3	ERR11178369	PAIRED	juvenile_26d	female	whole_organism	juvenile_26d_female	untreated	not_applicable	3	not_declared	ENA
PRJEB32839	f_26d_juveniles_r4	ERR11178289	PAIRED	juvenile_26d	female	whole_organism	juvenile_26d_female	untreated	not_applicable	4	not_declared	ENA
PRJEB32839	f_26d_juveniles_r4	ERR11178379	PAIRED	juvenile_26d	female	whole_organism	juvenile_26d_female	untreated	not_applicable	4	not_declared	ENA
PRJEB32839	f_26d_juveniles_r5	ERR11178298	PAIRED	juvenile_26d	female	whole_organism	juvenile_26d_female	untreated	not_applicable	5	not_declared	ENA
PRJEB32839	f_26d_juveniles_r5	ERR11178388	PAIRED	juvenile_26d	female	whole_organism	juvenile_26d_female	untreated	not_applicable	5	not_declared	ENA
PRJEB32839	f_2d_somules_r1	ERR11178285	PAIRED	schistosomulum_2d	female	whole_organism	schistosomulum_2d_female	untreated	not_applicable	1	not_declared	ENA
PRJEB32839	f_2d_somules_r1	ERR11178375	PAIRED	schistosomulum_2d	female	whole_organism	schistosomulum_2d_female	untreated	not_applicable	1	not_declared	ENA
PRJEB32839	f_2d_somules_r2	ERR11178294	PAIRED	schistosomulum_2d	female	whole_organism	schistosomulum_2d_female	untreated	not_applicable	2	not_declared	ENA
PRJEB32839	f_2d_somules_r2	ERR11178384	PAIRED	schistosomulum_2d	female	whole_organism	schistosomulum_2d_female	untreated	not_applicable	2	not_declared	ENA
PRJEB32839	f_2d_somules_r3	ERR11178303	PAIRED	schistosomulum_2d	female	whole_organism	schistosomulum_2d_female	untreated	not_applicable	3	not_declared	ENA
PRJEB32839	f_2d_somules_r3	ERR11178393	PAIRED	schistosomulum_2d	female	whole_organism	schistosomulum_2d_female	untreated	not_applicable	3	not_declared	ENA
PRJEB32839	f_2d_somules_r4	ERR11178312	PAIRED	schistosomulum_2d	female	whole_organism	schistosomulum_2d_female	untreated	not_applicable	4	not_declared	ENA
PRJEB32839	f_2d_somules_r4	ERR11178402	PAIRED	schistosomulum_2d	female	whole_organism	schistosomulum_2d_female	untreated	not_applicable	4	not_declared	ENA
PRJEB32839	f_2d_somules_r5	ERR11178321	PAIRED	schistosomulum_2d	female	whole_organism	schistosomulum_2d_female	untreated	not_applicable	5	not_declared	ENA
PRJEB32839	f_2d_somules_r5	ERR11178411	PAIRED	schistosomulum_2d	female	whole_organism	schistosomulum_2d_female	untreated	not_applicable	5	not_declared	ENA
PRJEB32839	f_32d_sporocysts_r1	ERR11178308	PAIRED	sporocyst_32d	female	whole_organism	sporocyst_32d_female	untreated	not_applicable	1	not_declared	ENA
PRJEB32839	f_32d_sporocysts_r1	ERR11178398	PAIRED	sporocyst_32d	female	whole_organism	sporocyst_32d_female	untreated	not_applicable	1	not_declared	ENA
PRJEB32839	f_32d_sporocysts_r2	ERR11178317	PAIRED	sporocyst_32d	female	whole_organism	sporocyst_32d_female	untreated	not_applicable	2	not_declared	ENA
PRJEB32839	f_32d_sporocysts_r2	ERR11178407	PAIRED	sporocyst_32d	female	whole_organism	sporocyst_32d_female	untreated	not_applicable	2	not_declared	ENA
PRJEB32839	f_32d_sporocysts_r3	ERR11178325	PAIRED	sporocyst_32d	female	whole_organism	sporocyst_32d_female	untreated	not_applicable	3	not_declared	ENA
PRJEB32839	f_32d_sporocysts_r3	ERR11178415	PAIRED	sporocyst_32d	female	whole_organism	sporocyst_32d_female	untreated	not_applicable	3	not_declared	ENA
PRJEB32839	f_32d_sporocysts_r4	ERR11178334	PAIRED	sporocyst_32d	female	whole_organism	sporocyst_32d_female	untreated	not_applicable	4	not_declared	ENA
PRJEB32839	f_32d_sporocysts_r4	ERR11178424	PAIRED	sporocyst_32d	female	whole_organism	sporocyst_32d_female	untreated	not_applicable	4	not_declared	ENA
PRJEB32839	f_32d_sporocysts_r5	ERR11178272	PAIRED	sporocyst_32d	female	whole_organism	sporocyst_32d_female	untreated	not_applicable	5	not_declared	ENA
PRJEB32839	f_32d_sporocysts_r5	ERR11178362	PAIRED	sporocyst_32d	female	whole_organism	sporocyst_32d_female	untreated	not_applicable	5	not_declared	ENA
PRJEB32839	f_cercariae_r1	ERR11178343	PAIRED	cercaria	female	whole_organism	cercaria_female	untreated	not_applicable	1	not_declared	ENA
PRJEB32839	f_cercariae_r1	ERR11178433	PAIRED	cercaria	female	whole_organism	cercaria_female	untreated	not_applicable	1	not_declared	ENA
PRJEB32839	f_cercariae_r2	ERR11178347	PAIRED	cercaria	female	whole_organism	cercaria_female	untreated	not_applicable	2	not_declared	ENA
PRJEB32839	f_cercariae_r2	ERR11178437	PAIRED	cercaria	female	whole_organism	cercaria_female	untreated	not_applicable	2	not_declared	ENA
PRJEB32839	f_cercariae_r3	ERR11178349	PAIRED	cercaria	female	whole_organism	cercaria_female	untreated	not_applicable	3	not_declared	ENA
PRJEB32839	f_cercariae_r3	ERR11178439	PAIRED	cercaria	female	whole_organism	cercaria_female	untreated	not_applicable	3	not_declared	ENA
PRJEB32839	f_cercariae_r4	ERR11178351	PAIRED	cercaria	female	whole_organism	cercaria_female	untreated	not_applicable	4	not_declared	ENA
PRJEB32839	f_cercariae_r4	ERR11178441	PAIRED	cercaria	female	whole_organism	cercaria_female	untreated	not_applicable	4	not_declared	ENA
PRJEB32839	f_cercariae_r5	ERR11178353	PAIRED	cercaria	female	whole_organism	cercaria_female	untreated	not_applicable	5	not_declared	ENA
PRJEB32839	f_cercariae_r5	ERR11178443	PAIRED	cercaria	female	whole_organism	cercaria_female	untreated	not_applicable	5	not_declared	ENA
PRJEB32839	m_26d_juveniles_r1	ERR11178307	PAIRED	juvenile_26d	male	whole_organism	juvenile_26d_male	untreated	not_applicable	1	not_declared	ENA
PRJEB32839	m_26d_juveniles_r1	ERR11178397	PAIRED	juvenile_26d	male	whole_organism	juvenile_26d_male	untreated	not_applicable	1	not_declared	ENA
PRJEB32839	m_26d_juveniles_r2	ERR11178316	PAIRED	juvenile_26d	male	whole_organism	juvenile_26d_male	untreated	not_applicable	2	not_declared	ENA
PRJEB32839	m_26d_juveniles_r2	ERR11178406	PAIRED	juvenile_26d	male	whole_organism	juvenile_26d_male	untreated	not_applicable	2	not_declared	ENA
PRJEB32839	m_26d_juveniles_r3	ERR11178324	PAIRED	juvenile_26d	male	whole_organism	juvenile_26d_male	untreated	not_applicable	3	not_declared	ENA
PRJEB32839	m_26d_juveniles_r3	ERR11178414	PAIRED	juvenile_26d	male	whole_organism	juvenile_26d_male	untreated	not_applicable	3	not_declared	ENA
PRJEB32839	m_26d_juveniles_r4	ERR11178333	PAIRED	juvenile_26d	male	whole_organism	juvenile_26d_male	untreated	not_applicable	4	not_declared	ENA
PRJEB32839	m_26d_juveniles_r4	ERR11178423	PAIRED	juvenile_26d	male	whole_organism	juvenile_26d_male	untreated	not_applicable	4	not_declared	ENA
PRJEB32839	m_26d_juveniles_r5	ERR11178271	PAIRED	juvenile_26d	male	whole_organism	juvenile_26d_male	untreated	not_applicable	5	not_declared	ENA
PRJEB32839	m_26d_juveniles_r5	ERR11178361	PAIRED	juvenile_26d	male	whole_organism	juvenile_26d_male	untreated	not_applicable	5	not_declared	ENA
PRJEB32839	m_2d_somules_r1	ERR11178329	PAIRED	schistosomulum_2d	male	whole_organism	schistosomulum_2d_male	untreated	not_applicable	1	not_declared	ENA
PRJEB32839	m_2d_somules_r1	ERR11178419	PAIRED	schistosomulum_2d	male	whole_organism	schistosomulum_2d_male	untreated	not_applicable	1	not_declared	ENA
PRJEB32839	m_2d_somules_r2	ERR11178267	PAIRED	schistosomulum_2d	male	whole_organism	schistosomulum_2d_male	untreated	not_applicable	2	not_declared	ENA
PRJEB32839	m_2d_somules_r2	ERR11178357	PAIRED	schistosomulum_2d	male	whole_organism	schistosomulum_2d_male	untreated	not_applicable	2	not_declared	ENA
PRJEB32839	m_2d_somules_r3	ERR11178277	PAIRED	schistosomulum_2d	male	whole_organism	schistosomulum_2d_male	untreated	not_applicable	3	not_declared	ENA
PRJEB32839	m_2d_somules_r3	ERR11178367	PAIRED	schistosomulum_2d	male	whole_organism	schistosomulum_2d_male	untreated	not_applicable	3	not_declared	ENA
PRJEB32839	m_2d_somules_r4	ERR11178287	PAIRED	schistosomulum_2d	male	whole_organism	schistosomulum_2d_male	untreated	not_applicable	4	not_declared	ENA
PRJEB32839	m_2d_somules_r4	ERR11178377	PAIRED	schistosomulum_2d	male	whole_organism	schistosomulum_2d_male	untreated	not_applicable	4	not_declared	ENA
PRJEB32839	m_2d_somules_r5	ERR11178296	PAIRED	schistosomulum_2d	male	whole_organism	schistosomulum_2d_male	untreated	not_applicable	5	not_declared	ENA
PRJEB32839	m_2d_somules_r5	ERR11178386	PAIRED	schistosomulum_2d	male	whole_organism	schistosomulum_2d_male	untreated	not_applicable	5	not_declared	ENA
PRJEB32839	m_32d_sporocysts_r1	ERR11178282	PAIRED	sporocyst_32d	male	whole_organism	sporocyst_32d_male	untreated	not_applicable	1	not_declared	ENA
PRJEB32839	m_32d_sporocysts_r1	ERR11178372	PAIRED	sporocyst_32d	male	whole_organism	sporocyst_32d_male	untreated	not_applicable	1	not_declared	ENA
PRJEB32839	m_32d_sporocysts_r2	ERR11178292	PAIRED	sporocyst_32d	male	whole_organism	sporocyst_32d_male	untreated	not_applicable	2	not_declared	ENA
PRJEB32839	m_32d_sporocysts_r2	ERR11178382	PAIRED	sporocyst_32d	male	whole_organism	sporocyst_32d_male	untreated	not_applicable	2	not_declared	ENA
PRJEB32839	m_32d_sporocysts_r3	ERR11178301	PAIRED	sporocyst_32d	male	whole_organism	sporocyst_32d_male	untreated	not_applicable	3	not_declared	ENA
PRJEB32839	m_32d_sporocysts_r3	ERR11178391	PAIRED	sporocyst_32d	male	whole_organism	sporocyst_32d_male	untreated	not_applicable	3	not_declared	ENA
PRJEB32839	m_32d_sporocysts_r4	ERR11178310	PAIRED	sporocyst_32d	male	whole_organism	sporocyst_32d_male	untreated	not_applicable	4	not_declared	ENA
PRJEB32839	m_32d_sporocysts_r4	ERR11178400	PAIRED	sporocyst_32d	male	whole_organism	sporocyst_32d_male	untreated	not_applicable	4	not_declared	ENA
PRJEB32839	m_32d_sporocysts_r5	ERR11178319	PAIRED	sporocyst_32d	male	whole_organism	sporocyst_32d_male	untreated	not_applicable	5	not_declared	ENA
PRJEB32839	m_32d_sporocysts_r5	ERR11178409	PAIRED	sporocyst_32d	male	whole_organism	sporocyst_32d_male	untreated	not_applicable	5	not_declared	ENA
PRJEB32839	m_cercariae_r1	ERR11178274	PAIRED	cercaria	male	whole_organism	cercaria_male	untreated	not_applicable	1	not_declared	ENA
PRJEB32839	m_cercariae_r1	ERR11178364	PAIRED	cercaria	male	whole_organism	cercaria_male	untreated	not_applicable	1	not_declared	ENA
PRJEB32839	m_cercariae_r2	ERR11178284	PAIRED	cercaria	male	whole_organism	cercaria_male	untreated	not_applicable	2	not_declared	ENA
PRJEB32839	m_cercariae_r2	ERR11178374	PAIRED	cercaria	male	whole_organism	cercaria_male	untreated	not_applicable	2	not_declared	ENA
PRJEB32839	m_cercariae_r3	ERR11178293	PAIRED	cercaria	male	whole_organism	cercaria_male	untreated	not_applicable	3	not_declared	ENA
PRJEB32839	m_cercariae_r3	ERR11178383	PAIRED	cercaria	male	whole_organism	cercaria_male	untreated	not_applicable	3	not_declared	ENA
PRJEB32839	m_cercariae_r4	ERR11178302	PAIRED	cercaria	male	whole_organism	cercaria_male	untreated	not_applicable	4	not_declared	ENA
PRJEB32839	m_cercariae_r4	ERR11178392	PAIRED	cercaria	male	whole_organism	cercaria_male	untreated	not_applicable	4	not_declared	ENA
PRJEB32839	m_cercariae_r5	ERR11178311	PAIRED	cercaria	male	whole_organism	cercaria_male	untreated	not_applicable	5	not_declared	ENA
PRJEB32839	m_cercariae_r5	ERR11178401	PAIRED	cercaria	male	whole_organism	cercaria_male	untreated	not_applicable	5	not_declared	ENA
PRJEB32839	x_1d_sporocysts_r1	ERR11178288	PAIRED	sporocyst_1d	mixed	whole_organism	sporocyst_1d_mixed	untreated	not_applicable	1	not_declared	ENA
PRJEB32839	x_1d_sporocysts_r1	ERR11178378	PAIRED	sporocyst_1d	mixed	whole_organism	sporocyst_1d_mixed	untreated	not_applicable	1	not_declared	ENA
PRJEB32839	x_1d_sporocysts_r2	ERR11178297	PAIRED	sporocyst_1d	mixed	whole_organism	sporocyst_1d_mixed	untreated	not_applicable	2	not_declared	ENA
PRJEB32839	x_1d_sporocysts_r2	ERR11178387	PAIRED	sporocyst_1d	mixed	whole_organism	sporocyst_1d_mixed	untreated	not_applicable	2	not_declared	ENA
PRJEB32839	x_1d_sporocysts_r3	ERR11178306	PAIRED	sporocyst_1d	mixed	whole_organism	sporocyst_1d_mixed	untreated	not_applicable	3	not_declared	ENA
PRJEB32839	x_1d_sporocysts_r3	ERR11178396	PAIRED	sporocyst_1d	mixed	whole_organism	sporocyst_1d_mixed	untreated	not_applicable	3	not_declared	ENA
PRJEB32839	x_1d_sporocysts_r4	ERR11178315	PAIRED	sporocyst_1d	mixed	whole_organism	sporocyst_1d_mixed	untreated	not_applicable	4	not_declared	ENA
PRJEB32839	x_1d_sporocysts_r4	ERR11178405	PAIRED	sporocyst_1d	mixed	whole_organism	sporocyst_1d_mixed	untreated	not_applicable	4	not_declared	ENA
PRJEB32839	x_1d_sporocysts_r5	ERR11178264	PAIRED	sporocyst_1d	mixed	whole_organism	sporocyst_1d_mixed	untreated	not_applicable	5	not_declared	ENA
PRJEB32839	x_1d_sporocysts_r5	ERR11178354	PAIRED	sporocyst_1d	mixed	whole_organism	sporocyst_1d_mixed	untreated	not_applicable	5	not_declared	ENA
PRJEB32839	x_2d_somules_r1	ERR11178305	PAIRED	schistosomulum_2d	mixed	whole_organism	schistosomulum_2d_mixed	untreated	not_applicable	1	not_declared	ENA
PRJEB32839	x_2d_somules_r1	ERR11178395	PAIRED	schistosomulum_2d	mixed	whole_organism	schistosomulum_2d_mixed	untreated	not_applicable	1	not_declared	ENA
PRJEB32839	x_2d_somules_r2	ERR11178314	PAIRED	schistosomulum_2d	mixed	whole_organism	schistosomulum_2d_mixed	untreated	not_applicable	2	not_declared	ENA
PRJEB32839	x_2d_somules_r2	ERR11178404	PAIRED	schistosomulum_2d	mixed	whole_organism	schistosomulum_2d_mixed	untreated	not_applicable	2	not_declared	ENA
PRJEB32839	x_2d_somules_r3	ERR11178323	PAIRED	schistosomulum_2d	mixed	whole_organism	schistosomulum_2d_mixed	untreated	not_applicable	3	not_declared	ENA
PRJEB32839	x_2d_somules_r3	ERR11178413	PAIRED	schistosomulum_2d	mixed	whole_organism	schistosomulum_2d_mixed	untreated	not_applicable	3	not_declared	ENA
PRJEB32839	x_2d_somules_r4	ERR11178281	PAIRED	schistosomulum_2d	mixed	whole_organism	schistosomulum_2d_mixed	untreated	not_applicable	4	not_declared	ENA
PRJEB32839	x_2d_somules_r4	ERR11178371	PAIRED	schistosomulum_2d	mixed	whole_organism	schistosomulum_2d_mixed	untreated	not_applicable	4	not_declared	ENA
PRJEB32839	x_2d_somules_r5	ERR11178291	PAIRED	schistosomulum_2d	mixed	whole_organism	schistosomulum_2d_mixed	untreated	not_applicable	5	not_declared	ENA
PRJEB32839	x_2d_somules_r5	ERR11178381	PAIRED	schistosomulum_2d	mixed	whole_organism	schistosomulum_2d_mixed	untreated	not_applicable	5	not_declared	ENA
PRJEB32839	x_32d_sporocysts_r1	ERR11178327	PAIRED	sporocyst_32d	mixed	whole_organism	sporocyst_32d_mixed	untreated	not_applicable	1	not_declared	ENA
PRJEB32839	x_32d_sporocysts_r1	ERR11178417	PAIRED	sporocyst_32d	mixed	whole_organism	sporocyst_32d_mixed	untreated	not_applicable	1	not_declared	ENA
PRJEB32839	x_32d_sporocysts_r2	ERR11178336	PAIRED	sporocyst_32d	mixed	whole_organism	sporocyst_32d_mixed	untreated	not_applicable	2	not_declared	ENA
PRJEB32839	x_32d_sporocysts_r2	ERR11178426	PAIRED	sporocyst_32d	mixed	whole_organism	sporocyst_32d_mixed	untreated	not_applicable	2	not_declared	ENA
PRJEB32839	x_32d_sporocysts_r3	ERR11178341	PAIRED	sporocyst_32d	mixed	whole_organism	sporocyst_32d_mixed	untreated	not_applicable	3	not_declared	ENA
PRJEB32839	x_32d_sporocysts_r3	ERR11178431	PAIRED	sporocyst_32d	mixed	whole_organism	sporocyst_32d_mixed	untreated	not_applicable	3	not_declared	ENA
PRJEB32839	x_32d_sporocysts_r4	ERR11178345	PAIRED	sporocyst_32d	mixed	whole_organism	sporocyst_32d_mixed	untreated	not_applicable	4	not_declared	ENA
PRJEB32839	x_32d_sporocysts_r4	ERR11178435	PAIRED	sporocyst_32d	mixed	whole_organism	sporocyst_32d_mixed	untreated	not_applicable	4	not_declared	ENA
PRJEB32839	x_32d_sporocysts_r5	ERR11178342	PAIRED	sporocyst_32d	mixed	whole_organism	sporocyst_32d_mixed	untreated	not_applicable	5	not_declared	ENA
PRJEB32839	x_32d_sporocysts_r5	ERR11178432	PAIRED	sporocyst_32d	mixed	whole_organism	sporocyst_32d_mixed	untreated	not_applicable	5	not_declared	ENA
PRJEB32839	x_5d_sporocysts_r1	ERR11178332	PAIRED	sporocyst_5d	mixed	whole_organism	sporocyst_5d_mixed	untreated	not_applicable	1	not_declared	ENA
PRJEB32839	x_5d_sporocysts_r1	ERR11178422	PAIRED	sporocyst_5d	mixed	whole_organism	sporocyst_5d_mixed	untreated	not_applicable	1	not_declared	ENA
PRJEB32839	x_5d_sporocysts_r2	ERR11178270	PAIRED	sporocyst_5d	mixed	whole_organism	sporocyst_5d_mixed	untreated	not_applicable	2	not_declared	ENA
PRJEB32839	x_5d_sporocysts_r2	ERR11178360	PAIRED	sporocyst_5d	mixed	whole_organism	sporocyst_5d_mixed	untreated	not_applicable	2	not_declared	ENA
PRJEB32839	x_5d_sporocysts_r3	ERR11178280	PAIRED	sporocyst_5d	mixed	whole_organism	sporocyst_5d_mixed	untreated	not_applicable	3	not_declared	ENA
PRJEB32839	x_5d_sporocysts_r3	ERR11178370	PAIRED	sporocyst_5d	mixed	whole_organism	sporocyst_5d_mixed	untreated	not_applicable	3	not_declared	ENA
PRJEB32839	x_5d_sporocysts_r4	ERR11178290	PAIRED	sporocyst_5d	mixed	whole_organism	sporocyst_5d_mixed	untreated	not_applicable	4	not_declared	ENA
PRJEB32839	x_5d_sporocysts_r4	ERR11178380	PAIRED	sporocyst_5d	mixed	whole_organism	sporocyst_5d_mixed	untreated	not_applicable	4	not_declared	ENA
PRJEB32839	x_5d_sporocysts_r5	ERR11178299	PAIRED	sporocyst_5d	mixed	whole_organism	sporocyst_5d_mixed	untreated	not_applicable	5	not_declared	ENA
PRJEB32839	x_5d_sporocysts_r5	ERR11178389	PAIRED	sporocyst_5d	mixed	whole_organism	sporocyst_5d_mixed	untreated	not_applicable	5	not_declared	ENA
PRJEB32839	x_cercariae_r1	ERR11178320	PAIRED	cercaria	mixed	whole_organism	cercaria_mixed	untreated	not_applicable	1	not_declared	ENA
PRJEB32839	x_cercariae_r1	ERR11178410	PAIRED	cercaria	mixed	whole_organism	cercaria_mixed	untreated	not_applicable	1	not_declared	ENA
PRJEB32839	x_cercariae_r2	ERR11178328	PAIRED	cercaria	mixed	whole_organism	cercaria_mixed	untreated	not_applicable	2	not_declared	ENA
PRJEB32839	x_cercariae_r2	ERR11178418	PAIRED	cercaria	mixed	whole_organism	cercaria_mixed	untreated	not_applicable	2	not_declared	ENA
PRJEB32839	x_cercariae_r3	ERR11178337	PAIRED	cercaria	mixed	whole_organism	cercaria_mixed	untreated	not_applicable	3	not_declared	ENA
PRJEB32839	x_cercariae_r3	ERR11178427	PAIRED	cercaria	mixed	whole_organism	cercaria_mixed	untreated	not_applicable	3	not_declared	ENA
PRJEB32839	x_cercariae_r4	ERR11178265	PAIRED	cercaria	mixed	whole_organism	cercaria_mixed	untreated	not_applicable	4	not_declared	ENA
PRJEB32839	x_cercariae_r4	ERR11178355	PAIRED	cercaria	mixed	whole_organism	cercaria_mixed	untreated	not_applicable	4	not_declared	ENA
PRJEB32839	x_cercariae_r5	ERR11178275	PAIRED	cercaria	mixed	whole_organism	cercaria_mixed	untreated	not_applicable	5	not_declared	ENA
PRJEB32839	x_cercariae_r5	ERR11178365	PAIRED	cercaria	mixed	whole_organism	cercaria_mixed	untreated	not_applicable	5	not_declared	ENA
PRJEB32839	x_eggs_r1	ERR11178266	PAIRED	egg	mixed	whole_organism	egg_mixed	untreated	not_applicable	1	not_declared	ENA
PRJEB32839	x_eggs_r1	ERR11178356	PAIRED	egg	mixed	whole_organism	egg_mixed	untreated	not_applicable	1	not_declared	ENA
PRJEB32839	x_eggs_r2	ERR11178276	PAIRED	egg	mixed	whole_organism	egg_mixed	untreated	not_applicable	2	not_declared	ENA
PRJEB32839	x_eggs_r2	ERR11178366	PAIRED	egg	mixed	whole_organism	egg_mixed	untreated	not_applicable	2	not_declared	ENA
PRJEB32839	x_eggs_r3	ERR11178286	PAIRED	egg	mixed	whole_organism	egg_mixed	untreated	not_applicable	3	not_declared	ENA
PRJEB32839	x_eggs_r3	ERR11178376	PAIRED	egg	mixed	whole_organism	egg_mixed	untreated	not_applicable	3	not_declared	ENA
PRJEB32839	x_eggs_r4	ERR11178295	PAIRED	egg	mixed	whole_organism	egg_mixed	untreated	not_applicable	4	not_declared	ENA
PRJEB32839	x_eggs_r4	ERR11178385	PAIRED	egg	mixed	whole_organism	egg_mixed	untreated	not_applicable	4	not_declared	ENA
PRJEB32839	x_eggs_r5	ERR11178304	PAIRED	egg	mixed	whole_organism	egg_mixed	untreated	not_applicable	5	not_declared	ENA
PRJEB32839	x_eggs_r5	ERR11178394	PAIRED	egg	mixed	whole_organism	egg_mixed	untreated	not_applicable	5	not_declared	ENA
PRJEB32839	x_miracidia_r1	ERR11178313	PAIRED	miracidium	mixed	whole_organism	miracidium_mixed	untreated	not_applicable	1	not_declared	ENA
PRJEB32839	x_miracidia_r1	ERR11178403	PAIRED	miracidium	mixed	whole_organism	miracidium_mixed	untreated	not_applicable	1	not_declared	ENA
PRJEB32839	x_miracidia_r2	ERR11178322	PAIRED	miracidium	mixed	whole_organism	miracidium_mixed	untreated	not_applicable	2	not_declared	ENA
PRJEB32839	x_miracidia_r2	ERR11178412	PAIRED	miracidium	mixed	whole_organism	miracidium_mixed	untreated	not_applicable	2	not_declared	ENA
PRJEB32839	x_miracidia_r3	ERR11178330	PAIRED	miracidium	mixed	whole_organism	miracidium_mixed	untreated	not_applicable	3	not_declared	ENA
PRJEB32839	x_miracidia_r3	ERR11178420	PAIRED	miracidium	mixed	whole_organism	miracidium_mixed	untreated	not_applicable	3	not_declared	ENA
PRJEB32839	x_miracidia_r4	ERR11178268	PAIRED	miracidium	mixed	whole_organism	miracidium_mixed	untreated	not_applicable	4	not_declared	ENA
PRJEB32839	x_miracidia_r4	ERR11178358	PAIRED	miracidium	mixed	whole_organism	miracidium_mixed	untreated	not_applicable	4	not_declared	ENA
PRJEB32839	x_miracidia_r5	ERR11178278	PAIRED	miracidium	mixed	whole_organism	miracidium_mixed	untreated	not_applicable	5	not_declared	ENA
PRJEB32839	x_miracidia_r5	ERR11178368	PAIRED	miracidium	mixed	whole_organism	miracidium_mixed	untreated	not_applicable	5	not_declared	ENA
E-MTAB-451	adult_mixed_r1	ERR022873	PAIRED	adult	mixed	whole_organism	adult_mixed	untreated	not_applicable	1	not_declared	ENA
E-MTAB-451	cercaria_whole_r1	ERR022872	PAIRED	cercaria	mixed	whole_organism	cercaria_whole	untreated	0	1	not_declared	ENA
E-MTAB-451	cercaria_whole_r2	ERR022877	PAIRED	cercaria	mixed	whole_organism	cercaria_whole	untreated	0	2	not_declared	ENA
E-MTAB-451	cercaria_whole_r3	ERR022878	PAIRED	cercaria	mixed	whole_organism	cercaria_whole	untreated	0	3	not_declared	ENA
E-MTAB-451	cercarial_tail_r1	ERR022875	PAIRED	cercaria	mixed	tail	cercarial_tail	untreated	0	1	not_declared	ENA
E-MTAB-451	schistosomulum_24h_r1	ERR022880	PAIRED	schistosomulum_24h	mixed	whole_organism	schistosomulum_24h	untreated	24	1	not_declared	ENA
E-MTAB-451	schistosomulum_24h_r2	ERR022881	PAIRED	schistosomulum_24h	mixed	whole_organism	schistosomulum_24h	untreated	24	2	not_declared	ENA
E-MTAB-451	schistosomulum_24h_r3	ERR022882	PAIRED	schistosomulum_24h	mixed	whole_organism	schistosomulum_24h	untreated	24	3	not_declared	ENA
E-MTAB-451	schistosomulum_24h_r4	ERR022883	PAIRED	schistosomulum_24h	mixed	whole_organism	schistosomulum_24h	untreated	24	4	not_declared	ENA
E-MTAB-451	schistosomulum_3h_r1	ERR022874	PAIRED	schistosomulum_3h	mixed	whole_organism	schistosomulum_3h	untreated	3	1	not_declared	ENA
E-MTAB-451	schistosomulum_3h_r1	ERR022876	PAIRED	schistosomulum_3h	mixed	whole_organism	schistosomulum_3h	untreated	3	1	not_declared	ENA
E-MTAB-451	schistosomulum_3h_r2	ERR022879	PAIRED	schistosomulum_3h	mixed	whole_organism	schistosomulum_3h	untreated	3	2	not_declared	ENA
PRJEB3190	schistosomulum_0h_r1	ERR411530	PAIRED	schistosomulum_0h	mixed	whole_organism	schistosomulum_0h	untreated	0	1	sequencing_batch_10376	ENA
PRJEB3190	schistosomulum_0h_r2	ERR411539	PAIRED	schistosomulum_0h	mixed	whole_organism	schistosomulum_0h	untreated	0	2	sequencing_batch_10376	ENA
PRJEB3190	schistosomulum_12h_r1	ERR411537	PAIRED	schistosomulum_12h	mixed	whole_organism	schistosomulum_12h	untreated	12	1	sequencing_batch_10376	ENA
PRJEB3190	schistosomulum_12h_r2	ERR411529	PAIRED	schistosomulum_12h	mixed	whole_organism	schistosomulum_12h	untreated	12	2	sequencing_batch_10363	ENA
PRJEB3190	schistosomulum_12h_r3	ERR411524	PAIRED	schistosomulum_12h	mixed	whole_organism	schistosomulum_12h	untreated	12	3	sequencing_batch_10363	ENA
PRJEB3190	schistosomulum_24h_r1	ERR411532	PAIRED	schistosomulum_24h	mixed	whole_organism	schistosomulum_24h	untreated	24	1	sequencing_batch_10376	ENA
PRJEB3190	schistosomulum_24h_r2	ERR411540	PAIRED	schistosomulum_24h	mixed	whole_organism	schistosomulum_24h	untreated	24	2	sequencing_batch_10376	ENA
PRJEB3190	schistosomulum_24h_r3	ERR411523	PAIRED	schistosomulum_24h	mixed	whole_organism	schistosomulum_24h	untreated	24	3	sequencing_batch_10363	ENA
PRJEB3190	schistosomulum_3h_r1	ERR411535	PAIRED	schistosomulum_3h	mixed	whole_organism	schistosomulum_3h	untreated	3	1	sequencing_batch_10376	ENA
PRJEB3190	schistosomulum_3h_r2	ERR411541	PAIRED	schistosomulum_3h	mixed	whole_organism	schistosomulum_3h	untreated	3	2	sequencing_batch_10376	ENA
PRJEB3190	schistosomulum_3h_r3	ERR411525	PAIRED	schistosomulum_3h	mixed	whole_organism	schistosomulum_3h	untreated	3	3	sequencing_batch_10363	ENA
PRJEB3190	schistosomulum_48h_r1	ERR411538	PAIRED	schistosomulum_48h	mixed	whole_organism	schistosomulum_48h	untreated	48	1	sequencing_batch_10376	ENA
PRJEB3190	schistosomulum_48h_r2	ERR411527	PAIRED	schistosomulum_48h	mixed	whole_organism	schistosomulum_48h	untreated	48	2	sequencing_batch_10363	ENA
PRJEB3190	schistosomulum_48h_r3	ERR411522	PAIRED	schistosomulum_48h	mixed	whole_organism	schistosomulum_48h	untreated	48	3	sequencing_batch_10363	ENA
PRJEB3190	schistosomulum_6h_r1	ERR411531	PAIRED	schistosomulum_6h	mixed	whole_organism	schistosomulum_6h	untreated	6	1	sequencing_batch_10376	ENA
PRJEB3190	schistosomulum_6h_r2	ERR411543	PAIRED	schistosomulum_6h	mixed	whole_organism	schistosomulum_6h	untreated	6	2	sequencing_batch_10376	ENA
PRJEB3190	schistosomulum_6h_r3	ERR411528	PAIRED	schistosomulum_6h	mixed	whole_organism	schistosomulum_6h	untreated	6	3	sequencing_batch_10363	ENA
PRJEB3190	schistosomulum_72h_r1	ERR411534	PAIRED	schistosomulum_72h	mixed	whole_organism	schistosomulum_72h	untreated	72	1	sequencing_batch_10376	ENA
PRJEB3190	schistosomulum_72h_r2	ERR411542	PAIRED	schistosomulum_72h	mixed	whole_organism	schistosomulum_72h	untreated	72	2	sequencing_batch_10376	ENA
PRJEB3190	schistosomulum_72h_r3	ERR411521	PAIRED	schistosomulum_72h	mixed	whole_organism	schistosomulum_72h	untreated	72	3	sequencing_batch_10363	ENA
E-ERAD-478	d21_female_paired_r1	ERR1328179	PAIRED	adult_d21	female	whole_organism	d21_female_paired	untreated	not_applicable	1	sequencing_batch_14895	ENA
E-ERAD-478	d21_female_paired_r1	ERR1328203	PAIRED	adult_d21	female	whole_organism	d21_female_paired	untreated	not_applicable	1	sequencing_batch_14895	ENA
E-ERAD-478	d21_female_paired_r2	ERR1328180	PAIRED	adult_d21	female	whole_organism	d21_female_paired	untreated	not_applicable	2	sequencing_batch_14895	ENA
E-ERAD-478	d21_female_paired_r2	ERR1328204	PAIRED	adult_d21	female	whole_organism	d21_female_paired	untreated	not_applicable	2	sequencing_batch_14895	ENA
E-ERAD-478	d21_female_paired_r3	ERR1328141	PAIRED	adult_d21	female	whole_organism	d21_female_paired	untreated	not_applicable	3	sequencing_batch_14812	ENA
E-ERAD-478	d21_female_paired_r3	ERR1328164	PAIRED	adult_d21	female	whole_organism	d21_female_paired	untreated	not_applicable	3	sequencing_batch_14812	ENA
E-ERAD-478	d21_female_paired_r4	ERR1328240	PAIRED	adult_d21	female	whole_organism	d21_female_paired	untreated	not_applicable	4	sequencing_batch_14897	ENA
E-ERAD-478	d21_female_paired_r4	ERR1328263	PAIRED	adult_d21	female	whole_organism	d21_female_paired	untreated	not_applicable	4	sequencing_batch_14897	ENA
E-ERAD-478	d21_female_unpaired_r1	ERR1328176	PAIRED	adult_d21	female	whole_organism	d21_female_unpaired	untreated	not_applicable	1	sequencing_batch_14895	ENA
E-ERAD-478	d21_female_unpaired_r1	ERR1328200	PAIRED	adult_d21	female	whole_organism	d21_female_unpaired	untreated	not_applicable	1	sequencing_batch_14895	ENA
E-ERAD-478	d21_female_unpaired_r2	ERR1328177	PAIRED	adult_d21	female	whole_organism	d21_female_unpaired	untreated	not_applicable	2	sequencing_batch_14895	ENA
E-ERAD-478	d21_female_unpaired_r2	ERR1328201	PAIRED	adult_d21	female	whole_organism	d21_female_unpaired	untreated	not_applicable	2	sequencing_batch_14895	ENA
E-ERAD-478	d21_female_unpaired_r3	ERR1328138	PAIRED	adult_d21	female	whole_organism	d21_female_unpaired	untreated	not_applicable	3	sequencing_batch_14812	ENA
E-ERAD-478	d21_female_unpaired_r3	ERR1328161	PAIRED	adult_d21	female	whole_organism	d21_female_unpaired	untreated	not_applicable	3	sequencing_batch_14812	ENA
E-ERAD-478	d21_female_unpaired_r4	ERR1328139	PAIRED	adult_d21	female	whole_organism	d21_female_unpaired	untreated	not_applicable	4	sequencing_batch_14812	ENA
E-ERAD-478	d21_female_unpaired_r4	ERR1328162	PAIRED	adult_d21	female	whole_organism	d21_female_unpaired	untreated	not_applicable	4	sequencing_batch_14812	ENA
E-ERAD-478	d21_female_unpaired_r5	ERR1328237	PAIRED	adult_d21	female	whole_organism	d21_female_unpaired	untreated	not_applicable	5	sequencing_batch_14897	ENA
E-ERAD-478	d21_female_unpaired_r5	ERR1328260	PAIRED	adult_d21	female	whole_organism	d21_female_unpaired	untreated	not_applicable	5	sequencing_batch_14897	ENA
E-ERAD-478	d21_male_paired_r1	ERR1328181	PAIRED	adult_d21	male	whole_organism	d21_male_paired	untreated	not_applicable	1	sequencing_batch_14895	ENA
E-ERAD-478	d21_male_paired_r1	ERR1328205	PAIRED	adult_d21	male	whole_organism	d21_male_paired	untreated	not_applicable	1	sequencing_batch_14895	ENA
E-ERAD-478	d21_male_paired_r2	ERR1328142	PAIRED	adult_d21	male	whole_organism	d21_male_paired	untreated	not_applicable	2	sequencing_batch_14812	ENA
E-ERAD-478	d21_male_paired_r2	ERR1328165	PAIRED	adult_d21	male	whole_organism	d21_male_paired	untreated	not_applicable	2	sequencing_batch_14812	ENA
E-ERAD-478	d21_male_paired_r3	ERR1328143	PAIRED	adult_d21	male	whole_organism	d21_male_paired	untreated	not_applicable	3	sequencing_batch_14812	ENA
E-ERAD-478	d21_male_paired_r3	ERR1328166	PAIRED	adult_d21	male	whole_organism	d21_male_paired	untreated	not_applicable	3	sequencing_batch_14812	ENA
E-ERAD-478	d21_male_paired_r4	ERR1328241	PAIRED	adult_d21	male	whole_organism	d21_male_paired	untreated	not_applicable	4	sequencing_batch_14897	ENA
E-ERAD-478	d21_male_paired_r4	ERR1328264	PAIRED	adult_d21	male	whole_organism	d21_male_paired	untreated	not_applicable	4	sequencing_batch_14897	ENA
E-ERAD-478	d21_male_unpaired_r1	ERR1328178	PAIRED	adult_d21	male	whole_organism	d21_male_unpaired	untreated	not_applicable	1	sequencing_batch_14895	ENA
E-ERAD-478	d21_male_unpaired_r1	ERR1328202	PAIRED	adult_d21	male	whole_organism	d21_male_unpaired	untreated	not_applicable	1	sequencing_batch_14895	ENA
E-ERAD-478	d21_male_unpaired_r2	ERR1328140	PAIRED	adult_d21	male	whole_organism	d21_male_unpaired	untreated	not_applicable	2	sequencing_batch_14812	ENA
E-ERAD-478	d21_male_unpaired_r2	ERR1328163	PAIRED	adult_d21	male	whole_organism	d21_male_unpaired	untreated	not_applicable	2	sequencing_batch_14812	ENA
E-ERAD-478	d21_male_unpaired_r3	ERR1328238	PAIRED	adult_d21	male	whole_organism	d21_male_unpaired	untreated	not_applicable	3	sequencing_batch_14897	ENA
E-ERAD-478	d21_male_unpaired_r3	ERR1328261	PAIRED	adult_d21	male	whole_organism	d21_male_unpaired	untreated	not_applicable	3	sequencing_batch_14897	ENA
E-ERAD-478	d21_male_unpaired_r4	ERR1328239	PAIRED	adult_d21	male	whole_organism	d21_male_unpaired	untreated	not_applicable	4	sequencing_batch_14897	ENA
E-ERAD-478	d21_male_unpaired_r4	ERR1328262	PAIRED	adult_d21	male	whole_organism	d21_male_unpaired	untreated	not_applicable	4	sequencing_batch_14897	ENA
E-ERAD-478	d28_female_paired_r1	ERR1328184	PAIRED	adult_d28	female	whole_organism	d28_female_paired	untreated	not_applicable	1	sequencing_batch_14895	ENA
E-ERAD-478	d28_female_paired_r1	ERR1328208	PAIRED	adult_d28	female	whole_organism	d28_female_paired	untreated	not_applicable	1	sequencing_batch_14895	ENA
E-ERAD-478	d28_female_paired_r2	ERR1328146	PAIRED	adult_d28	female	whole_organism	d28_female_paired	untreated	not_applicable	2	sequencing_batch_14812	ENA
E-ERAD-478	d28_female_paired_r2	ERR1328169	PAIRED	adult_d28	female	whole_organism	d28_female_paired	untreated	not_applicable	2	sequencing_batch_14812	ENA
E-ERAD-478	d28_female_paired_r3	ERR1328222	PAIRED	adult_d28	female	whole_organism	d28_female_paired	untreated	not_applicable	3	sequencing_batch_14897	ENA
E-ERAD-478	d28_female_paired_r3	ERR1328245	PAIRED	adult_d28	female	whole_organism	d28_female_paired	untreated	not_applicable	3	sequencing_batch_14897	ENA
E-ERAD-478	d28_female_paired_r4	ERR1328244	PAIRED	adult_d28	female	whole_organism	d28_female_paired	untreated	not_applicable	4	sequencing_batch_14897	ENA
E-ERAD-478	d28_female_paired_r4	ERR1328267	PAIRED	adult_d28	female	whole_organism	d28_female_paired	untreated	not_applicable	4	sequencing_batch_14897	ENA
E-ERAD-478	d28_female_unpaired_r1	ERR1328182	PAIRED	adult_d28	female	whole_organism	d28_female_unpaired	untreated	not_applicable	1	sequencing_batch_14895	ENA
E-ERAD-478	d28_female_unpaired_r1	ERR1328206	PAIRED	adult_d28	female	whole_organism	d28_female_unpaired	untreated	not_applicable	1	sequencing_batch_14895	ENA
E-ERAD-478	d28_female_unpaired_r2	ERR1328144	PAIRED	adult_d28	female	whole_organism	d28_female_unpaired	untreated	not_applicable	2	sequencing_batch_14812	ENA
E-ERAD-478	d28_female_unpaired_r2	ERR1328167	PAIRED	adult_d28	female	whole_organism	d28_female_unpaired	untreated	not_applicable	2	sequencing_batch_14812	ENA
E-ERAD-478	d28_female_unpaired_r3	ERR1328242	PAIRED	adult_d28	female	whole_organism	d28_female_unpaired	untreated	not_applicable	3	sequencing_batch_14897	ENA
E-ERAD-478	d28_female_unpaired_r3	ERR1328265	PAIRED	adult_d28	female	whole_organism	d28_female_unpaired	untreated	not_applicable	3	sequencing_batch_14897	ENA
E-ERAD-478	d28_male_paired_r1	ERR1328185	PAIRED	adult_d28	male	whole_organism	d28_male_paired	untreated	not_applicable	1	sequencing_batch_14895	ENA
E-ERAD-478	d28_male_paired_r1	ERR1328209	PAIRED	adult_d28	male	whole_organism	d28_male_paired	untreated	not_applicable	1	sequencing_batch_14895	ENA
E-ERAD-478	d28_male_paired_r2	ERR1328186	PAIRED	adult_d28	male	whole_organism	d28_male_paired	untreated	not_applicable	2	sequencing_batch_14895	ENA
E-ERAD-478	d28_male_paired_r2	ERR1328210	PAIRED	adult_d28	male	whole_organism	d28_male_paired	untreated	not_applicable	2	sequencing_batch_14895	ENA
E-ERAD-478	d28_male_paired_r3	ERR1328147	PAIRED	adult_d28	male	whole_organism	d28_male_paired	untreated	not_applicable	3	sequencing_batch_14812	ENA
E-ERAD-478	d28_male_paired_r3	ERR1328170	PAIRED	adult_d28	male	whole_organism	d28_male_paired	untreated	not_applicable	3	sequencing_batch_14812	ENA
E-ERAD-478	d28_male_paired_r4	ERR1328223	PAIRED	adult_d28	male	whole_organism	d28_male_paired	untreated	not_applicable	4	sequencing_batch_14897	ENA
E-ERAD-478	d28_male_paired_r4	ERR1328246	PAIRED	adult_d28	male	whole_organism	d28_male_paired	untreated	not_applicable	4	sequencing_batch_14897	ENA
E-ERAD-478	d28_male_unpaired_r1	ERR1328183	PAIRED	adult_d28	male	whole_organism	d28_male_unpaired	untreated	not_applicable	1	sequencing_batch_14895	ENA
E-ERAD-478	d28_male_unpaired_r1	ERR1328207	PAIRED	adult_d28	male	whole_organism	d28_male_unpaired	untreated	not_applicable	1	sequencing_batch_14895	ENA
E-ERAD-478	d28_male_unpaired_r2	ERR1328145	PAIRED	adult_d28	male	whole_organism	d28_male_unpaired	untreated	not_applicable	2	sequencing_batch_14812	ENA
E-ERAD-478	d28_male_unpaired_r2	ERR1328168	PAIRED	adult_d28	male	whole_organism	d28_male_unpaired	untreated	not_applicable	2	sequencing_batch_14812	ENA
E-ERAD-478	d28_male_unpaired_r3	ERR1328243	PAIRED	adult_d28	male	whole_organism	d28_male_unpaired	untreated	not_applicable	3	sequencing_batch_14897	ENA
E-ERAD-478	d28_male_unpaired_r3	ERR1328266	PAIRED	adult_d28	male	whole_organism	d28_male_unpaired	untreated	not_applicable	3	sequencing_batch_14897	ENA
E-ERAD-478	d35_female_paired_r1	ERR1328189	PAIRED	adult_d35	female	whole_organism	d35_female_paired	untreated	not_applicable	1	sequencing_batch_14895	ENA
E-ERAD-478	d35_female_paired_r1	ERR1328213	PAIRED	adult_d35	female	whole_organism	d35_female_paired	untreated	not_applicable	1	sequencing_batch_14895	ENA
E-ERAD-478	d35_female_paired_r2	ERR1328128	PAIRED	adult_d35	female	whole_organism	d35_female_paired	untreated	not_applicable	2	sequencing_batch_14812	ENA
E-ERAD-478	d35_female_paired_r2	ERR1328151	PAIRED	adult_d35	female	whole_organism	d35_female_paired	untreated	not_applicable	2	sequencing_batch_14812	ENA
E-ERAD-478	d35_female_paired_r3	ERR1328226	PAIRED	adult_d35	female	whole_organism	d35_female_paired	untreated	not_applicable	3	sequencing_batch_14897	ENA
E-ERAD-478	d35_female_paired_r3	ERR1328249	PAIRED	adult_d35	female	whole_organism	d35_female_paired	untreated	not_applicable	3	sequencing_batch_14897	ENA
E-ERAD-478	d35_female_unpaired_r1	ERR1328187	PAIRED	adult_d35	female	whole_organism	d35_female_unpaired	untreated	not_applicable	1	sequencing_batch_14895	ENA
E-ERAD-478	d35_female_unpaired_r1	ERR1328211	PAIRED	adult_d35	female	whole_organism	d35_female_unpaired	untreated	not_applicable	1	sequencing_batch_14895	ENA
E-ERAD-478	d35_female_unpaired_r2	ERR1328148	PAIRED	adult_d35	female	whole_organism	d35_female_unpaired	untreated	not_applicable	2	sequencing_batch_14812	ENA
E-ERAD-478	d35_female_unpaired_r2	ERR1328171	PAIRED	adult_d35	female	whole_organism	d35_female_unpaired	untreated	not_applicable	2	sequencing_batch_14812	ENA
E-ERAD-478	d35_female_unpaired_r3	ERR1328224	PAIRED	adult_d35	female	whole_organism	d35_female_unpaired	untreated	not_applicable	3	sequencing_batch_14897	ENA
E-ERAD-478	d35_female_unpaired_r3	ERR1328247	PAIRED	adult_d35	female	whole_organism	d35_female_unpaired	untreated	not_applicable	3	sequencing_batch_14897	ENA
E-ERAD-478	d35_male_paired_r1	ERR1328190	PAIRED	adult_d35	male	whole_organism	d35_male_paired	untreated	not_applicable	1	sequencing_batch_14895	ENA
E-ERAD-478	d35_male_paired_r1	ERR1328214	PAIRED	adult_d35	male	whole_organism	d35_male_paired	untreated	not_applicable	1	sequencing_batch_14895	ENA
E-ERAD-478	d35_male_paired_r2	ERR1328129	PAIRED	adult_d35	male	whole_organism	d35_male_paired	untreated	not_applicable	2	sequencing_batch_14812	ENA
E-ERAD-478	d35_male_paired_r2	ERR1328152	PAIRED	adult_d35	male	whole_organism	d35_male_paired	untreated	not_applicable	2	sequencing_batch_14812	ENA
E-ERAD-478	d35_male_paired_r3	ERR1328227	PAIRED	adult_d35	male	whole_organism	d35_male_paired	untreated	not_applicable	3	sequencing_batch_14897	ENA
E-ERAD-478	d35_male_paired_r3	ERR1328250	PAIRED	adult_d35	male	whole_organism	d35_male_paired	untreated	not_applicable	3	sequencing_batch_14897	ENA
E-ERAD-478	d35_male_unpaired_r1	ERR1328188	PAIRED	adult_d35	male	whole_organism	d35_male_unpaired	untreated	not_applicable	1	sequencing_batch_14895	ENA
E-ERAD-478	d35_male_unpaired_r1	ERR1328212	PAIRED	adult_d35	male	whole_organism	d35_male_unpaired	untreated	not_applicable	1	sequencing_batch_14895	ENA
E-ERAD-478	d35_male_unpaired_r2	ERR1328149	PAIRED	adult_d35	male	whole_organism	d35_male_unpaired	untreated	not_applicable	2	sequencing_batch_14812	ENA
E-ERAD-478	d35_male_unpaired_r2	ERR1328172	PAIRED	adult_d35	male	whole_organism	d35_male_unpaired	untreated	not_applicable	2	sequencing_batch_14812	ENA
E-ERAD-478	d35_male_unpaired_r3	ERR1328150	PAIRED	adult_d35	male	whole_organism	d35_male_unpaired	untreated	not_applicable	3	sequencing_batch_14812	ENA
E-ERAD-478	d35_male_unpaired_r3	ERR1328173	PAIRED	adult_d35	male	whole_organism	d35_male_unpaired	untreated	not_applicable	3	sequencing_batch_14812	ENA
E-ERAD-478	d35_male_unpaired_r4	ERR1328225	PAIRED	adult_d35	male	whole_organism	d35_male_unpaired	untreated	not_applicable	4	sequencing_batch_14897	ENA
E-ERAD-478	d35_male_unpaired_r4	ERR1328248	PAIRED	adult_d35	male	whole_organism	d35_male_unpaired	untreated	not_applicable	4	sequencing_batch_14897	ENA
E-ERAD-478	d38_female_paired_r1	ERR1328194	PAIRED	adult_d38	female	whole_organism	d38_female_paired	untreated	not_applicable	1	sequencing_batch_14895	ENA
E-ERAD-478	d38_female_paired_r1	ERR1328218	PAIRED	adult_d38	female	whole_organism	d38_female_paired	untreated	not_applicable	1	sequencing_batch_14895	ENA
E-ERAD-478	d38_female_paired_r2	ERR1328133	PAIRED	adult_d38	female	whole_organism	d38_female_paired	untreated	not_applicable	2	sequencing_batch_14812	ENA
E-ERAD-478	d38_female_paired_r2	ERR1328156	PAIRED	adult_d38	female	whole_organism	d38_female_paired	untreated	not_applicable	2	sequencing_batch_14812	ENA
E-ERAD-478	d38_female_paired_r3	ERR1328232	PAIRED	adult_d38	female	whole_organism	d38_female_paired	untreated	not_applicable	3	sequencing_batch_14897	ENA
E-ERAD-478	d38_female_paired_r3	ERR1328255	PAIRED	adult_d38	female	whole_organism	d38_female_paired	untreated	not_applicable	3	sequencing_batch_14897	ENA
E-ERAD-478	d38_female_unpaired_r1	ERR1328191	PAIRED	adult_d38	female	whole_organism	d38_female_unpaired	untreated	not_applicable	1	sequencing_batch_14895	ENA
E-ERAD-478	d38_female_unpaired_r1	ERR1328215	PAIRED	adult_d38	female	whole_organism	d38_female_unpaired	untreated	not_applicable	1	sequencing_batch_14895	ENA
E-ERAD-478	d38_female_unpaired_r2	ERR1328130	PAIRED	adult_d38	female	whole_organism	d38_female_unpaired	untreated	not_applicable	2	sequencing_batch_14812	ENA
E-ERAD-478	d38_female_unpaired_r2	ERR1328153	PAIRED	adult_d38	female	whole_organism	d38_female_unpaired	untreated	not_applicable	2	sequencing_batch_14812	ENA
E-ERAD-478	d38_female_unpaired_r3	ERR1328228	PAIRED	adult_d38	female	whole_organism	d38_female_unpaired	untreated	not_applicable	3	sequencing_batch_14897	ENA
E-ERAD-478	d38_female_unpaired_r3	ERR1328251	PAIRED	adult_d38	female	whole_organism	d38_female_unpaired	untreated	not_applicable	3	sequencing_batch_14897	ENA
E-ERAD-478	d38_female_unpaired_r4	ERR1328229	PAIRED	adult_d38	female	whole_organism	d38_female_unpaired	untreated	not_applicable	4	sequencing_batch_14897	ENA
E-ERAD-478	d38_female_unpaired_r4	ERR1328252	PAIRED	adult_d38	female	whole_organism	d38_female_unpaired	untreated	not_applicable	4	sequencing_batch_14897	ENA
E-ERAD-478	d38_male_paired_r1	ERR1328195	PAIRED	adult_d38	male	whole_organism	d38_male_paired	untreated	not_applicable	1	sequencing_batch_14895	ENA
E-ERAD-478	d38_male_paired_r1	ERR1328219	PAIRED	adult_d38	male	whole_organism	d38_male_paired	untreated	not_applicable	1	sequencing_batch_14895	ENA
E-ERAD-478	d38_male_paired_r2	ERR1328134	PAIRED	adult_d38	male	whole_organism	d38_male_paired	untreated	not_applicable	2	sequencing_batch_14812	ENA
E-ERAD-478	d38_male_paired_r2	ERR1328157	PAIRED	adult_d38	male	whole_organism	d38_male_paired	untreated	not_applicable	2	sequencing_batch_14812	ENA
E-ERAD-478	d38_male_paired_r3	ERR1328233	PAIRED	adult_d38	male	whole_organism	d38_male_paired	untreated	not_applicable	3	sequencing_batch_14897	ENA
E-ERAD-478	d38_male_paired_r3	ERR1328256	PAIRED	adult_d38	male	whole_organism	d38_male_paired	untreated	not_applicable	3	sequencing_batch_14897	ENA
E-ERAD-478	d38_male_unpaired_r1	ERR1328192	PAIRED	adult_d38	male	whole_organism	d38_male_unpaired	untreated	not_applicable	1	sequencing_batch_14895	ENA
E-ERAD-478	d38_male_unpaired_r1	ERR1328216	PAIRED	adult_d38	male	whole_organism	d38_male_unpaired	untreated	not_applicable	1	sequencing_batch_14895	ENA
E-ERAD-478	d38_male_unpaired_r2	ERR1328193	PAIRED	adult_d38	male	whole_organism	d38_male_unpaired	untreated	not_applicable	2	sequencing_batch_14895	ENA
E-ERAD-478	d38_male_unpaired_r2	ERR1328217	PAIRED	adult_d38	male	whole_organism	d38_male_unpaired	untreated	not_applicable	2	sequencing_batch_14895	ENA
E-ERAD-478	d38_male_unpaired_r3	ERR1328131	PAIRED	adult_d38	male	whole_organism	d38_male_unpaired	untreated	not_applicable	3	sequencing_batch_14812	ENA
E-ERAD-478	d38_male_unpaired_r3	ERR1328154	PAIRED	adult_d38	male	whole_organism	d38_male_unpaired	untreated	not_applicable	3	sequencing_batch_14812	ENA
E-ERAD-478	d38_male_unpaired_r4	ERR1328132	PAIRED	adult_d38	male	whole_organism	d38_male_unpaired	untreated	not_applicable	4	sequencing_batch_14812	ENA
E-ERAD-478	d38_male_unpaired_r4	ERR1328155	PAIRED	adult_d38	male	whole_organism	d38_male_unpaired	untreated	not_applicable	4	sequencing_batch_14812	ENA
E-ERAD-478	d38_male_unpaired_r5	ERR1328230	PAIRED	adult_d38	male	whole_organism	d38_male_unpaired	untreated	not_applicable	5	sequencing_batch_14897	ENA
E-ERAD-478	d38_male_unpaired_r5	ERR1328253	PAIRED	adult_d38	male	whole_organism	d38_male_unpaired	untreated	not_applicable	5	sequencing_batch_14897	ENA
E-ERAD-478	d38_male_unpaired_r6	ERR1328231	PAIRED	adult_d38	male	whole_organism	d38_male_unpaired	untreated	not_applicable	6	sequencing_batch_14897	ENA
E-ERAD-478	d38_male_unpaired_r6	ERR1328254	PAIRED	adult_d38	male	whole_organism	d38_male_unpaired	untreated	not_applicable	6	sequencing_batch_14897	ENA
