run_accession	study_accession	secondary_study_accession	sample_accession	secondary_sample_accession	experiment_accession	sample_alias	sample_title	sample_description	experiment_alias	library_name	library_strategy	library_source	library_selection	library_layout	instrument_platform	instrument_model	read_count	base_count	fastq_ftp	fastq_md5	fastq_bytes
ERR022875	PRJEB2350	ERP000427	SAMEA988620	ERS017684	ERX009282	E-MTAB-451:tail1	tail1	Protocols: A Peurto Rican strain of S. mansoni was used in this study. Mixed-sex worms (including female worms) were perfused from percutaneously infected Golden Syrian hamsters challenged 7-weeks earlier with cercariae and provided by Dr. Phil LoVerde (University of Texas, San Antonio, Texas, U.S.). Cercariae were shed from Biomphalaria glabrata intermediate snail hosts. Mechanically transformed schistosomula were prepared by mechanical transformation of cercariae and cultured at 37C in DMEM (Sigma, UK) supplemented with 10% foetal calf serum, 2 mM L-glutamine, and 100 ug/ml penicillin/streptomycin in an atmosphere of 5% CO2 for 3hr or 24hr. Skin transformed schistosomula were prepared by allowing cercariae to penetrate a layer of freshly excised mouse skin. After penetration, schistosomula were cultured at 37C in DMEM (Sigma, UK) supplemented with 10% foetal calf serum, 2 mM L-glutamine, and 100 ug/ml penicillin/streptomycin in an atmosphere of 5% CO2 for 24hr. Cercarial tails were obtained using the same procedure as for mechanically transformed schistosomula. (Parameters: time unit = seconds, temperature unit = C) S. mansoni total RNA was extracted from parasites homogenised in TRIzol reagent (Invitrogen UK) using an Ultra-Turrax T10 dispersing tool (IKA-Labortechnik, Janke & Kunkel, GmbH & Co). Cercariae total RNA was isolated using a modified TRIzol/RNeasy (Invitrogen UK Qiagen UK) procedure as previously described, RNA from the rest of the samples was extracted using TRIzol(Invitrogen, UK)according to manufacturers instructions. All RNA was subsequently quantified with a NanoDrop ND-1000 UV-Vis spectrophotometer and visualized for quality using an Agilent 2100 bioanalyzer. (Parameters: Extracted product = total_RNA, Amplification = none)	E-MTAB-451:3224_3	tail1	RNA-Seq	TRANSCRIPTOMIC	cDNA	PAIRED	ILLUMINA	Illumina Genome Analyzer II	12997563	1975629576	ftp.sra.ebi.ac.uk/vol1/fastq/ERR022/ERR022875/ERR022875_1.fastq.gz;ftp.sra.ebi.ac.uk/vol1/fastq/ERR022/ERR022875/ERR022875_2.fastq.gz	e79331598480196e04ae8344c57fddc5;147bf4955cc22929611d703ec0af3ff6	983848223;956174632
ERR022882	PRJEB2350	ERP000427	SAMEA988619	ERS017685	ERX009283	E-MTAB-451:somule5	somule5	Protocols: A Peurto Rican strain of S. mansoni was used in this study. Mixed-sex worms (including female worms) were perfused from percutaneously infected Golden Syrian hamsters challenged 7-weeks earlier with cercariae and provided by Dr. Phil LoVerde (University of Texas, San Antonio, Texas, U.S.). Cercariae were shed from Biomphalaria glabrata intermediate snail hosts. Mechanically transformed schistosomula were prepared by mechanical transformation of cercariae and cultured at 37C in DMEM (Sigma, UK) supplemented with 10% foetal calf serum, 2 mM L-glutamine, and 100 ug/ml penicillin/streptomycin in an atmosphere of 5% CO2 for 3hr or 24hr. Skin transformed schistosomula were prepared by allowing cercariae to penetrate a layer of freshly excised mouse skin. After penetration, schistosomula were cultured at 37C in DMEM (Sigma, UK) supplemented with 10% foetal calf serum, 2 mM L-glutamine, and 100 ug/ml penicillin/streptomycin in an atmosphere of 5% CO2 for 24hr. Cercarial tails were obtained using the same procedure as for mechanically transformed schistosomula. (Parameters: time unit = seconds, temperature unit = C) S. mansoni total RNA was extracted from parasites homogenised in TRIzol reagent (Invitrogen UK) using an Ultra-Turrax T10 dispersing tool (IKA-Labortechnik, Janke & Kunkel, GmbH & Co). Cercariae total RNA was isolated using a modified TRIzol/RNeasy (Invitrogen UK Qiagen UK) procedure as previously described, RNA from the rest of the samples was extracted using TRIzol(Invitrogen, UK)according to manufacturers instructions. All RNA was subsequently quantified with a NanoDrop ND-1000 UV-Vis spectrophotometer and visualized for quality using an Agilent 2100 bioanalyzer. (Parameters: Extracted product = total_RNA, Amplification = none)	E-MTAB-451:4912_7	somule5	RNA-Seq	TRANSCRIPTOMIC	cDNA	PAIRED	ILLUMINA	Illumina Genome Analyzer II	22248179	3381723208	ftp.sra.ebi.ac.uk/vol1/fastq/ERR022/ERR022882/ERR022882_1.fastq.gz;ftp.sra.ebi.ac.uk/vol1/fastq/ERR022/ERR022882/ERR022882_2.fastq.gz	a8fb9fb3b5fd180dd17cb66c601ce45e;52289aa7a2614d2120661770ffb9874f	1625141884;1445409567
ERR022873	PRJEB2350	ERP000427	SAMEA988615	ERS017678	ERX009276	E-MTAB-451:adult2	adult2	Protocols: A Peurto Rican strain of S. mansoni was used in this study. Mixed-sex worms (including female worms) were perfused from percutaneously infected Golden Syrian hamsters challenged 7-weeks earlier with cercariae and provided by Dr. Phil LoVerde (University of Texas, San Antonio, Texas, U.S.). Cercariae were shed from Biomphalaria glabrata intermediate snail hosts. Mechanically transformed schistosomula were prepared by mechanical transformation of cercariae and cultured at 37C in DMEM (Sigma, UK) supplemented with 10% foetal calf serum, 2 mM L-glutamine, and 100 ug/ml penicillin/streptomycin in an atmosphere of 5% CO2 for 3hr or 24hr. Skin transformed schistosomula were prepared by allowing cercariae to penetrate a layer of freshly excised mouse skin. After penetration, schistosomula were cultured at 37C in DMEM (Sigma, UK) supplemented with 10% foetal calf serum, 2 mM L-glutamine, and 100 ug/ml penicillin/streptomycin in an atmosphere of 5% CO2 for 24hr. Cercarial tails were obtained using the same procedure as for mechanically transformed schistosomula. (Parameters: time unit = seconds, temperature unit = C) S. mansoni total RNA was extracted from parasites homogenised in TRIzol reagent (Invitrogen UK) using an Ultra-Turrax T10 dispersing tool (IKA-Labortechnik, Janke & Kunkel, GmbH & Co). Cercariae total RNA was isolated using a modified TRIzol/RNeasy (Invitrogen UK Qiagen UK) procedure as previously described, RNA from the rest of the samples was extracted using TRIzol(Invitrogen, UK)according to manufacturers instructions. All RNA was subsequently quantified with a NanoDrop ND-1000 UV-Vis spectrophotometer and visualized for quality using an Agilent 2100 bioanalyzer. (Parameters: Extracted product = total_RNA, Amplification = none)	E-MTAB-451:3224_1	adult2	RNA-Seq	TRANSCRIPTOMIC	cDNA	PAIRED	ILLUMINA	Illumina Genome Analyzer II	10521255	1599230760	ftp.sra.ebi.ac.uk/vol1/fastq/ERR022/ERR022873/ERR022873_1.fastq.gz;ftp.sra.ebi.ac.uk/vol1/fastq/ERR022/ERR022873/ERR022873_2.fastq.gz	1bd28f61bed542e331dec0bb03a292ec;972a7238a2e6c8e040661be1c6e4b892	762995233;771676171
ERR022881	PRJEB2350	ERP000427	SAMEA988622	ERS017682	ERX009280	E-MTAB-451:somule4	somule4	Protocols: A Peurto Rican strain of S. mansoni was used in this study. Mixed-sex worms (including female worms) were perfused from percutaneously infected Golden Syrian hamsters challenged 7-weeks earlier with cercariae and provided by Dr. Phil LoVerde (University of Texas, San Antonio, Texas, U.S.). Cercariae were shed from Biomphalaria glabrata intermediate snail hosts. Mechanically transformed schistosomula were prepared by mechanical transformation of cercariae and cultured at 37C in DMEM (Sigma, UK) supplemented with 10% foetal calf serum, 2 mM L-glutamine, and 100 ug/ml penicillin/streptomycin in an atmosphere of 5% CO2 for 3hr or 24hr. Skin transformed schistosomula were prepared by allowing cercariae to penetrate a layer of freshly excised mouse skin. After penetration, schistosomula were cultured at 37C in DMEM (Sigma, UK) supplemented with 10% foetal calf serum, 2 mM L-glutamine, and 100 ug/ml penicillin/streptomycin in an atmosphere of 5% CO2 for 24hr. Cercarial tails were obtained using the same procedure as for mechanically transformed schistosomula. (Parameters: time unit = seconds, temperature unit = C) S. mansoni total RNA was extracted from parasites homogenised in TRIzol reagent (Invitrogen UK) using an Ultra-Turrax T10 dispersing tool (IKA-Labortechnik, Janke & Kunkel, GmbH & Co). Cercariae total RNA was isolated using a modified TRIzol/RNeasy (Invitrogen UK Qiagen UK) procedure as previously described, RNA from the rest of the samples was extracted using TRIzol(Invitrogen, UK)according to manufacturers instructions. All RNA was subsequently quantified with a NanoDrop ND-1000 UV-Vis spectrophotometer and visualized for quality using an Agilent 2100 bioanalyzer. (Parameters: Extracted product = total_RNA, Amplification = none)	E-MTAB-451:4912_6	somule4	RNA-Seq	TRANSCRIPTOMIC	cDNA	PAIRED	ILLUMINA	Illumina Genome Analyzer II	25220643	3833537736	ftp.sra.ebi.ac.uk/vol1/fastq/ERR022/ERR022881/ERR022881_1.fastq.gz;ftp.sra.ebi.ac.uk/vol1/fastq/ERR022/ERR022881/ERR022881_2.fastq.gz	6df4336a6999685307cdc1999fb662fa;66cd60149a7152d17ce77cdd1015d92b	1906034401;1733449050
ERR022883	PRJEB2350	ERP000427	SAMEA988618	ERS017677	ERX009275	E-MTAB-451:somule6	somule6	Protocols: A Peurto Rican strain of S. mansoni was used in this study. Mixed-sex worms (including female worms) were perfused from percutaneously infected Golden Syrian hamsters challenged 7-weeks earlier with cercariae and provided by Dr. Phil LoVerde (University of Texas, San Antonio, Texas, U.S.). Cercariae were shed from Biomphalaria glabrata intermediate snail hosts. Mechanically transformed schistosomula were prepared by mechanical transformation of cercariae and cultured at 37C in DMEM (Sigma, UK) supplemented with 10% foetal calf serum, 2 mM L-glutamine, and 100 ug/ml penicillin/streptomycin in an atmosphere of 5% CO2 for 3hr or 24hr. Skin transformed schistosomula were prepared by allowing cercariae to penetrate a layer of freshly excised mouse skin. After penetration, schistosomula were cultured at 37C in DMEM (Sigma, UK) supplemented with 10% foetal calf serum, 2 mM L-glutamine, and 100 ug/ml penicillin/streptomycin in an atmosphere of 5% CO2 for 24hr. Cercarial tails were obtained using the same procedure as for mechanically transformed schistosomula. (Parameters: time unit = seconds, temperature unit = C) S. mansoni total RNA was extracted from parasites homogenised in TRIzol reagent (Invitrogen UK) using an Ultra-Turrax T10 dispersing tool (IKA-Labortechnik, Janke & Kunkel, GmbH & Co). Cercariae total RNA was isolated using a modified TRIzol/RNeasy (Invitrogen UK Qiagen UK) procedure as previously described, RNA from the rest of the samples was extracted using TRIzol(Invitrogen, UK)according to manufacturers instructions. All RNA was subsequently quantified with a NanoDrop ND-1000 UV-Vis spectrophotometer and visualized for quality using an Agilent 2100 bioanalyzer. (Parameters: Extracted product = total_RNA, Amplification = none)	E-MTAB-451:4912_8	somule6	RNA-Seq	TRANSCRIPTOMIC	cDNA	PAIRED	ILLUMINA	Illumina Genome Analyzer II	24485091	3721733832	ftp.sra.ebi.ac.uk/vol1/fastq/ERR022/ERR022883/ERR022883_1.fastq.gz;ftp.sra.ebi.ac.uk/vol1/fastq/ERR022/ERR022883/ERR022883_2.fastq.gz	a3edc6a1bf83e252ccc0efeb66b83a07;70fae88bc6f1601e12b42d1a7755372c	1846637819;1681902761
ERR022872	PRJEB2350	ERP000427	SAMEA988623	ERS017681	ERX009279	E-MTAB-451:cerc10a	cerc10a	Protocols: A Peurto Rican strain of S. mansoni was used in this study. Mixed-sex worms (including female worms) were perfused from percutaneously infected Golden Syrian hamsters challenged 7-weeks earlier with cercariae and provided by Dr. Phil LoVerde (University of Texas, San Antonio, Texas, U.S.). Cercariae were shed from Biomphalaria glabrata intermediate snail hosts. Mechanically transformed schistosomula were prepared by mechanical transformation of cercariae and cultured at 37C in DMEM (Sigma, UK) supplemented with 10% foetal calf serum, 2 mM L-glutamine, and 100 ug/ml penicillin/streptomycin in an atmosphere of 5% CO2 for 3hr or 24hr. Skin transformed schistosomula were prepared by allowing cercariae to penetrate a layer of freshly excised mouse skin. After penetration, schistosomula were cultured at 37C in DMEM (Sigma, UK) supplemented with 10% foetal calf serum, 2 mM L-glutamine, and 100 ug/ml penicillin/streptomycin in an atmosphere of 5% CO2 for 24hr. Cercarial tails were obtained using the same procedure as for mechanically transformed schistosomula. (Parameters: time unit = seconds, temperature unit = C) S. mansoni total RNA was extracted from parasites homogenised in TRIzol reagent (Invitrogen UK) using an Ultra-Turrax T10 dispersing tool (IKA-Labortechnik, Janke & Kunkel, GmbH & Co). Cercariae total RNA was isolated using a modified TRIzol/RNeasy (Invitrogen UK Qiagen UK) procedure as previously described, RNA from the rest of the samples was extracted using TRIzol(Invitrogen, UK)according to manufacturers instructions. All RNA was subsequently quantified with a NanoDrop ND-1000 UV-Vis spectrophotometer and visualized for quality using an Agilent 2100 bioanalyzer. (Parameters: Extracted product = total_RNA, Amplification = none)	E-MTAB-451:3012_1	cerc10a	RNA-Seq	TRANSCRIPTOMIC	cDNA	PAIRED	ILLUMINA	Illumina Genome Analyzer II	16846390	2560651280	ftp.sra.ebi.ac.uk/vol1/fastq/ERR022/ERR022872/ERR022872_1.fastq.gz;ftp.sra.ebi.ac.uk/vol1/fastq/ERR022/ERR022872/ERR022872_2.fastq.gz	d98eb07f134414ed169666a88b011f07;b6fe4aa4e6beef1af11c5054030d9ac0	1139152255;1219430038
ERR022876	PRJEB2350	ERP000427	SAMEA988621	ERS017683	ERX009281	E-MTAB-451:somule1	somule1	Protocols: A Peurto Rican strain of S. mansoni was used in this study. Mixed-sex worms (including female worms) were perfused from percutaneously infected Golden Syrian hamsters challenged 7-weeks earlier with cercariae and provided by Dr. Phil LoVerde (University of Texas, San Antonio, Texas, U.S.). Cercariae were shed from Biomphalaria glabrata intermediate snail hosts. Mechanically transformed schistosomula were prepared by mechanical transformation of cercariae and cultured at 37C in DMEM (Sigma, UK) supplemented with 10% foetal calf serum, 2 mM L-glutamine, and 100 ug/ml penicillin/streptomycin in an atmosphere of 5% CO2 for 3hr or 24hr. Skin transformed schistosomula were prepared by allowing cercariae to penetrate a layer of freshly excised mouse skin. After penetration, schistosomula were cultured at 37C in DMEM (Sigma, UK) supplemented with 10% foetal calf serum, 2 mM L-glutamine, and 100 ug/ml penicillin/streptomycin in an atmosphere of 5% CO2 for 24hr. Cercarial tails were obtained using the same procedure as for mechanically transformed schistosomula. (Parameters: time unit = seconds, temperature unit = C) S. mansoni total RNA was extracted from parasites homogenised in TRIzol reagent (Invitrogen UK) using an Ultra-Turrax T10 dispersing tool (IKA-Labortechnik, Janke & Kunkel, GmbH & Co). Cercariae total RNA was isolated using a modified TRIzol/RNeasy (Invitrogen UK Qiagen UK) procedure as previously described, RNA from the rest of the samples was extracted using TRIzol(Invitrogen, UK)according to manufacturers instructions. All RNA was subsequently quantified with a NanoDrop ND-1000 UV-Vis spectrophotometer and visualized for quality using an Agilent 2100 bioanalyzer. (Parameters: Extracted product = total_RNA, Amplification = none)	E-MTAB-451:4441_1	somule1	RNA-Seq	TRANSCRIPTOMIC	cDNA	PAIRED	ILLUMINA	Illumina Genome Analyzer II	23727384	3606562368	ftp.sra.ebi.ac.uk/vol1/fastq/ERR022/ERR022876/ERR022876_1.fastq.gz;ftp.sra.ebi.ac.uk/vol1/fastq/ERR022/ERR022876/ERR022876_2.fastq.gz	9d7933e5b41e8d63b82c6dbf874f0b5a;262acd3b720c3e36324f5900670ffa1f	1752370735;1522887893
ERR022878	PRJEB2350	ERP000427	SAMEA988614	ERS017679	ERX009277	E-MTAB-451:cerc13	cerc13	Protocols: A Peurto Rican strain of S. mansoni was used in this study. Mixed-sex worms (including female worms) were perfused from percutaneously infected Golden Syrian hamsters challenged 7-weeks earlier with cercariae and provided by Dr. Phil LoVerde (University of Texas, San Antonio, Texas, U.S.). Cercariae were shed from Biomphalaria glabrata intermediate snail hosts. Mechanically transformed schistosomula were prepared by mechanical transformation of cercariae and cultured at 37C in DMEM (Sigma, UK) supplemented with 10% foetal calf serum, 2 mM L-glutamine, and 100 ug/ml penicillin/streptomycin in an atmosphere of 5% CO2 for 3hr or 24hr. Skin transformed schistosomula were prepared by allowing cercariae to penetrate a layer of freshly excised mouse skin. After penetration, schistosomula were cultured at 37C in DMEM (Sigma, UK) supplemented with 10% foetal calf serum, 2 mM L-glutamine, and 100 ug/ml penicillin/streptomycin in an atmosphere of 5% CO2 for 24hr. Cercarial tails were obtained using the same procedure as for mechanically transformed schistosomula. (Parameters: time unit = seconds, temperature unit = C) S. mansoni total RNA was extracted from parasites homogenised in TRIzol reagent (Invitrogen UK) using an Ultra-Turrax T10 dispersing tool (IKA-Labortechnik, Janke & Kunkel, GmbH & Co). Cercariae total RNA was isolated using a modified TRIzol/RNeasy (Invitrogen UK Qiagen UK) procedure as previously described, RNA from the rest of the samples was extracted using TRIzol(Invitrogen, UK)according to manufacturers instructions. All RNA was subsequently quantified with a NanoDrop ND-1000 UV-Vis spectrophotometer and visualized for quality using an Agilent 2100 bioanalyzer. (Parameters: Extracted product = total_RNA, Amplification = none)	E-MTAB-451:4485_6	cerc13	RNA-Seq	TRANSCRIPTOMIC	cDNA	PAIRED	ILLUMINA	Illumina Genome Analyzer II	21874383	3324906216	ftp.sra.ebi.ac.uk/vol1/fastq/ERR022/ERR022878/ERR022878_1.fastq.gz;ftp.sra.ebi.ac.uk/vol1/fastq/ERR022/ERR022878/ERR022878_2.fastq.gz	3db9e6df0e9805291590afc9e48091e7;9f9057f63722a14a3b7518d7e3616c3a	1645085756;1494408341
ERR022879	PRJEB2350	ERP000427	SAMEA988617	ERS017676	ERX009274	E-MTAB-451:somule2	somule2	Protocols: A Peurto Rican strain of S. mansoni was used in this study. Mixed-sex worms (including female worms) were perfused from percutaneously infected Golden Syrian hamsters challenged 7-weeks earlier with cercariae and provided by Dr. Phil LoVerde (University of Texas, San Antonio, Texas, U.S.). Cercariae were shed from Biomphalaria glabrata intermediate snail hosts. Mechanically transformed schistosomula were prepared by mechanical transformation of cercariae and cultured at 37C in DMEM (Sigma, UK) supplemented with 10% foetal calf serum, 2 mM L-glutamine, and 100 ug/ml penicillin/streptomycin in an atmosphere of 5% CO2 for 3hr or 24hr. Skin transformed schistosomula were prepared by allowing cercariae to penetrate a layer of freshly excised mouse skin. After penetration, schistosomula were cultured at 37C in DMEM (Sigma, UK) supplemented with 10% foetal calf serum, 2 mM L-glutamine, and 100 ug/ml penicillin/streptomycin in an atmosphere of 5% CO2 for 24hr. Cercarial tails were obtained using the same procedure as for mechanically transformed schistosomula. (Parameters: time unit = seconds, temperature unit = C) S. mansoni total RNA was extracted from parasites homogenised in TRIzol reagent (Invitrogen UK) using an Ultra-Turrax T10 dispersing tool (IKA-Labortechnik, Janke & Kunkel, GmbH & Co). Cercariae total RNA was isolated using a modified TRIzol/RNeasy (Invitrogen UK Qiagen UK) procedure as previously described, RNA from the rest of the samples was extracted using TRIzol(Invitrogen, UK)according to manufacturers instructions. All RNA was subsequently quantified with a NanoDrop ND-1000 UV-Vis spectrophotometer and visualized for quality using an Agilent 2100 bioanalyzer. (Parameters: Extracted product = total_RNA, Amplification = none)	E-MTAB-451:4912_3	somule2	RNA-Seq	TRANSCRIPTOMIC	cDNA	PAIRED	ILLUMINA	Illumina Genome Analyzer II	29314489	4455802328	ftp.sra.ebi.ac.uk/vol1/fastq/ERR022/ERR022879/ERR022879_1.fastq.gz;ftp.sra.ebi.ac.uk/vol1/fastq/ERR022/ERR022879/ERR022879_2.fastq.gz	9f577726b71181b93af7c00b2fef6cbc;e1ff36c9744cc1c50c4d5fb1b61b4871	2262414547;2012607429
ERR022880	PRJEB2350	ERP000427	SAMEA988616	ERS017686	ERX009285	E-MTAB-451:somule3	somule3	Protocols: A Peurto Rican strain of S. mansoni was used in this study. Mixed-sex worms (including female worms) were perfused from percutaneously infected Golden Syrian hamsters challenged 7-weeks earlier with cercariae and provided by Dr. Phil LoVerde (University of Texas, San Antonio, Texas, U.S.). Cercariae were shed from Biomphalaria glabrata intermediate snail hosts. Mechanically transformed schistosomula were prepared by mechanical transformation of cercariae and cultured at 37C in DMEM (Sigma, UK) supplemented with 10% foetal calf serum, 2 mM L-glutamine, and 100 ug/ml penicillin/streptomycin in an atmosphere of 5% CO2 for 3hr or 24hr. Skin transformed schistosomula were prepared by allowing cercariae to penetrate a layer of freshly excised mouse skin. After penetration, schistosomula were cultured at 37C in DMEM (Sigma, UK) supplemented with 10% foetal calf serum, 2 mM L-glutamine, and 100 ug/ml penicillin/streptomycin in an atmosphere of 5% CO2 for 24hr. Cercarial tails were obtained using the same procedure as for mechanically transformed schistosomula. (Parameters: time unit = seconds, temperature unit = C) S. mansoni total RNA was extracted from parasites homogenised in TRIzol reagent (Invitrogen UK) using an Ultra-Turrax T10 dispersing tool (IKA-Labortechnik, Janke & Kunkel, GmbH & Co). Cercariae total RNA was isolated using a modified TRIzol/RNeasy (Invitrogen UK Qiagen UK) procedure as previously described, RNA from the rest of the samples was extracted using TRIzol(Invitrogen, UK)according to manufacturers instructions. All RNA was subsequently quantified with a NanoDrop ND-1000 UV-Vis spectrophotometer and visualized for quality using an Agilent 2100 bioanalyzer. (Parameters: Extracted product = total_RNA, Amplification = none)	E-MTAB-451:4912_5	somule3	RNA-Seq	TRANSCRIPTOMIC	cDNA	PAIRED	ILLUMINA	Illumina Genome Analyzer II	25308306	3846862512	ftp.sra.ebi.ac.uk/vol1/fastq/ERR022/ERR022880/ERR022880_1.fastq.gz;ftp.sra.ebi.ac.uk/vol1/fastq/ERR022/ERR022880/ERR022880_2.fastq.gz	35c1600a7127116592211697037dad8d;7079857d6358df157089205cdfc536a8	1904311068;1725408334
ERR022874	PRJEB2350	ERP000427	SAMEA988621	ERS017683	ERX009284	E-MTAB-451:somule1	somule1	Protocols: A Peurto Rican strain of S. mansoni was used in this study. Mixed-sex worms (including female worms) were perfused from percutaneously infected Golden Syrian hamsters challenged 7-weeks earlier with cercariae and provided by Dr. Phil LoVerde (University of Texas, San Antonio, Texas, U.S.). Cercariae were shed from Biomphalaria glabrata intermediate snail hosts. Mechanically transformed schistosomula were prepared by mechanical transformation of cercariae and cultured at 37C in DMEM (Sigma, UK) supplemented with 10% foetal calf serum, 2 mM L-glutamine, and 100 ug/ml penicillin/streptomycin in an atmosphere of 5% CO2 for 3hr or 24hr. Skin transformed schistosomula were prepared by allowing cercariae to penetrate a layer of freshly excised mouse skin. After penetration, schistosomula were cultured at 37C in DMEM (Sigma, UK) supplemented with 10% foetal calf serum, 2 mM L-glutamine, and 100 ug/ml penicillin/streptomycin in an atmosphere of 5% CO2 for 24hr. Cercarial tails were obtained using the same procedure as for mechanically transformed schistosomula. (Parameters: time unit = seconds, temperature unit = C) S. mansoni total RNA was extracted from parasites homogenised in TRIzol reagent (Invitrogen UK) using an Ultra-Turrax T10 dispersing tool (IKA-Labortechnik, Janke & Kunkel, GmbH & Co). Cercariae total RNA was isolated using a modified TRIzol/RNeasy (Invitrogen UK Qiagen UK) procedure as previously described, RNA from the rest of the samples was extracted using TRIzol(Invitrogen, UK)according to manufacturers instructions. All RNA was subsequently quantified with a NanoDrop ND-1000 UV-Vis spectrophotometer and visualized for quality using an Agilent 2100 bioanalyzer. (Parameters: Extracted product = total_RNA, Amplification = none)	E-MTAB-451:3224_2	somule1	RNA-Seq	TRANSCRIPTOMIC	cDNA	PAIRED	ILLUMINA	Illumina Genome Analyzer II	7048165	1071321080	ftp.sra.ebi.ac.uk/vol1/fastq/ERR022/ERR022874/ERR022874_1.fastq.gz;ftp.sra.ebi.ac.uk/vol1/fastq/ERR022/ERR022874/ERR022874_2.fastq.gz	1628a3de32afaa181e5401ce255e030a;043bbb66d0bb8a0fd51573eae5628fd3	497537393;509115694
ERR022877	PRJEB2350	ERP000427	SAMEA988624	ERS017680	ERX009278	E-MTAB-451:cerc12	cerc12	Protocols: A Peurto Rican strain of S. mansoni was used in this study. Mixed-sex worms (including female worms) were perfused from percutaneously infected Golden Syrian hamsters challenged 7-weeks earlier with cercariae and provided by Dr. Phil LoVerde (University of Texas, San Antonio, Texas, U.S.). Cercariae were shed from Biomphalaria glabrata intermediate snail hosts. Mechanically transformed schistosomula were prepared by mechanical transformation of cercariae and cultured at 37C in DMEM (Sigma, UK) supplemented with 10% foetal calf serum, 2 mM L-glutamine, and 100 ug/ml penicillin/streptomycin in an atmosphere of 5% CO2 for 3hr or 24hr. Skin transformed schistosomula were prepared by allowing cercariae to penetrate a layer of freshly excised mouse skin. After penetration, schistosomula were cultured at 37C in DMEM (Sigma, UK) supplemented with 10% foetal calf serum, 2 mM L-glutamine, and 100 ug/ml penicillin/streptomycin in an atmosphere of 5% CO2 for 24hr. Cercarial tails were obtained using the same procedure as for mechanically transformed schistosomula. (Parameters: time unit = seconds, temperature unit = C) S. mansoni total RNA was extracted from parasites homogenised in TRIzol reagent (Invitrogen UK) using an Ultra-Turrax T10 dispersing tool (IKA-Labortechnik, Janke & Kunkel, GmbH & Co). Cercariae total RNA was isolated using a modified TRIzol/RNeasy (Invitrogen UK Qiagen UK) procedure as previously described, RNA from the rest of the samples was extracted using TRIzol(Invitrogen, UK)according to manufacturers instructions. All RNA was subsequently quantified with a NanoDrop ND-1000 UV-Vis spectrophotometer and visualized for quality using an Agilent 2100 bioanalyzer. (Parameters: Extracted product = total_RNA, Amplification = none)	E-MTAB-451:4485_5	cerc12	RNA-Seq	TRANSCRIPTOMIC	cDNA	PAIRED	ILLUMINA	Illumina Genome Analyzer II	30777230	4678138960	ftp.sra.ebi.ac.uk/vol1/fastq/ERR022/ERR022877/ERR022877_1.fastq.gz;ftp.sra.ebi.ac.uk/vol1/fastq/ERR022/ERR022877/ERR022877_2.fastq.gz	a48bd63b823ebe99a179e218ef0e0484;0731d2b950a1092f4a9fb0c10b4528d1	2411685781;2235678592
