task_id	hash	native_id	name	status	exit	submit	duration	realtime	%cpu	peak_rss	peak_vmem	rchar	wchar	workdir
2	eb/d63e63	23236	RNASEQ:RNASEQ_NATIVE_FOUNDATION:RNASEQ_CONTEXT (rnaseq:context)	COMPLETED	0	2026-09-28 19:31:44.278	4.2s	123ms	15.2%	3.6 MB	7.2 MB	120.5 KB	5.2 KB	${HF_WORK_ROOT}/eb/d63e633ec61f74b8b22f633c7090c9
1	82/cb755f	23235	RNASEQ:RNASEQ_DIFFERENTIAL_EXPRESSION:RNASEQ_DE_CONTEXT (rnaseq:de:context)	COMPLETED	0	2026-09-28 19:31:44.253	4.2s	1.5s	14.6%	3.7 MB	7.2 MB	131.6 MB	130.7 MB	${HF_WORK_ROOT}/82/cb755f62afcc3b7468bd85b0088a47
3	69/f002e3	23237	RNASEQ:RNASEQ_NATIVE_FOUNDATION:RNASEQ_METADATA (rnaseq:metadata)	COMPLETED	0	2026-09-28 19:31:48.538	4.9s	233ms	33.2%	13.5 MB	25.7 MB	925.2 KB	15.6 KB	${HF_WORK_ROOT}/69/f002e354ebb5862ee8f529f1391216
16	9c/798c7b	23238	RNASEQ:RNASEQ_NATIVE_FOUNDATION:REFERENCE_BUNDLE (reference:Schistosoma_mansoni_SM_V10_WBPS19)	COMPLETED	0	2026-09-28 19:31:54.502	33.9s	3.8s	65.4%	23 MB	38.6 MB	971.1 MB	1.9 KB	${HF_WORK_ROOT}/9c/798c7bd35cf5431ec1b0e4b2c93e98
26	e2/fb11ac	23246	RNASEQ:RNASEQ_ALIGNMENT_QUANTIFICATION:RNASEQ_IMPORT_CONTEXT (rnaseq:import:salmon)	COMPLETED	0	2026-09-28 19:32:28.969	4.5s	633ms	7.7%	3.5 MB	7.1 MB	67.1 MB	67 MB	${HF_WORK_ROOT}/e2/fb11ac90dad1b3018649e5dc1e68d1
27	2b/0a4ebb	23247	RNASEQ:RNASEQ_ALIGNMENT_QUANTIFICATION:IMPORT:TX2GENE_BUILD (rnaseq.import.tx2gene)	COMPLETED	0	2026-09-28 19:32:34.927	1m 9s	46.6s	41.7%	956.5 MB	1.4 GB	254.4 MB	261 KB	${HF_WORK_ROOT}/2b/0a4ebb654241468c337a37fb87050d
5	c7/6f42c6	23239	RNASEQ:RNASEQ_QC:FASTQC_RAW (E-MTAB-451.adult_mixed_r1.ERR022873.raw.R2)	COMPLETED	0	2026-09-28 19:32:13.709	1m 35s	1m 5s	99.6%	1.4 GB	5 GB	748.5 MB	3.1 MB	${HF_WORK_ROOT}/c7/6f42c620f017ccebdfc46a35f44f83
4	d9/f55c71	23240	RNASEQ:RNASEQ_QC:FASTQC_RAW (E-MTAB-451.adult_mixed_r1.ERR022873.raw.R1)	COMPLETED	0	2026-09-28 19:32:14.164	1m 35s	1m 5s	99.9%	1.4 GB	5 GB	740.2 MB	3.1 MB	${HF_WORK_ROOT}/d9/f55c7143349cb900f876b2b25f8956
7	f6/a0a51c	23242	RNASEQ:RNASEQ_QC:FASTQC_RAW (E-MTAB-451.cercaria_whole_r1.ERR022872.raw.R2)	COMPLETED	0	2026-09-28 19:32:24.021	2m 10s	1m 54s	92.5%	1.3 GB	4.9 GB	1.1 GB	3 MB	${HF_WORK_ROOT}/f6/a0a51c21722ef28d7476b030cd52d2
6	9b/0a95fe	23243	RNASEQ:RNASEQ_QC:FASTQC_RAW (E-MTAB-451.cercaria_whole_r1.ERR022872.raw.R1)	COMPLETED	0	2026-09-28 19:32:24.072	2m 10s	1m 49s	92.2%	1.4 GB	5 GB	1.1 GB	3 MB	${HF_WORK_ROOT}/9b/0a95feb70b6d26bea351d17367f582
20	11/37bbd7	23244	RNASEQ:RNASEQ_QC:FASTQC_RAW (E-MTAB-451.cercarial_tail_r1.ERR022875.raw.R1)	COMPLETED	0	2026-09-28 19:32:24.521	2m 9s	1m 28s	93.0%	1.3 GB	4.9 GB	950.8 MB	3.1 MB	${HF_WORK_ROOT}/11/37bbd7ca32e56d19fb1612e0a534ae
22	e2/415ca7	23250	RNASEQ:RNASEQ_QC:FASTQC_RAW (E-MTAB-451.cercarial_tail_r1.ERR022875.raw.R2)	COMPLETED	0	2026-09-28 19:33:49.205	1m 34s	1m 30s	96.1%	1.3 GB	4.9 GB	924.5 MB	3.1 MB	${HF_WORK_ROOT}/e2/415ca7edf0280db3833f668aa170b9
10	06/9b29dc	23248	RNASEQ:RNASEQ_QC:FASTQC_RAW (E-MTAB-451.cercaria_whole_r3.ERR022878.raw.R1)	COMPLETED	0	2026-09-28 19:33:43.634	2m 35s	2m 8s	101.6%	1.3 GB	4.9 GB	1.5 GB	3 MB	${HF_WORK_ROOT}/06/9b29dcc53cacf8da88b5fea14f1d34
23	99/f79af4	23249	RNASEQ:RNASEQ_QC:FASTQC_RAW (E-MTAB-451.schistosomulum_24h_r1.ERR022880.raw.R1)	COMPLETED	0	2026-09-28 19:33:49.076	2m 35s	2m 16s	102.3%	1.3 GB	4.8 GB	1.8 GB	3 MB	${HF_WORK_ROOT}/99/f79af49c0025e41a9cd58e900feb8f
11	24/0b966b	23241	RNASEQ:RNASEQ_QC:TRIM_GALORE (E-MTAB-451.adult_mixed_r1.ERR022873.trim_galore)	COMPLETED	0	2026-09-28 19:32:14.713	4m 55s	4m 33s	610.3%	307.2 MB	2.1 GB	26.7 GB	26.5 GB	${HF_WORK_ROOT}/24/0b966b12d00f98a95800a3a26f762b
32	ef/2ea24a	23253	RNASEQ:RNASEQ_QC:FASTQC_RAW (E-MTAB-451.schistosomulum_24h_r3.ERR022882.raw.R2)	COMPLETED	0	2026-09-28 19:34:33.897	3m 10s	2m 41s	81.1%	1.4 GB	5 GB	1.4 GB	3 MB	${HF_WORK_ROOT}/ef/2ea24ae8ddc050678c2d268c9fbeb0
29	25/4bb85f	23257	RNASEQ:RNASEQ_QC:FASTQC_RAW (E-MTAB-451.schistosomulum_24h_r2.ERR022881.raw.R2)	COMPLETED	0	2026-09-28 19:37:09.816	2m 39s	2m 11s	101.8%	1.3 GB	4.8 GB	1.6 GB	3 MB	${HF_WORK_ROOT}/25/4bb85f4c29cdbd2f3af922cc4f852c
15	3a/87f197	23254	RNASEQ:RNASEQ_QC:TRIM_GALORE (E-MTAB-451.cercarial_tail_r1.ERR022875.trim_galore)	COMPLETED	0	2026-09-28 19:35:23.478	5m 5s	4m 40s	515.7%	312.6 MB	2.1 GB	33 GB	32.7 GB	${HF_WORK_ROOT}/3a/87f197d4f77287ee833049ec445255
9	7b/f3ccbf	23255	RNASEQ:RNASEQ_QC:FASTQC_RAW (E-MTAB-451.cercaria_whole_r2.ERR022877.raw.R2)	COMPLETED	0	2026-09-28 19:36:18.534	4m 35s	4m 29s	71.2%	1.3 GB	4.9 GB	2.1 GB	3 MB	${HF_WORK_ROOT}/7b/f3ccbf2b8ffe3f470105029644b659
12	1b/86a299	23245	RNASEQ:RNASEQ_QC:TRIM_GALORE (E-MTAB-451.cercaria_whole_r1.ERR022872.trim_galore)	COMPLETED	0	2026-09-28 19:32:24.728	8m 44s	8m 21s	605.5%	308.2 MB	2 GB	41.7 GB	41.4 GB	${HF_WORK_ROOT}/1b/86a2991031649df400340b7c4c4397
41	09/12e1f3	23258	RNASEQ:RNASEQ_QC:FASTQC_RAW (E-MTAB-451.schistosomulum_3h_r2.ERR022879.raw.R1)	COMPLETED	0	2026-09-28 19:37:43.531	4m 25s	3m 52s	73.0%	1.3 GB	4.9 GB	2.1 GB	3 MB	${HF_WORK_ROOT}/09/12e1f3cff9e0b533bde0752cc283af
19	0b/54ad8a	23259	RNASEQ:RNASEQ_QC:FASTQC_RAW (E-MTAB-451.cercaria_whole_r3.ERR022878.raw.R2)	COMPLETED	0	2026-09-28 19:39:48.564	2m 35s	1m 47s	100.4%	1.3 GB	5 GB	1.4 GB	3 MB	${HF_WORK_ROOT}/0b/54ad8a3f05c386e4cf0ddf3519a268
44	c1/59977f	23263	RNASEQ:RNASEQ_QC:FASTQC_TRIMMED (E-MTAB-451.adult_mixed_r1.ERR022873.trimmed.R2)	COMPLETED	0	2026-09-28 19:42:08.559	1m 5s	57.6s	101.8%	1.3 GB	4.8 GB	678.5 MB	3.1 MB	${HF_WORK_ROOT}/c1/59977fe3ffeec9b5c9ae94eb201f8d
8	b4/c15a94	23261	RNASEQ:RNASEQ_QC:FASTQC_RAW (E-MTAB-451.cercaria_whole_r2.ERR022877.raw.R1)	COMPLETED	0	2026-09-28 19:40:53.505	3m 15s	2m 43s	101.7%	1.3 GB	5 GB	2.3 GB	3 MB	${HF_WORK_ROOT}/b4/c15a9436aa83b80de0a26d33afe8d4
43	d1/4d9579	23266	RNASEQ:RNASEQ_QC:FASTQC_TRIMMED (E-MTAB-451.adult_mixed_r1.ERR022873.trimmed.R1)	COMPLETED	0	2026-09-28 19:44:08.542	1m 5s	56.9s	100.1%	1.3 GB	4.9 GB	672 MB	3.1 MB	${HF_WORK_ROOT}/d1/4d957976e1eb35d62a78fcdad3afed
21	0c/9d8a29	23252	RNASEQ:RNASEQ_QC:TRIM_GALORE (E-MTAB-451.schistosomulum_24h_r3.ERR022882.trim_galore)	COMPLETED	0	2026-09-28 19:34:33.854	12m 20s	11m 32s	535.0%	337.1 MB	2.1 GB	57.8 GB	57.5 GB	${HF_WORK_ROOT}/0c/9d8a290aaea971e5f995a2b0a6978a
34	81/3f1a41	23256	RNASEQ:RNASEQ_QC:TRIM_GALORE (E-MTAB-451.schistosomulum_3h_r1.ERR022876.trim_galore)	COMPLETED	0	2026-09-28 19:36:24.536	10m 29s	9m 39s	636.1%	334 MB	2.1 GB	62.1 GB	61.9 GB	${HF_WORK_ROOT}/81/3f1a419275e51c99dac1e95d27744c
28	cf/c38148	23265	RNASEQ:RNASEQ_QC:FASTQC_RAW (E-MTAB-451.schistosomulum_24h_r2.ERR022881.raw.R1)	COMPLETED	0	2026-09-28 19:43:13.555	3m 40s	3m 5s	81.2%	1.3 GB	4.8 GB	1.8 GB	3 MB	${HF_WORK_ROOT}/cf/c381486470c7678c6e9d88366b40d2
42	c5/eefd88	23264	RNASEQ:RNASEQ_QC:FASTQC_RAW (E-MTAB-451.schistosomulum_3h_r2.ERR022879.raw.R2)	COMPLETED	0	2026-09-28 19:42:23.527	4m 45s	4m 20s	65.3%	1.4 GB	4.9 GB	1.9 GB	3 MB	${HF_WORK_ROOT}/c5/eefd88298447926fd74c049035b56b
30	df/b173c2	23267	RNASEQ:RNASEQ_QC:FASTQC_RAW (E-MTAB-451.schistosomulum_24h_r3.ERR022882.raw.R1)	COMPLETED	0	2026-09-28 19:45:13.779	2m 35s	1m 51s	99.0%	1.3 GB	4.9 GB	1.5 GB	3 MB	${HF_WORK_ROOT}/df/b173c24032b0f4d9f7c1035cbe8641
37	13/6d6a62	23269	RNASEQ:RNASEQ_QC:FASTQC_RAW (E-MTAB-451.schistosomulum_3h_r1.ERR022874.raw.R1)	COMPLETED	0	2026-09-28 19:46:53.697	1m	40s	99.1%	1.3 GB	5 GB	487 MB	3.1 MB	${HF_WORK_ROOT}/13/6d6a62ae7c927444216601306fe8ee
38	80/3f0d07	23270	RNASEQ:RNASEQ_QC:FASTQC_RAW (E-MTAB-451.schistosomulum_3h_r1.ERR022874.raw.R2)	COMPLETED	0	2026-09-28 19:46:53.795	1m	39.8s	100.4%	1.3 GB	5 GB	498.1 MB	3.1 MB	${HF_WORK_ROOT}/80/3f0d070b0577b50b6d18244b7913c4
18	47/a8e250	23251	RNASEQ:RNASEQ_QC:TRIM_GALORE (E-MTAB-451.schistosomulum_24h_r2.ERR022881.trim_galore)	COMPLETED	0	2026-09-28 19:34:33.809	13m 35s	13m 1s	549.8%	332.7 MB	2.1 GB	65.1 GB	64.7 GB	${HF_WORK_ROOT}/47/a8e2508c55850d57eca8da7dfcc4d4
14	0c/38d548	23260	RNASEQ:RNASEQ_QC:TRIM_GALORE (E-MTAB-451.cercaria_whole_r3.ERR022878.trim_galore)	COMPLETED	0	2026-09-28 19:40:28.549	8m 25s	7m 51s	534.8%	319.9 MB	2 GB	58 GB	57.8 GB	${HF_WORK_ROOT}/0c/38d5483b7775e91cda70338b980b19
48	63/cd4026	23268	RNASEQ:RNASEQ_QC:FASTQC_TRIMMED (E-MTAB-451.cercaria_whole_r1.ERR022872.trimmed.R2)	COMPLETED	0	2026-09-28 19:46:53.629	2m 35s	1m 38s	87.5%	1.3 GB	4.8 GB	1 GB	3.1 MB	${HF_WORK_ROOT}/63/cd4026c601e62e8f9630aafbf50bab
47	55/80a8e1	23272	RNASEQ:RNASEQ_QC:FASTQC_TRIMMED (E-MTAB-451.cercaria_whole_r1.ERR022872.trimmed.R1)	COMPLETED	0	2026-09-28 19:47:49.504	2m 9s	1m 33s	89.7%	1.3 GB	4.9 GB	978.3 MB	3 MB	${HF_WORK_ROOT}/55/80a8e1acadc384d50386ea438ac3e9
24	99/2656b1	23274	RNASEQ:RNASEQ_QC:FASTQC_RAW (E-MTAB-451.schistosomulum_24h_r1.ERR022880.raw.R2)	COMPLETED	0	2026-09-28 19:47:55.027	2m 44s	1m 59s	101.5%	1.3 GB	4.8 GB	1.6 GB	3 MB	${HF_WORK_ROOT}/99/2656b153666a98626cbfcb8effb4be
35	1c/84dec4	23273	RNASEQ:RNASEQ_QC:FASTQC_RAW (E-MTAB-451.schistosomulum_24h_r4.ERR022883.raw.R2)	COMPLETED	0	2026-09-28 19:47:54.786	2m 44s	1m 50s	102.5%	1.4 GB	4.9 GB	1.6 GB	3 MB	${HF_WORK_ROOT}/1c/84dec4fbe1657d96d6d54eafb299a6
31	a1/776a14	23271	RNASEQ:RNASEQ_QC:TRIM_GALORE (E-MTAB-451.schistosomulum_3h_r1.ERR022874.trim_galore)	COMPLETED	0	2026-09-28 19:47:08.780	4m 20s	4m 4s	514.9%	312.6 MB	2.1 GB	17.8 GB	17.6 GB	${HF_WORK_ROOT}/a1/776a149d43f6b8267dc0b3cc585325
53	ba/46bc59	23276	RNASEQ:RNASEQ_QC:FASTQC_TRIMMED (E-MTAB-451.schistosomulum_24h_r2.ERR022881.trimmed.R1)	COMPLETED	0	2026-09-28 19:48:53.553	3m 10s	2m 28s	90.4%	1.3 GB	4.8 GB	1.7 GB	3.1 MB	${HF_WORK_ROOT}/ba/46bc5931c1c1413364e76b9226c628
56	63/8370e7	23277	RNASEQ:RNASEQ_QC:FASTQC_TRIMMED (E-MTAB-451.cercaria_whole_r3.ERR022878.trimmed.R2)	COMPLETED	0	2026-09-28 19:49:28.560	2m 45s	2m 20s	89.0%	1.4 GB	4.9 GB	1.4 GB	3 MB	${HF_WORK_ROOT}/63/8370e7c47d81fb9440fc59e6ff8002
55	24/863b0a	23278	RNASEQ:RNASEQ_QC:FASTQC_TRIMMED (E-MTAB-451.cercaria_whole_r3.ERR022878.trimmed.R1)	COMPLETED	0	2026-09-28 19:49:58.601	3m 10s	2m 56s	79.3%	1.4 GB	4.9 GB	1.5 GB	3.1 MB	${HF_WORK_ROOT}/24/863b0a43fff0d18e67d5494a7fcdaf
39	a9/25099a	23281	RNASEQ:RNASEQ_QC:FASTQC_RAW (E-MTAB-451.schistosomulum_3h_r1.ERR022876.raw.R1)	COMPLETED	0	2026-09-28 19:51:28.552	2m 35s	2m 15s	92.5%	1.3 GB	5 GB	1.6 GB	3 MB	${HF_WORK_ROOT}/a9/25099a1596b4c3b25653aec4752ee8
33	62/efd27d	23279	RNASEQ:RNASEQ_QC:FASTQC_RAW (E-MTAB-451.schistosomulum_24h_r4.ERR022883.raw.R1)	COMPLETED	0	2026-09-28 19:50:40.002	3m 29s	3m 13s	75.2%	1.3 GB	4.8 GB	1.7 GB	3.1 MB	${HF_WORK_ROOT}/62/efd27d184e666e8c4ec8672274ea12
40	09/bca8cf	23282	RNASEQ:RNASEQ_QC:FASTQC_RAW (E-MTAB-451.schistosomulum_3h_r1.ERR022876.raw.R2)	COMPLETED	0	2026-09-28 19:52:03.571	2m 35s	1m 57s	102.6%	1.3 GB	4.9 GB	1.4 GB	2.9 MB	${HF_WORK_ROOT}/09/bca8cf94600a9a6aeab84a54068048
45	dd/519c8f	23284	RNASEQ:RNASEQ_QC:FASTQC_TRIMMED (E-MTAB-451.cercarial_tail_r1.ERR022875.trimmed.R1)	COMPLETED	0	2026-09-28 19:53:08.577	2m 35s	1m 47s	77.6%	1.3 GB	4.8 GB	844.7 MB	3.1 MB	${HF_WORK_ROOT}/dd/519c8f499c0cd14a1759d9be29037a
46	7e/a02584	23285	RNASEQ:RNASEQ_QC:FASTQC_TRIMMED (E-MTAB-451.cercarial_tail_r1.ERR022875.trimmed.R2)	COMPLETED	0	2026-09-28 19:54:04.322	1m 39s	1m 32s	88.9%	1.4 GB	5 GB	847.3 MB	3.2 MB	${HF_WORK_ROOT}/7e/a025845c3e54e9f8d3259fbeafcc4e
50	0d/feb7aa	23286	RNASEQ:RNASEQ_QC:FASTQC_TRIMMED (E-MTAB-451.schistosomulum_24h_r3.ERR022882.trimmed.R2)	COMPLETED	0	2026-09-28 19:54:08.562	2m 40s	1m 55s	96.6%	1.3 GB	4.9 GB	1.2 GB	3.1 MB	${HF_WORK_ROOT}/0d/feb7aa11e9fcf4b3696baaa5b3d526
52	41/6b25f3	23287	RNASEQ:RNASEQ_QC:FASTQC_TRIMMED (E-MTAB-451.schistosomulum_3h_r1.ERR022876.trimmed.R2)	COMPLETED	0	2026-09-28 19:54:38.545	2m 40s	2m 4s	101.4%	1.3 GB	4.8 GB	1.4 GB	3 MB	${HF_WORK_ROOT}/41/6b25f30a93bd5226f15e8adf42c7b2
58	2b/7e5da0	23291	RNASEQ:RNASEQ_QC:FASTQC_TRIMMED (E-MTAB-451.schistosomulum_3h_r1.ERR022874.trimmed.R2)	COMPLETED	0	2026-09-28 19:57:18.672	1m 5s	46.7s	90.7%	1.3 GB	4.9 GB	444.6 MB	3.1 MB	${HF_WORK_ROOT}/2b/7e5da00e6b7fcc63a1a1157dd1603d
13	6d/8012ba	23262	RNASEQ:RNASEQ_QC:TRIM_GALORE (E-MTAB-451.cercaria_whole_r2.ERR022877.trim_galore)	COMPLETED	0	2026-09-28 19:41:08.544	17m 30s	17m 17s	517.9%	342.6 MB	2.1 GB	81.7 GB	81.5 GB	${HF_WORK_ROOT}/6d/8012ba4b7ffedc13d1f038fb06e95c
49	71/d4e67e	23288	RNASEQ:RNASEQ_QC:FASTQC_TRIMMED (E-MTAB-451.schistosomulum_24h_r3.ERR022882.trimmed.R1)	COMPLETED	0	2026-09-28 19:55:43.800	3m 30s	2m 57s	75.6%	1.3 GB	4.9 GB	1.4 GB	3.1 MB	${HF_WORK_ROOT}/71/d4e67e2adb8fd127f5f1239e35a976
51	d0/9c31f9	23289	RNASEQ:RNASEQ_QC:FASTQC_TRIMMED (E-MTAB-451.schistosomulum_3h_r1.ERR022876.trimmed.R1)	COMPLETED	0	2026-09-28 19:55:43.940	3m 30s	3m 18s	75.0%	1.4 GB	4.9 GB	1.6 GB	3.1 MB	${HF_WORK_ROOT}/d0/9c31f907e8786dc51064541d60b8c9
54	d6/edcb83	23290	RNASEQ:RNASEQ_QC:FASTQC_TRIMMED (E-MTAB-451.schistosomulum_24h_r2.ERR022881.trimmed.R2)	COMPLETED	0	2026-09-28 19:56:48.601	2m 40s	2m 18s	89.2%	1.3 GB	4.8 GB	1.4 GB	3.1 MB	${HF_WORK_ROOT}/d6/edcb831825ec60a89b72109d13f755
57	86/d5cfca	23292	RNASEQ:RNASEQ_QC:FASTQC_TRIMMED (E-MTAB-451.schistosomulum_3h_r1.ERR022874.trimmed.R1)	COMPLETED	0	2026-09-28 19:58:24.161	1m 5s	43.2s	97.5%	1.3 GB	5 GB	441.4 MB	3.2 MB	${HF_WORK_ROOT}/86/d5cfcaad913db5584b3b8253aaa8a0
25	83/83d616	23280	RNASEQ:RNASEQ_QC:TRIM_GALORE (E-MTAB-451.schistosomulum_24h_r4.ERR022883.trim_galore)	COMPLETED	0	2026-09-28 19:50:40.032	10m 24s	10m 8s	587.3%	329.8 MB	2.1 GB	63.4 GB	63 GB	${HF_WORK_ROOT}/83/83d616416fe89895f67b23421ac7f8
17	e2/7cb8d6	23275	RNASEQ:RNASEQ_QC:TRIM_GALORE (E-MTAB-451.schistosomulum_24h_r1.ERR022880.trim_galore)	COMPLETED	0	2026-09-28 19:48:08.834	13m 15s	13m 11s	549.9%	318.6 MB	2.1 GB	65.4 GB	65.1 GB	${HF_WORK_ROOT}/e2/7cb8d694c3095014aefda440493857
60	a0/4a3cbd	23293	RNASEQ:RNASEQ_QC:FASTQC_TRIMMED (E-MTAB-451.cercaria_whole_r2.ERR022877.trimmed.R2)	COMPLETED	0	2026-09-28 19:59:04.969	3m 14s	3m 1s	102.1%	1.4 GB	5 GB	2 GB	3 MB	${HF_WORK_ROOT}/a0/4a3cbd5a86c692128e8bdc6ca87cb9
59	df/22e12b	23294	RNASEQ:RNASEQ_QC:FASTQC_TRIMMED (E-MTAB-451.cercaria_whole_r2.ERR022877.trimmed.R1)	COMPLETED	0	2026-09-28 19:59:13.660	4m 10s	3m 24s	86.5%	1.3 GB	4.9 GB	2.2 GB	3.1 MB	${HF_WORK_ROOT}/df/22e12b11ccd916a4aa4adcc4aab467
62	a1/aa98fb	23295	RNASEQ:RNASEQ_QC:FASTQC_TRIMMED (E-MTAB-451.schistosomulum_24h_r4.ERR022883.trimmed.R2)	COMPLETED	0	2026-09-28 20:01:31.541	2m 7s	1m 52s	101.4%	1.3 GB	4.8 GB	1.4 GB	3.1 MB	${HF_WORK_ROOT}/a1/aa98fbd7bf8f82072afc5efbcfeb71
61	ff/2b33bd	23296	RNASEQ:RNASEQ_QC:FASTQC_TRIMMED (E-MTAB-451.schistosomulum_24h_r4.ERR022883.trimmed.R1)	COMPLETED	0	2026-09-28 20:01:33.508	2m 5s	1m 55s	102.3%	1.4 GB	5 GB	1.6 GB	3.1 MB	${HF_WORK_ROOT}/ff/2b33bd0bb0e0166a94ad7b279929a8
64	1c/30c9e1	23297	RNASEQ:RNASEQ_QC:FASTQC_TRIMMED (E-MTAB-451.schistosomulum_24h_r1.ERR022880.trimmed.R2)	COMPLETED	0	2026-09-28 20:01:42.251	2m 31s	2m 14s	102.3%	1.4 GB	5 GB	1.4 GB	3.1 MB	${HF_WORK_ROOT}/1c/30c9e1344331f60c636314b6021c44
63	c3/d801ed	23298	RNASEQ:RNASEQ_QC:FASTQC_TRIMMED (E-MTAB-451.schistosomulum_24h_r1.ERR022880.trimmed.R1)	COMPLETED	0	2026-09-28 20:01:43.735	2m 40s	2m 18s	103.1%	1.3 GB	4.8 GB	1.7 GB	3.1 MB	${HF_WORK_ROOT}/c3/d801ed5ce10dc13a44e3afbf1ac1ac
36	56/304139	23283	RNASEQ:RNASEQ_QC:TRIM_GALORE (E-MTAB-451.schistosomulum_3h_r2.ERR022879.trim_galore)	COMPLETED	0	2026-09-28 19:52:13.721	15m 10s	14m 37s	560.8%	326 MB	2.1 GB	76.2 GB	75.8 GB	${HF_WORK_ROOT}/56/3041390172c630dcfc2a3ed75d0236
67	37/32acfa	23299	RNASEQ:RNASEQ_QC:MERGE_FASTQ (E-MTAB-451.adult_mixed_r1.merge)	COMPLETED	0	2026-09-28 20:07:24.714	2m 39s	2m 32s	3.4%	10.3 MB	26.5 MB	5.2 GB	2.6 GB	${HF_WORK_ROOT}/37/32acfa2f0b9fc0cc8b3798e96ffd48
68	18/7fd393	23300	RNASEQ:RNASEQ_QC:MERGE_FASTQ (E-MTAB-451.cercarial_tail_r1.merge)	COMPLETED	0	2026-09-28 20:07:24.750	4m 44s	4m 13s	2.7%	10.3 MB	26.5 MB	6.5 GB	3.3 GB	${HF_WORK_ROOT}/18/7fd3930d898500cbc5117065c16622
71	68/ecc8e7	23304	RNASEQ:RNASEQ_QC:MERGE_FASTQ (E-MTAB-451.schistosomulum_3h_r1.merge)	COMPLETED	0	2026-09-28 20:07:26.046	4m 48s	4m 41s	5.0%	10.6 MB	26.5 MB	15.1 GB	7.5 GB	${HF_WORK_ROOT}/68/ecc8e7bf74ab23623fa5a80aae4e61
75	11/d64fc6	23306	RNASEQ:RNASEQ_QC:MERGE_FASTQ (E-MTAB-451.schistosomulum_24h_r4.merge)	COMPLETED	0	2026-09-28 20:07:26.666	4m 52s	4m 33s	17.5%	10.1 MB	26.5 MB	12 GB	6 GB	${HF_WORK_ROOT}/11/d64fc6a3d4ddd9c5e62729bbf9ce76
69	b8/7ba155	23301	RNASEQ:RNASEQ_QC:MERGE_FASTQ (E-MTAB-451.cercaria_whole_r1.merge)	COMPLETED	0	2026-09-28 20:07:24.848	5m 4s	4m 32s	3.2%	10.3 MB	26.5 MB	7.7 GB	3.9 GB	${HF_WORK_ROOT}/b8/7ba155270c7e1b7851080fd31f35cd
73	2c/fc1c43	23305	RNASEQ:RNASEQ_QC:MERGE_FASTQ (E-MTAB-451.cercaria_whole_r3.merge)	COMPLETED	0	2026-09-28 20:07:26.628	5m 22s	5m 3s	10.5%	10.3 MB	26.5 MB	11.3 GB	5.7 GB	${HF_WORK_ROOT}/2c/fc1c439b021fee426eb5ecd0c86d12
70	d6/f473e7	23302	RNASEQ:RNASEQ_QC:MERGE_FASTQ (E-MTAB-451.schistosomulum_24h_r3.merge)	COMPLETED	0	2026-09-28 20:07:25.316	5m 58s	5m 48s	3.2%	10.2 MB	26.5 MB	10.7 GB	5.3 GB	${HF_WORK_ROOT}/d6/f473e775dded8b1d6dc2198c713649
72	f0/1b44db	23303	RNASEQ:RNASEQ_QC:MERGE_FASTQ (E-MTAB-451.schistosomulum_24h_r2.merge)	COMPLETED	0	2026-09-28 20:07:25.814	5m 58s	5m 47s	3.6%	10.4 MB	26.5 MB	12.3 GB	6.2 GB	${HF_WORK_ROOT}/f0/1b44dbcd74a386ef0089df3cca461b
76	60/863bb5	23307	RNASEQ:RNASEQ_QC:MERGE_FASTQ (E-MTAB-451.schistosomulum_24h_r1.merge)	COMPLETED	0	2026-09-28 20:10:03.839	3m 50s	3m 36s	4.7%	10.4 MB	26.5 MB	12.4 GB	6.2 GB	${HF_WORK_ROOT}/60/863bb57b1da569e067513e6862f80f
78	a7/813231	23312	RNASEQ:RNASEQ_QC:FASTQC_MERGED (E-MTAB-451.adult_mixed_r1.merged.R1)	COMPLETED	0	2026-09-28 20:12:49.010	1m 40s	1m 22s	85.4%	1.4 GB	5 GB	672 MB	3.1 MB	${HF_WORK_ROOT}/a7/81323138b57cca500351b813af4ca8
79	18/e4e7fb	23313	RNASEQ:RNASEQ_QC:FASTQC_MERGED (E-MTAB-451.adult_mixed_r1.merged.R2)	COMPLETED	0	2026-09-28 20:13:23.885	1m 40s	1m 28s	66.5%	1.3 GB	5 GB	678.5 MB	3.1 MB	${HF_WORK_ROOT}/18/e4e7fb9c5f9c34295dd2046fa025c0
81	16/c1e40f	23314	RNASEQ:RNASEQ_QC:FASTQC_MERGED (E-MTAB-451.cercarial_tail_r1.merged.R2)	COMPLETED	0	2026-09-28 20:13:24.295	1m 39s	1m 35s	84.9%	1.4 GB	4.9 GB	847.3 MB	3.2 MB	${HF_WORK_ROOT}/16/c1e40f53332f13d9046d5b085dd897
65	2a/e5da13	23310	RNASEQ:RNASEQ_QC:FASTQC_TRIMMED (E-MTAB-451.schistosomulum_3h_r2.ERR022879.trimmed.R1)	COMPLETED	0	2026-09-28 20:12:19.853	3m 9s	2m 34s	91.9%	1.3 GB	4.8 GB	2 GB	3.1 MB	${HF_WORK_ROOT}/2a/e5da13572d771d490ad614107d73f3
74	90/a5338d	23308	RNASEQ:RNASEQ_QC:MERGE_FASTQ (E-MTAB-451.cercaria_whole_r2.merge)	COMPLETED	0	2026-09-28 20:12:08.821	3m 45s	3m 25s	6.8%	10.3 MB	26.5 MB	16.6 GB	8.3 GB	${HF_WORK_ROOT}/90/a5338d850d0df345808b4a4aa78edb
66	af/450eb8	23309	RNASEQ:RNASEQ_QC:FASTQC_TRIMMED (E-MTAB-451.schistosomulum_3h_r2.ERR022879.trimmed.R2)	COMPLETED	0	2026-09-28 20:12:14.331	3m 44s	3m 8s	74.8%	1.4 GB	5 GB	1.7 GB	3.1 MB	${HF_WORK_ROOT}/af/450eb8bdc3842bbeb50be592cfab6c
77	ad/92b9da	23311	RNASEQ:RNASEQ_QC:MERGE_FASTQ (E-MTAB-451.schistosomulum_3h_r2.merge)	COMPLETED	0	2026-09-28 20:12:29.415	3m 49s	3m 6s	6.6%	10.4 MB	26.5 MB	14.6 GB	7.3 GB	${HF_WORK_ROOT}/ad/92b9da5cd057666d5836ac067f5788
80	5a/308d08	23315	RNASEQ:RNASEQ_QC:FASTQC_MERGED (E-MTAB-451.cercarial_tail_r1.merged.R1)	COMPLETED	0	2026-09-28 20:13:54.898	2m 39s	1m 43s	78.0%	1.3 GB	4.8 GB	844.7 MB	3.1 MB	${HF_WORK_ROOT}/5a/308d082c70af853a2ed71607dba2c0
95	b5/5fce7f	23317	RNASEQ:RNASEQ_QC:FASTQC_MERGED (E-MTAB-451.schistosomulum_24h_r1.merged.R2)	COMPLETED	0	2026-09-28 20:15:03.802	2m 5s	2m 3s	95.9%	1.4 GB	5 GB	1.4 GB	3.1 MB	${HF_WORK_ROOT}/b5/5fce7fdac1e3448feef6a5c618079b
94	dc/711586	23318	RNASEQ:RNASEQ_QC:FASTQC_MERGED (E-MTAB-451.schistosomulum_24h_r1.merged.R1)	COMPLETED	0	2026-09-28 20:15:03.871	2m 5s	1m 56s	101.5%	1.3 GB	4.9 GB	1.7 GB	3.1 MB	${HF_WORK_ROOT}/dc/711586cbcc6e76394350435685541b
83	64/5627d5	23316	RNASEQ:RNASEQ_QC:FASTQC_MERGED (E-MTAB-451.schistosomulum_3h_r1.merged.R2)	COMPLETED	0	2026-09-28 20:14:29.391	3m 34s	3m 17s	96.1%	1.3 GB	5 GB	1.8 GB	3 MB	${HF_WORK_ROOT}/64/5627d50118b417b8c6a788d6a8bdd0
85	7d/8cd15b	23319	RNASEQ:RNASEQ_QC:FASTQC_MERGED (E-MTAB-451.schistosomulum_24h_r4.merged.R2)	COMPLETED	0	2026-09-28 20:15:28.943	2m 45s	2m 7s	102.1%	1.3 GB	4.8 GB	1.4 GB	3.1 MB	${HF_WORK_ROOT}/7d/8cd15bcd927923da4c8b3e853b4cc5
82	f0/364797	23320	RNASEQ:RNASEQ_QC:FASTQC_MERGED (E-MTAB-451.schistosomulum_3h_r1.merged.R1)	COMPLETED	0	2026-09-28 20:15:53.688	2m 40s	2m 27s	101.8%	1.3 GB	4.9 GB	2 GB	3.1 MB	${HF_WORK_ROOT}/f0/364797f58a461a2aad00cb97f2fc30
84	95/870139	23321	RNASEQ:RNASEQ_QC:FASTQC_MERGED (E-MTAB-451.schistosomulum_24h_r4.merged.R1)	COMPLETED	0	2026-09-28 20:15:58.700	2m 35s	1m 56s	102.1%	1.3 GB	4.9 GB	1.6 GB	3.1 MB	${HF_WORK_ROOT}/95/870139c626e16d9675c06ecabbc57c
87	5c/a7b1a9	23322	RNASEQ:RNASEQ_QC:FASTQC_MERGED (E-MTAB-451.cercaria_whole_r1.merged.R2)	COMPLETED	0	2026-09-28 20:16:18.676	2m 30s	1m 42s	95.3%	1.3 GB	4.8 GB	1 GB	3.1 MB	${HF_WORK_ROOT}/5c/a7b1a9d2d1da2a865bb5b8224ef37b
86	89/e8a68e	23323	RNASEQ:RNASEQ_QC:FASTQC_MERGED (E-MTAB-451.cercaria_whole_r1.merged.R1)	COMPLETED	0	2026-09-28 20:16:33.734	2m 35s	1m 42s	94.5%	1.3 GB	4.9 GB	978.3 MB	3 MB	${HF_WORK_ROOT}/89/e8a68e72adbb88b8b655c0a01dd085
89	98/a7f145	23324	RNASEQ:RNASEQ_QC:FASTQC_MERGED (E-MTAB-451.cercaria_whole_r3.merged.R2)	COMPLETED	0	2026-09-28 20:17:08.675	2m 40s	1m 48s	102.3%	1.3 GB	4.9 GB	1.4 GB	3 MB	${HF_WORK_ROOT}/98/a7f145a0f8a5c39deca92662b573f8
88	a2/7a53fb	23325	RNASEQ:RNASEQ_QC:FASTQC_MERGED (E-MTAB-451.cercaria_whole_r3.merged.R1)	COMPLETED	0	2026-09-28 20:17:08.710	2m 40s	1m 52s	102.3%	1.3 GB	5 GB	1.5 GB	3.1 MB	${HF_WORK_ROOT}/a2/7a53fbd0edbd034596b195a8fb585c
91	0a/f857aa	23326	RNASEQ:RNASEQ_QC:FASTQC_MERGED (E-MTAB-451.schistosomulum_24h_r3.merged.R2)	COMPLETED	0	2026-09-28 20:18:03.687	2m 10s	1m 41s	102.8%	1.3 GB	4.9 GB	1.2 GB	3 MB	${HF_WORK_ROOT}/0a/f857aa724c87aa1a56697b53088ee4
93	de/2dc085	23328	RNASEQ:RNASEQ_QC:FASTQC_MERGED (E-MTAB-451.schistosomulum_24h_r2.merged.R2)	COMPLETED	0	2026-09-28 20:18:33.731	2m 5s	1m 47s	102.5%	1.3 GB	4.8 GB	1.4 GB	3.1 MB	${HF_WORK_ROOT}/de/2dc0859a488d82e2ab5e1c5fa8cc45
90	77/2fa8bf	23327	RNASEQ:RNASEQ_QC:FASTQC_MERGED (E-MTAB-451.schistosomulum_24h_r3.merged.R1)	COMPLETED	0	2026-09-28 20:18:13.682	2m 40s	2m 17s	95.9%	1.3 GB	4.9 GB	1.4 GB	3.1 MB	${HF_WORK_ROOT}/77/2fa8bfc3443732fe31474771bff6d0
92	f9/e8668a	23329	RNASEQ:RNASEQ_QC:FASTQC_MERGED (E-MTAB-451.schistosomulum_24h_r2.merged.R1)	COMPLETED	0	2026-09-28 20:18:33.750	2m 40s	2m 33s	96.2%	1.3 GB	4.9 GB	1.7 GB	3.1 MB	${HF_WORK_ROOT}/f9/e8668a55078d06ef631a86b1ea1793
96	fb/c368d3	23331	RNASEQ:RNASEQ_QC:FASTQC_MERGED (E-MTAB-451.cercaria_whole_r2.merged.R1)	COMPLETED	0	2026-09-28 20:19:08.682	2m 40s	2m 30s	102.0%	1.3 GB	5 GB	2.2 GB	3.1 MB	${HF_WORK_ROOT}/fb/c368d3f7393b8f2f161dbf72210284
97	b0/036190	23330	RNASEQ:RNASEQ_QC:FASTQC_MERGED (E-MTAB-451.cercaria_whole_r2.merged.R2)	COMPLETED	0	2026-09-28 20:18:48.713	3m 35s	3m 8s	96.9%	1.3 GB	4.9 GB	2 GB	3 MB	${HF_WORK_ROOT}/b0/036190c8bfbc5fddc370450e2ffbe7
99	8e/096779	23332	RNASEQ:RNASEQ_QC:FASTQC_MERGED (E-MTAB-451.schistosomulum_3h_r2.merged.R2)	COMPLETED	0	2026-09-28 20:19:48.713	2m 45s	2m 15s	102.4%	1.4 GB	4.9 GB	1.7 GB	3.1 MB	${HF_WORK_ROOT}/8e/0967794d6e4fbff89574c964c125d1
98	ad/93a880	23333	RNASEQ:RNASEQ_QC:FASTQC_MERGED (E-MTAB-451.schistosomulum_3h_r2.merged.R1)	COMPLETED	0	2026-09-28 20:19:48.741	2m 45s	2m 19s	101.9%	1.4 GB	5 GB	2 GB	3.1 MB	${HF_WORK_ROOT}/ad/93a8803bd832250a1404672f48125e
100	a7/4fbb60	23334	RNASEQ:RNASEQ_QC:MULTIQC (E-MTAB-451.multiqc)	COMPLETED	0	2026-09-28 20:22:35.395	33.3s	20.6s	32.4%	234.3 MB	1.5 GB	107.8 MB	40.9 MB	${HF_WORK_ROOT}/a7/4fbb6080a48554c4376f057ea7bc17
102	b8/c2717e	23335	RNASEQ:RNASEQ_ALIGNMENT_QUANTIFICATION:RNASEQ_ALIGNMENT_PLAN (rnaseq:alignment-plan)	COMPLETED	0	2026-09-28 20:23:08.794	34.9s	7.2s	14.1%	65.3 MB	101.7 MB	11.3 MB	2.6 KB	${HF_WORK_ROOT}/b8/c2717e6dd18091599d82b3cee8c233
101	40/b448d4	23336	RNASEQ:RNASEQ_ALIGNMENT_QUANTIFICATION:RNASEQ_QUANTIFICATION_PLAN (rnaseq:quantification-plan)	COMPLETED	0	2026-09-28 20:23:08.839	34.8s	12s	16.4%	64.7 MB	401.8 MB	20.5 MB	6.8 KB	${HF_WORK_ROOT}/40/b448d49b5dcd8527418dd2f4218437
103	f9/99e146	23337	RNASEQ:RNASEQ_ALIGNMENT_QUANTIFICATION:SALMON_INDEX_VALIDATE (salmon.schistosoma_mansoni.PRJEA36577.WBPS19.mRNA_transcripts.external_index)	COMPLETED	0	2026-09-28 20:23:43.793	4.9s	953ms	28.1%	12.1 MB	20.4 MB	190.7 MB	2.2 KB	${HF_WORK_ROOT}/f9/99e1469f73ec4041897d48d55bcf08
104	80/dee28e	23338	RNASEQ:RNASEQ_ALIGNMENT_QUANTIFICATION:QUANTIFICATION:SALMON_QUANT (E-MTAB-451.adult_mixed_r1.quantification)	COMPLETED	0	2026-09-28 20:24:13.788	1m 5s	47.7s	701.8%	902.4 MB	1.5 GB	2.8 GB	582.5 KB	${HF_WORK_ROOT}/80/dee28ed49a2453f5dcd015571fa612
108	1e/2c75a3	23339	RNASEQ:RNASEQ_ALIGNMENT_QUANTIFICATION:QUANTIFICATION:SALMON_QUANT (E-MTAB-451.cercarial_tail_r1.quantification)	COMPLETED	0	2026-09-28 20:24:15.395	1m 3s	52.7s	571.6%	839.8 MB	1.3 GB	3.4 GB	580.2 KB	${HF_WORK_ROOT}/1e/2c75a393c143edf107855a83ec7c96
116	5a/c4c0ea	23346	RNASEQ:RNASEQ_ALIGNMENT_QUANTIFICATION:IMPORT:IMPORT_SOURCE (E-MTAB-451.cercarial_tail_r1.quantification:quantification)	COMPLETED	0	2026-09-28 20:25:19.080	4.6s	385ms	17.8%	11.3 MB	20 MB	1.8 MB	467.7 KB	${HF_WORK_ROOT}/5a/c4c0eaa6fd9954fe333eee7134f70d
115	58/b618dd	23345	RNASEQ:RNASEQ_ALIGNMENT_QUANTIFICATION:IMPORT:IMPORT_SOURCE (E-MTAB-451.adult_mixed_r1.quantification:quantification)	COMPLETED	0	2026-09-28 20:25:18.968	4.7s	255ms	26.5%	3.6 MB	7.1 MB	1.8 MB	470.6 KB	${HF_WORK_ROOT}/58/b618dd4e5113fe8d64580222b9c1b6
105	57/8c82ee	23340	RNASEQ:RNASEQ_ALIGNMENT_QUANTIFICATION:QUANTIFICATION:SALMON_QUANT (E-MTAB-451.cercaria_whole_r1.quantification)	COMPLETED	0	2026-09-28 20:24:21.415	2m 7s	1m 55s	709.6%	890.5 MB	1.3 GB	4.1 GB	585.1 KB	${HF_WORK_ROOT}/57/8c82eee8cbf6e1439f598ff59016dd
106	de/d6861e	23348	RNASEQ:RNASEQ_ALIGNMENT_QUANTIFICATION:QUANTIFICATION:SALMON_QUANT (E-MTAB-451.cercaria_whole_r2.quantification)	COMPLETED	0	2026-09-28 20:25:23.702	2m 5s	2m 1s	697.5%	986.4 MB	1.3 GB	8.5 GB	603.2 KB	${HF_WORK_ROOT}/de/d6861ec9f1f50acf324cd6f25cccd7
117	bb/df7490	23351	RNASEQ:RNASEQ_ALIGNMENT_QUANTIFICATION:IMPORT:IMPORT_SOURCE (E-MTAB-451.cercaria_whole_r1.quantification:quantification)	COMPLETED	0	2026-09-28 20:27:28.700	5s	213ms	36.4%	11.8 MB	20.2 MB	1.8 MB	470.6 KB	${HF_WORK_ROOT}/bb/df749071dd646d09d92a2f15ff22d9
118	14/a916ad	23352	RNASEQ:RNASEQ_ALIGNMENT_QUANTIFICATION:IMPORT:IMPORT_SOURCE (E-MTAB-451.cercaria_whole_r2.quantification:quantification)	COMPLETED	0	2026-09-28 20:27:33.709	5s	175ms	43.7%	11.9 MB	21.1 MB	1.8 MB	473.9 KB	${HF_WORK_ROOT}/14/a916ad4deabfef4b37c9bc68979a5c
107	c2/5b6586	23341	RNASEQ:RNASEQ_ALIGNMENT_QUANTIFICATION:QUANTIFICATION:SALMON_QUANT (E-MTAB-451.cercaria_whole_r3.quantification)	COMPLETED	0	2026-09-28 20:24:38.590	3m	2m 20s	635.4%	843.7 MB	1.3 GB	5.9 GB	592.4 KB	${HF_WORK_ROOT}/c2/5b6586d751b154d13cc4ec7a6a1808
119	e3/e0275b	23353	RNASEQ:RNASEQ_ALIGNMENT_QUANTIFICATION:IMPORT:IMPORT_SOURCE (E-MTAB-451.cercaria_whole_r3.quantification:quantification)	COMPLETED	0	2026-09-28 20:27:38.832	4.8s	207ms	32.3%	12 MB	20.2 MB	1.8 MB	472.3 KB	${HF_WORK_ROOT}/e3/e0275bdec4e5d616182089d4c08115
113	e2/70e8c1	23349	RNASEQ:RNASEQ_ALIGNMENT_QUANTIFICATION:QUANTIFICATION:SALMON_QUANT (E-MTAB-451.schistosomulum_3h_r1.quantification)	COMPLETED	0	2026-09-28 20:25:41.284	2m 47s	2m 31s	727.3%	1.1 GB	1.6 GB	7.7 GB	605.9 KB	${HF_WORK_ROOT}/e2/70e8c17bde9c9fd5715a11d8f312d5
120	91/ab9f06	23354	RNASEQ:RNASEQ_ALIGNMENT_QUANTIFICATION:IMPORT:IMPORT_SOURCE (E-MTAB-451.schistosomulum_3h_r1.quantification:quantification)	COMPLETED	0	2026-09-28 20:28:28.897	4.8s	170ms	39.4%	12.2 MB	21.2 MB	1.8 MB	474.5 KB	${HF_WORK_ROOT}/91/ab9f0694ce7424bdc47d35311ed384
114	ea/22d5bf	23350	RNASEQ:RNASEQ_ALIGNMENT_QUANTIFICATION:QUANTIFICATION:SALMON_QUANT (E-MTAB-451.schistosomulum_3h_r2.quantification)	COMPLETED	0	2026-09-28 20:26:28.692	9m 35s	9m 4s	774.4%	973.3 MB	1.6 GB	7.5 GB	613 KB	${HF_WORK_ROOT}/ea/22d5bf6146227aa1b8037eb7738cb7
121	ee/73c937	23355	RNASEQ:RNASEQ_ALIGNMENT_QUANTIFICATION:IMPORT:IMPORT_SOURCE (E-MTAB-451.schistosomulum_3h_r2.quantification:quantification)	COMPLETED	0	2026-09-28 20:36:03.834	4.9s	233ms	29.2%	11.8 MB	20.2 MB	1.8 MB	475.6 KB	${HF_WORK_ROOT}/ee/73c9371375055f21538cb4959bd1f5
109	07/6d3eec	23342	RNASEQ:RNASEQ_ALIGNMENT_QUANTIFICATION:QUANTIFICATION:SALMON_QUANT (E-MTAB-451.schistosomulum_24h_r1.quantification)	COMPLETED	0	2026-09-28 20:24:52.745	15m 31s	15m 1s	784.6%	1001.8 MB	1.6 GB	6.4 GB	610.7 KB	${HF_WORK_ROOT}/07/6d3eeca85e32a33c2b6aa3533ca585
122	2d/885b4b	23356	RNASEQ:RNASEQ_ALIGNMENT_QUANTIFICATION:IMPORT:IMPORT_SOURCE (E-MTAB-451.schistosomulum_24h_r1.quantification:quantification)	COMPLETED	0	2026-09-28 20:40:23.853	4.9s	200ms	38.6%	11.7 MB	20 MB	1.8 MB	476.1 KB	${HF_WORK_ROOT}/2d/885b4ba2edcdb1647fe2a50f927e0b
112	19/6810d0	23347	RNASEQ:RNASEQ_ALIGNMENT_QUANTIFICATION:QUANTIFICATION:SALMON_QUANT (E-MTAB-451.schistosomulum_24h_r4.quantification)	COMPLETED	0	2026-09-28 20:25:21.310	16m 7s	15m 54s	793.3%	1 GB	1.7 GB	6.2 GB	610.6 KB	${HF_WORK_ROOT}/19/6810d0f39fc4b17e018a5e562a2e0c
123	74/2dda2e	23357	RNASEQ:RNASEQ_ALIGNMENT_QUANTIFICATION:IMPORT:IMPORT_SOURCE (E-MTAB-451.schistosomulum_24h_r4.quantification:quantification)	COMPLETED	0	2026-09-28 20:41:28.863	4.9s	174ms	38.2%	11.6 MB	20.2 MB	1.8 MB	475.4 KB	${HF_WORK_ROOT}/74/2dda2e53af3a75bd611ef15a489864
110	6f/71d3b7	23344	RNASEQ:RNASEQ_ALIGNMENT_QUANTIFICATION:QUANTIFICATION:SALMON_QUANT (E-MTAB-451.schistosomulum_24h_r2.quantification)	COMPLETED	0	2026-09-28 20:25:16.422	21m 7s	20m 28s	795.6%	1 GB	1.7 GB	6.3 GB	609.8 KB	${HF_WORK_ROOT}/6f/71d3b703dd726d36e0895ec6addd95
124	94/1616a1	23358	RNASEQ:RNASEQ_ALIGNMENT_QUANTIFICATION:IMPORT:IMPORT_SOURCE (E-MTAB-451.schistosomulum_24h_r2.quantification:quantification)	COMPLETED	0	2026-09-28 20:46:23.886	4.9s	175ms	32.8%	11 MB	20 MB	1.8 MB	474.7 KB	${HF_WORK_ROOT}/94/1616a136329a769288864a1b4b7797
111	be/96453f	23343	RNASEQ:RNASEQ_ALIGNMENT_QUANTIFICATION:QUANTIFICATION:SALMON_QUANT (E-MTAB-451.schistosomulum_24h_r3.quantification)	COMPLETED	0	2026-09-28 20:25:11.200	38m 3s	37m 35s	794.7%	1 GB	1.7 GB	5.5 GB	609.3 KB	${HF_WORK_ROOT}/be/96453fd6d8bbc537b25e676449886d
125	d1/ad8357	23359	RNASEQ:RNASEQ_ALIGNMENT_QUANTIFICATION:IMPORT:IMPORT_SOURCE (E-MTAB-451.schistosomulum_24h_r3.quantification:quantification)	COMPLETED	0	2026-09-28 21:03:14.000	4.8s	199ms	33.9%	11.9 MB	20.2 MB	1.8 MB	474.7 KB	${HF_WORK_ROOT}/d1/ad8357628d6fd9144e4285ff46fb4e
126	3c/2307be	23360	RNASEQ:RNASEQ_ALIGNMENT_QUANTIFICATION:IMPORT:SALMON_SAMPLE_TABLE (rnaseq.import)	COMPLETED	0	2026-09-28 21:03:18.916	4.9s	233ms	25.0%	3.5 MB	7.1 MB	915.9 KB	8.2 KB	${HF_WORK_ROOT}/3c/2307be566ba8b784419720a89ed717
127	05/d5a225	23361	RNASEQ:RNASEQ_ALIGNMENT_QUANTIFICATION:IMPORT:SALMON_IMPORT (rnaseq.import)	COMPLETED	0	2026-09-28 21:03:23.933	34.9s	14.3s	85.8%	609.8 MB	6.5 GB	74.4 MB	6.1 MB	${HF_WORK_ROOT}/05/d5a22581116c16949a3e776cecf6fa
128	12/fa1874	23362	RNASEQ:RNASEQ_DIFFERENTIAL_EXPRESSION:DIFFERENTIAL_EXPRESSION:DE_PREFLIGHT (rnaseq.de.all_projects_raw)	COMPLETED	0	2026-09-28 21:03:59.815	4s	295ms	39.7%	11.7 MB	20.2 MB	10.4 MB	1.9 MB	${HF_WORK_ROOT}/12/fa187410814843b52361ede3a322da
129	fd/158b2f	23363	RNASEQ:RNASEQ_DIFFERENTIAL_EXPRESSION:DIFFERENTIAL_EXPRESSION:DESEQ2_MODEL (smansoni_e_mtab_451_primary.condition)	COMPLETED	0	2026-09-28 21:04:03.986	34.8s	17s	92.9%	722.4 MB	1.5 GB	71.8 MB	8.4 MB	${HF_WORK_ROOT}/fd/158b2f385938f9e87fcfb7cf3e6db4
130	34/77d03a	23365	RNASEQ:RNASEQ_DIFFERENTIAL_EXPRESSION:DIFFERENTIAL_EXPRESSION:DESEQ2_CONTRAST (smansoni_e_mtab_451_primary.condition.condition__schistosomulum_24h_vs_cercaria_whole)	COMPLETED	0	2026-09-28 21:04:39.016	34.8s	19.9s	92.8%	1.1 GB	1.7 GB	337.2 MB	4.5 MB	${HF_WORK_ROOT}/34/77d03a470bf9ae4a25885d88d67168
132	db/308d01	23364	RNASEQ:RNASEQ_DIFFERENTIAL_EXPRESSION:DIFFERENTIAL_EXPRESSION:DESEQ2_CONTRAST (smansoni_e_mtab_451_primary.condition.condition__schistosomulum_3h_vs_cercaria_whole)	COMPLETED	0	2026-09-28 21:04:38.977	34.8s	20.1s	92.1%	1.1 GB	1.7 GB	337.2 MB	4.4 MB	${HF_WORK_ROOT}/db/308d01c6167477c8b49c9ba4517e79
131	cc/d3a939	23366	RNASEQ:RNASEQ_DIFFERENTIAL_EXPRESSION:DIFFERENTIAL_EXPRESSION:DESEQ2_CONTRAST (smansoni_e_mtab_451_primary.condition.condition__schistosomulum_24h_vs_schistosomulum_3h)	COMPLETED	0	2026-09-28 21:04:39.041	34.8s	20.2s	92.8%	1.1 GB	1.7 GB	337.3 MB	4.4 MB	${HF_WORK_ROOT}/cc/d3a939373ad06d0a7c6a06a7a6c7d8
133	7c/b6e319	23367	RNASEQ:RNASEQ_DIFFERENTIAL_EXPRESSION:DIFFERENTIAL_EXPRESSION:DE_AGGREGATE (rnaseq.de.all_projects_raw)	COMPLETED	0	2026-09-28 21:05:13.933	4.9s	1.1s	54.0%	12 MB	20.4 MB	44 MB	30.9 MB	${HF_WORK_ROOT}/7c/b6e319cfc2e9c62122b27ddc49fc3e
134	36/e1a65c	23368	RNASEQ:RNASEQ_DIFFERENTIAL_EXPRESSION:RNASEQ_REPORT:RNASEQ_REPORT_CONTEXT (rnaseq.report.candidate_genes)	COMPLETED	0	2026-09-28 21:05:19.252	4.5s	456ms	73.5%	3.6 MB	7.1 MB	84.6 MB	2 KB	${HF_WORK_ROOT}/36/e1a65c693d246351eb6a448b39b609
135	73/408f29	23369	RNASEQ:RNASEQ_DIFFERENTIAL_EXPRESSION:RNASEQ_REPORT:RNASEQ_GENE_REPORT (rnaseq.report.candidate_genes)	COMPLETED	0	2026-09-28 21:05:23.969	3m 30s	3m 22s	97.7%	1.1 GB	7.5 GB	257.4 MB	71.4 MB	${HF_WORK_ROOT}/73/408f294714f89e417b8417c58041d3
136	d7/d52b05	23370	RNASEQ:RUN_MANIFEST (rnaseq:disturbed_hypatia.rnaseq)	COMPLETED	0	2026-09-28 21:08:54.150	4.6s	2s	27.4%	23.8 MB	39.2 MB	101 MB	14.5 MB	${HF_WORK_ROOT}/d7/d52b05fbb22d049ad79d06296026f6
