analysis_id	variable	contrast	status	n_samples	n_genes	n_significant
smansoni_e_erad_478_primary	condition	condition__d21_female_paired_vs_d21_male_paired	ok	60	9482	187
smansoni_e_erad_478_primary	condition	condition__d21_female_unpaired_vs_d21_male_unpaired	ok	60	9482	574
smansoni_e_erad_478_primary	condition	condition__d21_female_paired_vs_d21_female_unpaired	ok	60	9482	53
smansoni_e_erad_478_primary	condition	condition__d21_male_paired_vs_d21_male_unpaired	ok	60	9482	39
smansoni_e_erad_478_primary	condition	condition__d28_female_paired_vs_d28_male_paired	ok	60	9482	134
smansoni_e_erad_478_primary	condition	condition__d28_female_unpaired_vs_d28_male_unpaired	ok	60	9482	783
smansoni_e_erad_478_primary	condition	condition__d28_female_paired_vs_d28_female_unpaired	ok	60	9482	493
smansoni_e_erad_478_primary	condition	condition__d28_male_paired_vs_d28_male_unpaired	ok	60	9482	75
smansoni_e_erad_478_primary	condition	condition__d35_female_paired_vs_d35_male_paired	ok	60	9482	2600
smansoni_e_erad_478_primary	condition	condition__d35_female_unpaired_vs_d35_male_unpaired	ok	60	9482	1117
smansoni_e_erad_478_primary	condition	condition__d35_female_paired_vs_d35_female_unpaired	ok	60	9482	2125
smansoni_e_erad_478_primary	condition	condition__d35_male_paired_vs_d35_male_unpaired	ok	60	9482	49
smansoni_e_erad_478_primary	condition	condition__d38_female_paired_vs_d38_male_paired	ok	60	9482	3443
smansoni_e_erad_478_primary	condition	condition__d38_female_unpaired_vs_d38_male_unpaired	ok	60	9482	1041
smansoni_e_erad_478_primary	condition	condition__d38_female_paired_vs_d38_female_unpaired	ok	60	9482	3012
smansoni_e_erad_478_primary	condition	condition__d38_male_paired_vs_d38_male_unpaired	ok	60	9482	109
smansoni_e_erad_478_primary	condition	condition__d28_female_paired_vs_d21_female_paired	ok	60	9482	617
smansoni_e_erad_478_primary	condition	condition__d35_female_paired_vs_d28_female_paired	ok	60	9482	1760
smansoni_e_erad_478_primary	condition	condition__d38_female_paired_vs_d35_female_paired	ok	60	9482	195
smansoni_e_erad_478_primary	condition	condition__d38_female_paired_vs_d21_female_paired	ok	60	9482	3050
smansoni_e_erad_478_primary	condition	condition__d28_female_unpaired_vs_d21_female_unpaired	ok	60	9482	539
smansoni_e_erad_478_primary	condition	condition__d35_female_unpaired_vs_d28_female_unpaired	ok	60	9482	46
smansoni_e_erad_478_primary	condition	condition__d38_female_unpaired_vs_d35_female_unpaired	ok	60	9482	11
smansoni_e_erad_478_primary	condition	condition__d38_female_unpaired_vs_d21_female_unpaired	ok	60	9482	749
smansoni_e_erad_478_primary	condition	condition__d28_male_paired_vs_d21_male_paired	ok	60	9482	446
smansoni_e_erad_478_primary	condition	condition__d35_male_paired_vs_d28_male_paired	ok	60	9482	227
smansoni_e_erad_478_primary	condition	condition__d38_male_paired_vs_d35_male_paired	ok	60	9482	61
smansoni_e_erad_478_primary	condition	condition__d38_male_paired_vs_d21_male_paired	ok	60	9482	897
smansoni_e_erad_478_primary	condition	condition__d28_male_unpaired_vs_d21_male_unpaired	ok	60	9482	325
smansoni_e_erad_478_primary	condition	condition__d35_male_unpaired_vs_d28_male_unpaired	ok	60	9482	174
smansoni_e_erad_478_primary	condition	condition__d38_male_unpaired_vs_d35_male_unpaired	ok	60	9482	5
smansoni_e_erad_478_primary	condition	condition__d38_male_unpaired_vs_d21_male_unpaired	ok	60	9482	838
