contrast_key	display_id	study	factor	numerator	denominator	direction	description	tested_genes	significant_genes	upregulated	downregulated	alpha	absolute_log2_fold_change
PRJNA597909:condition__juvenile_pzq_vs_juvenile_control	PRJNA597909:C01	PRJNA597909	condition	juvenile_pzq	juvenile_control	juvenile_pzq/juvenile_control	juvenile_pzq versus juvenile_control	9457	204	107	97	0.05	1.0
PRJNA597909:condition__adult_pzq_vs_adult_control	PRJNA597909:C02	PRJNA597909	condition	adult_pzq	adult_control	adult_pzq/adult_control	adult_pzq versus adult_control	9457	636	338	298	0.05	1.0
PRJNA597909:condition__adult_control_vs_juvenile_control	PRJNA597909:C03	PRJNA597909	condition	adult_control	juvenile_control	adult_control/juvenile_control	adult_control versus juvenile_control	9457	1131	757	374	0.05	1.0
PRJNA597909:condition__adult_pzq_vs_juvenile_pzq	PRJNA597909:C04	PRJNA597909	condition	adult_pzq	juvenile_pzq	adult_pzq/juvenile_pzq	adult_pzq versus juvenile_pzq	9457	1075	763	312	0.05	1.0
PRJEB14695:condition__ovary_mixed_sex_vs_ovary_single_sex	PRJEB14695:C01	PRJEB14695	condition	ovary_mixed_sex	ovary_single_sex	ovary_mixed_sex/ovary_single_sex	ovary_mixed_sex versus ovary_single_sex	9517	2777	879	1898	0.05	1.0
PRJEB14695:condition__testis_mixed_sex_vs_testis_single_sex	PRJEB14695:C02	PRJEB14695	condition	testis_mixed_sex	testis_single_sex	testis_mixed_sex/testis_single_sex	testis_mixed_sex versus testis_single_sex	9517	33	11	22	0.05	1.0
PRJEB14695:condition__whole_female_mixed_sex_vs_whole_female_single_sex	PRJEB14695:C03	PRJEB14695	condition	whole_female_mixed_sex	whole_female_single_sex	whole_female_mixed_sex/whole_female_single_sex	whole_female_mixed_sex versus whole_female_single_sex	9517	1019	499	520	0.05	1.0
PRJEB14695:condition__whole_male_mixed_sex_vs_whole_male_single_sex	PRJEB14695:C04	PRJEB14695	condition	whole_male_mixed_sex	whole_male_single_sex	whole_male_mixed_sex/whole_male_single_sex	whole_male_mixed_sex versus whole_male_single_sex	9517	214	184	30	0.05	1.0
PRJEB14695:condition__whole_female_mixed_sex_vs_whole_male_mixed_sex	PRJEB14695:C05	PRJEB14695	condition	whole_female_mixed_sex	whole_male_mixed_sex	whole_female_mixed_sex/whole_male_mixed_sex	whole_female_mixed_sex versus whole_male_mixed_sex	9517	3	3	0	0.05	1.0
PRJEB14695:condition__whole_female_single_sex_vs_whole_male_single_sex	PRJEB14695:C06	PRJEB14695	condition	whole_female_single_sex	whole_male_single_sex	whole_female_single_sex/whole_male_single_sex	whole_female_single_sex versus whole_male_single_sex	9517	587	302	285	0.05	1.0
PRJEB32839:condition__miracidium_mixed_vs_egg_mixed	PRJEB32839:C01	PRJEB32839	condition	miracidium_mixed	egg_mixed	miracidium_mixed/egg_mixed	miracidium_mixed versus egg_mixed	9792	3394	2061	1333	0.05	1.0
PRJEB32839:condition__sporocyst_1d_mixed_vs_miracidium_mixed	PRJEB32839:C02	PRJEB32839	condition	sporocyst_1d_mixed	miracidium_mixed	sporocyst_1d_mixed/miracidium_mixed	sporocyst_1d_mixed versus miracidium_mixed	9792	3585	868	2717	0.05	1.0
PRJEB32839:condition__sporocyst_5d_mixed_vs_sporocyst_1d_mixed	PRJEB32839:C03	PRJEB32839	condition	sporocyst_5d_mixed	sporocyst_1d_mixed	sporocyst_5d_mixed/sporocyst_1d_mixed	sporocyst_5d_mixed versus sporocyst_1d_mixed	9792	1681	739	942	0.05	1.0
PRJEB32839:condition__sporocyst_32d_mixed_vs_sporocyst_5d_mixed	PRJEB32839:C04	PRJEB32839	condition	sporocyst_32d_mixed	sporocyst_5d_mixed	sporocyst_32d_mixed/sporocyst_5d_mixed	sporocyst_32d_mixed versus sporocyst_5d_mixed	9792	2942	2048	894	0.05	1.0
PRJEB32839:condition__cercaria_mixed_vs_sporocyst_32d_mixed	PRJEB32839:C05	PRJEB32839	condition	cercaria_mixed	sporocyst_32d_mixed	cercaria_mixed/sporocyst_32d_mixed	cercaria_mixed versus sporocyst_32d_mixed	9792	4423	2000	2423	0.05	1.0
PRJEB32839:condition__schistosomulum_2d_mixed_vs_cercaria_mixed	PRJEB32839:C06	PRJEB32839	condition	schistosomulum_2d_mixed	cercaria_mixed	schistosomulum_2d_mixed/cercaria_mixed	schistosomulum_2d_mixed versus cercaria_mixed	9792	3429	1726	1703	0.05	1.0
PRJEB32839:condition__juvenile_26d_female_vs_schistosomulum_2d_female	PRJEB32839:C07	PRJEB32839	condition	juvenile_26d_female	schistosomulum_2d_female	juvenile_26d_female/schistosomulum_2d_female	juvenile_26d_female versus schistosomulum_2d_female	9792	2622	1619	1003	0.05	1.0
PRJEB32839:condition__juvenile_26d_male_vs_schistosomulum_2d_male	PRJEB32839:C08	PRJEB32839	condition	juvenile_26d_male	schistosomulum_2d_male	juvenile_26d_male/schistosomulum_2d_male	juvenile_26d_male versus schistosomulum_2d_male	9792	2635	1637	998	0.05	1.0
PRJEB32839:condition__sporocyst_32d_female_vs_sporocyst_32d_male	PRJEB32839:C09	PRJEB32839	condition	sporocyst_32d_female	sporocyst_32d_male	sporocyst_32d_female/sporocyst_32d_male	sporocyst_32d_female versus sporocyst_32d_male	9792	10	6	4	0.05	1.0
PRJEB32839:condition__cercaria_female_vs_cercaria_male	PRJEB32839:C10	PRJEB32839	condition	cercaria_female	cercaria_male	cercaria_female/cercaria_male	cercaria_female versus cercaria_male	9792	519	280	239	0.05	1.0
PRJEB32839:condition__schistosomulum_2d_female_vs_schistosomulum_2d_male	PRJEB32839:C11	PRJEB32839	condition	schistosomulum_2d_female	schistosomulum_2d_male	schistosomulum_2d_female/schistosomulum_2d_male	schistosomulum_2d_female versus schistosomulum_2d_male	9792	680	366	314	0.05	1.0
PRJEB32839:condition__juvenile_26d_female_vs_juvenile_26d_male	PRJEB32839:C12	PRJEB32839	condition	juvenile_26d_female	juvenile_26d_male	juvenile_26d_female/juvenile_26d_male	juvenile_26d_female versus juvenile_26d_male	9792	662	320	342	0.05	1.0
E-MTAB-451:condition__schistosomulum_3h_vs_cercaria_whole	E-MTAB-451:C01	E-MTAB-451	condition	schistosomulum_3h	cercaria_whole	schistosomulum_3h/cercaria_whole	schistosomulum_3h versus cercaria_whole	9495	2030	1183	847	0.05	1.0
E-MTAB-451:condition__schistosomulum_24h_vs_schistosomulum_3h	E-MTAB-451:C02	E-MTAB-451	condition	schistosomulum_24h	schistosomulum_3h	schistosomulum_24h/schistosomulum_3h	schistosomulum_24h versus schistosomulum_3h	9495	2295	1036	1259	0.05	1.0
E-MTAB-451:condition__schistosomulum_24h_vs_cercaria_whole	E-MTAB-451:C03	E-MTAB-451	condition	schistosomulum_24h	cercaria_whole	schistosomulum_24h/cercaria_whole	schistosomulum_24h versus cercaria_whole	9495	3752	1944	1808	0.05	1.0
PRJEB3190:condition__schistosomulum_3h_vs_schistosomulum_0h	PRJEB3190:C01	PRJEB3190	condition	schistosomulum_3h	schistosomulum_0h	schistosomulum_3h/schistosomulum_0h	schistosomulum_3h versus schistosomulum_0h	9476	715	471	244	0.05	1.0
PRJEB3190:condition__schistosomulum_6h_vs_schistosomulum_3h	PRJEB3190:C02	PRJEB3190	condition	schistosomulum_6h	schistosomulum_3h	schistosomulum_6h/schistosomulum_3h	schistosomulum_6h versus schistosomulum_3h	9476	296	105	191	0.05	1.0
PRJEB3190:condition__schistosomulum_12h_vs_schistosomulum_6h	PRJEB3190:C03	PRJEB3190	condition	schistosomulum_12h	schistosomulum_6h	schistosomulum_12h/schistosomulum_6h	schistosomulum_12h versus schistosomulum_6h	9476	1	1	0	0.05	1.0
PRJEB3190:condition__schistosomulum_24h_vs_schistosomulum_12h	PRJEB3190:C04	PRJEB3190	condition	schistosomulum_24h	schistosomulum_12h	schistosomulum_24h/schistosomulum_12h	schistosomulum_24h versus schistosomulum_12h	9476	0	0	0	0.05	1.0
PRJEB3190:condition__schistosomulum_48h_vs_schistosomulum_24h	PRJEB3190:C05	PRJEB3190	condition	schistosomulum_48h	schistosomulum_24h	schistosomulum_48h/schistosomulum_24h	schistosomulum_48h versus schistosomulum_24h	9476	25	21	4	0.05	1.0
PRJEB3190:condition__schistosomulum_72h_vs_schistosomulum_48h	PRJEB3190:C06	PRJEB3190	condition	schistosomulum_72h	schistosomulum_48h	schistosomulum_72h/schistosomulum_48h	schistosomulum_72h versus schistosomulum_48h	9476	67	22	45	0.05	1.0
PRJEB3190:condition__schistosomulum_24h_vs_schistosomulum_0h	PRJEB3190:C07	PRJEB3190	condition	schistosomulum_24h	schistosomulum_0h	schistosomulum_24h/schistosomulum_0h	schistosomulum_24h versus schistosomulum_0h	9476	1673	791	882	0.05	1.0
PRJEB3190:condition__schistosomulum_48h_vs_schistosomulum_0h	PRJEB3190:C08	PRJEB3190	condition	schistosomulum_48h	schistosomulum_0h	schistosomulum_48h/schistosomulum_0h	schistosomulum_48h versus schistosomulum_0h	9476	1305	809	496	0.05	1.0
PRJEB3190:condition__schistosomulum_72h_vs_schistosomulum_0h	PRJEB3190:C09	PRJEB3190	condition	schistosomulum_72h	schistosomulum_0h	schistosomulum_72h/schistosomulum_0h	schistosomulum_72h versus schistosomulum_0h	9476	2294	1290	1004	0.05	1.0
E-ERAD-478:condition__d21_female_paired_vs_d21_male_paired	E-ERAD-478:C01	E-ERAD-478	condition	d21_female_paired	d21_male_paired	d21_female_paired/d21_male_paired	d21_female_paired versus d21_male_paired	9482	187	108	79	0.05	1.0
E-ERAD-478:condition__d21_female_unpaired_vs_d21_male_unpaired	E-ERAD-478:C02	E-ERAD-478	condition	d21_female_unpaired	d21_male_unpaired	d21_female_unpaired/d21_male_unpaired	d21_female_unpaired versus d21_male_unpaired	9482	574	224	350	0.05	1.0
E-ERAD-478:condition__d21_female_paired_vs_d21_female_unpaired	E-ERAD-478:C03	E-ERAD-478	condition	d21_female_paired	d21_female_unpaired	d21_female_paired/d21_female_unpaired	d21_female_paired versus d21_female_unpaired	9482	53	40	13	0.05	1.0
E-ERAD-478:condition__d21_male_paired_vs_d21_male_unpaired	E-ERAD-478:C04	E-ERAD-478	condition	d21_male_paired	d21_male_unpaired	d21_male_paired/d21_male_unpaired	d21_male_paired versus d21_male_unpaired	9482	39	35	4	0.05	1.0
E-ERAD-478:condition__d28_female_paired_vs_d28_male_paired	E-ERAD-478:C05	E-ERAD-478	condition	d28_female_paired	d28_male_paired	d28_female_paired/d28_male_paired	d28_female_paired versus d28_male_paired	9482	134	133	1	0.05	1.0
E-ERAD-478:condition__d28_female_unpaired_vs_d28_male_unpaired	E-ERAD-478:C06	E-ERAD-478	condition	d28_female_unpaired	d28_male_unpaired	d28_female_unpaired/d28_male_unpaired	d28_female_unpaired versus d28_male_unpaired	9482	783	376	407	0.05	1.0
E-ERAD-478:condition__d28_female_paired_vs_d28_female_unpaired	E-ERAD-478:C07	E-ERAD-478	condition	d28_female_paired	d28_female_unpaired	d28_female_paired/d28_female_unpaired	d28_female_paired versus d28_female_unpaired	9482	493	320	173	0.05	1.0
E-ERAD-478:condition__d28_male_paired_vs_d28_male_unpaired	E-ERAD-478:C08	E-ERAD-478	condition	d28_male_paired	d28_male_unpaired	d28_male_paired/d28_male_unpaired	d28_male_paired versus d28_male_unpaired	9482	75	68	7	0.05	1.0
E-ERAD-478:condition__d35_female_paired_vs_d35_male_paired	E-ERAD-478:C09	E-ERAD-478	condition	d35_female_paired	d35_male_paired	d35_female_paired/d35_male_paired	d35_female_paired versus d35_male_paired	9482	2600	1057	1543	0.05	1.0
E-ERAD-478:condition__d35_female_unpaired_vs_d35_male_unpaired	E-ERAD-478:C10	E-ERAD-478	condition	d35_female_unpaired	d35_male_unpaired	d35_female_unpaired/d35_male_unpaired	d35_female_unpaired versus d35_male_unpaired	9482	1117	435	682	0.05	1.0
E-ERAD-478:condition__d35_female_paired_vs_d35_female_unpaired	E-ERAD-478:C11	E-ERAD-478	condition	d35_female_paired	d35_female_unpaired	d35_female_paired/d35_female_unpaired	d35_female_paired versus d35_female_unpaired	9482	2125	831	1294	0.05	1.0
E-ERAD-478:condition__d35_male_paired_vs_d35_male_unpaired	E-ERAD-478:C12	E-ERAD-478	condition	d35_male_paired	d35_male_unpaired	d35_male_paired/d35_male_unpaired	d35_male_paired versus d35_male_unpaired	9482	49	25	24	0.05	1.0
E-ERAD-478:condition__d38_female_paired_vs_d38_male_paired	E-ERAD-478:C13	E-ERAD-478	condition	d38_female_paired	d38_male_paired	d38_female_paired/d38_male_paired	d38_female_paired versus d38_male_paired	9482	3443	1613	1830	0.05	1.0
E-ERAD-478:condition__d38_female_unpaired_vs_d38_male_unpaired	E-ERAD-478:C14	E-ERAD-478	condition	d38_female_unpaired	d38_male_unpaired	d38_female_unpaired/d38_male_unpaired	d38_female_unpaired versus d38_male_unpaired	9482	1041	431	610	0.05	1.0
E-ERAD-478:condition__d38_female_paired_vs_d38_female_unpaired	E-ERAD-478:C15	E-ERAD-478	condition	d38_female_paired	d38_female_unpaired	d38_female_paired/d38_female_unpaired	d38_female_paired versus d38_female_unpaired	9482	3012	1393	1619	0.05	1.0
E-ERAD-478:condition__d38_male_paired_vs_d38_male_unpaired	E-ERAD-478:C16	E-ERAD-478	condition	d38_male_paired	d38_male_unpaired	d38_male_paired/d38_male_unpaired	d38_male_paired versus d38_male_unpaired	9482	109	46	63	0.05	1.0
E-ERAD-478:condition__d28_female_paired_vs_d21_female_paired	E-ERAD-478:C17	E-ERAD-478	condition	d28_female_paired	d21_female_paired	d28_female_paired/d21_female_paired	d28_female_paired versus d21_female_paired	9482	617	407	210	0.05	1.0
E-ERAD-478:condition__d35_female_paired_vs_d28_female_paired	E-ERAD-478:C18	E-ERAD-478	condition	d35_female_paired	d28_female_paired	d35_female_paired/d28_female_paired	d35_female_paired versus d28_female_paired	9482	1760	606	1154	0.05	1.0
E-ERAD-478:condition__d38_female_paired_vs_d35_female_paired	E-ERAD-478:C19	E-ERAD-478	condition	d38_female_paired	d35_female_paired	d38_female_paired/d35_female_paired	d38_female_paired versus d35_female_paired	9482	195	122	73	0.05	1.0
E-ERAD-478:condition__d38_female_paired_vs_d21_female_paired	E-ERAD-478:C20	E-ERAD-478	condition	d38_female_paired	d21_female_paired	d38_female_paired/d21_female_paired	d38_female_paired versus d21_female_paired	9482	3050	1411	1639	0.05	1.0
E-ERAD-478:condition__d28_female_unpaired_vs_d21_female_unpaired	E-ERAD-478:C21	E-ERAD-478	condition	d28_female_unpaired	d21_female_unpaired	d28_female_unpaired/d21_female_unpaired	d28_female_unpaired versus d21_female_unpaired	9482	539	315	224	0.05	1.0
E-ERAD-478:condition__d35_female_unpaired_vs_d28_female_unpaired	E-ERAD-478:C22	E-ERAD-478	condition	d35_female_unpaired	d28_female_unpaired	d35_female_unpaired/d28_female_unpaired	d35_female_unpaired versus d28_female_unpaired	9482	46	15	31	0.05	1.0
E-ERAD-478:condition__d38_female_unpaired_vs_d35_female_unpaired	E-ERAD-478:C23	E-ERAD-478	condition	d38_female_unpaired	d35_female_unpaired	d38_female_unpaired/d35_female_unpaired	d38_female_unpaired versus d35_female_unpaired	9482	11	4	7	0.05	1.0
E-ERAD-478:condition__d38_female_unpaired_vs_d21_female_unpaired	E-ERAD-478:C24	E-ERAD-478	condition	d38_female_unpaired	d21_female_unpaired	d38_female_unpaired/d21_female_unpaired	d38_female_unpaired versus d21_female_unpaired	9482	749	425	324	0.05	1.0
E-ERAD-478:condition__d28_male_paired_vs_d21_male_paired	E-ERAD-478:C25	E-ERAD-478	condition	d28_male_paired	d21_male_paired	d28_male_paired/d21_male_paired	d28_male_paired versus d21_male_paired	9482	446	293	153	0.05	1.0
E-ERAD-478:condition__d35_male_paired_vs_d28_male_paired	E-ERAD-478:C26	E-ERAD-478	condition	d35_male_paired	d28_male_paired	d35_male_paired/d28_male_paired	d35_male_paired versus d28_male_paired	9482	227	105	122	0.05	1.0
E-ERAD-478:condition__d38_male_paired_vs_d35_male_paired	E-ERAD-478:C27	E-ERAD-478	condition	d38_male_paired	d35_male_paired	d38_male_paired/d35_male_paired	d38_male_paired versus d35_male_paired	9482	61	27	34	0.05	1.0
E-ERAD-478:condition__d38_male_paired_vs_d21_male_paired	E-ERAD-478:C28	E-ERAD-478	condition	d38_male_paired	d21_male_paired	d38_male_paired/d21_male_paired	d38_male_paired versus d21_male_paired	9482	897	453	444	0.05	1.0
E-ERAD-478:condition__d28_male_unpaired_vs_d21_male_unpaired	E-ERAD-478:C29	E-ERAD-478	condition	d28_male_unpaired	d21_male_unpaired	d28_male_unpaired/d21_male_unpaired	d28_male_unpaired versus d21_male_unpaired	9482	325	187	138	0.05	1.0
E-ERAD-478:condition__d35_male_unpaired_vs_d28_male_unpaired	E-ERAD-478:C30	E-ERAD-478	condition	d35_male_unpaired	d28_male_unpaired	d35_male_unpaired/d28_male_unpaired	d35_male_unpaired versus d28_male_unpaired	9482	174	98	76	0.05	1.0
E-ERAD-478:condition__d38_male_unpaired_vs_d35_male_unpaired	E-ERAD-478:C31	E-ERAD-478	condition	d38_male_unpaired	d35_male_unpaired	d38_male_unpaired/d35_male_unpaired	d38_male_unpaired versus d35_male_unpaired	9482	5	1	4	0.05	1.0
E-ERAD-478:condition__d38_male_unpaired_vs_d21_male_unpaired	E-ERAD-478:C32	E-ERAD-478	condition	d38_male_unpaired	d21_male_unpaired	d38_male_unpaired/d21_male_unpaired	d38_male_unpaired versus d21_male_unpaired	9482	838	456	382	0.05	1.0
