run_accession	biosample	secondary_biosample	reason
ERR1328135	SAMEA3898096	ERS1085230	absent_from_corrected_PLOS_S11_inventory
ERR1328136	SAMEA3898097	ERS1085231	absent_from_corrected_PLOS_S11_inventory
ERR1328137	SAMEA3898098	ERS1085232	absent_from_corrected_PLOS_S11_inventory
ERR1328158	SAMEA3898096	ERS1085230	absent_from_corrected_PLOS_S11_inventory
ERR1328159	SAMEA3898097	ERS1085231	absent_from_corrected_PLOS_S11_inventory
ERR1328160	SAMEA3898098	ERS1085232	absent_from_corrected_PLOS_S11_inventory
ERR1328174	SAMEA3898065	ERS1085199	absent_from_corrected_PLOS_S11_inventory
ERR1328175	SAMEA3898066	ERS1085200	absent_from_corrected_PLOS_S11_inventory
ERR1328196	SAMEA3898087	ERS1085221	absent_from_corrected_PLOS_S11_inventory
ERR1328197	SAMEA3898088	ERS1085222	absent_from_corrected_PLOS_S11_inventory
ERR1328198	SAMEA3898065	ERS1085199	absent_from_corrected_PLOS_S11_inventory
ERR1328199	SAMEA3898066	ERS1085200	absent_from_corrected_PLOS_S11_inventory
ERR1328220	SAMEA3898087	ERS1085221	absent_from_corrected_PLOS_S11_inventory
ERR1328221	SAMEA3898088	ERS1085222	absent_from_corrected_PLOS_S11_inventory
ERR1328234	SAMEA3898124	ERS1085258	absent_from_corrected_PLOS_S11_inventory
ERR1328235	SAMEA3898125	ERS1085259	absent_from_corrected_PLOS_S11_inventory
ERR1328236	SAMEA3898126	ERS1085260	absent_from_corrected_PLOS_S11_inventory
ERR1328257	SAMEA3898124	ERS1085258	absent_from_corrected_PLOS_S11_inventory
ERR1328258	SAMEA3898125	ERS1085259	absent_from_corrected_PLOS_S11_inventory
ERR1328259	SAMEA3898126	ERS1085260	absent_from_corrected_PLOS_S11_inventory
