dataset	sample_id	file_prefix	run_accession	condition	stage	tissue	sex	infection_mode	treatment	pairing_state	time_hours	batch	replicate	biosample	library_name	technical_unit	secondary_biosample	experiment_accession	fastq_1_url	fastq_2_url	fastq_1_md5	fastq_2_md5	fastq_1_bytes	fastq_2_bytes
E-ERAD-478	d21_female_paired_r1	d21_female_paired_r1	ERR1328179	d21_female_paired	adult_d21	whole_organism	female	not_applicable	untreated	paired	not_applicable	sequencing_batch_14895	1	SAMEA3898070	12428111	lane_1	ERS1085204	ERX1399799	https://ftp.sra.ebi.ac.uk/vol1/fastq/ERR132/009/ERR1328179/ERR1328179_1.fastq.gz	https://ftp.sra.ebi.ac.uk/vol1/fastq/ERR132/009/ERR1328179/ERR1328179_2.fastq.gz	db2cf996e0afc5270c51a5c1671d385f	bd5f99762ee58ee207f85db7885ea351	482545032	506129003
E-ERAD-478	d21_female_paired_r1	d21_female_paired_r1	ERR1328203	d21_female_paired	adult_d21	whole_organism	female	not_applicable	untreated	paired	not_applicable	sequencing_batch_14895	1	SAMEA3898070	12428111	lane_2	ERS1085204	ERX1399823	https://ftp.sra.ebi.ac.uk/vol1/fastq/ERR132/003/ERR1328203/ERR1328203_1.fastq.gz	https://ftp.sra.ebi.ac.uk/vol1/fastq/ERR132/003/ERR1328203/ERR1328203_2.fastq.gz	f139711ef6dca304a1d2cbc8f43ebec9	87656d3638a0503ae0348cc11b6dc83d	465219337	488715029
E-ERAD-478	d21_female_paired_r2	d21_female_paired_r2	ERR1328180	d21_female_paired	adult_d21	whole_organism	female	not_applicable	untreated	paired	not_applicable	sequencing_batch_14895	2	SAMEA3898071	12428112	lane_1	ERS1085205	ERX1399800	https://ftp.sra.ebi.ac.uk/vol1/fastq/ERR132/000/ERR1328180/ERR1328180_1.fastq.gz	https://ftp.sra.ebi.ac.uk/vol1/fastq/ERR132/000/ERR1328180/ERR1328180_2.fastq.gz	2b663d3c4726be34d12343a0a64429de	48db602f230b60baa5d4d87a865074cf	575303390	599156010
E-ERAD-478	d21_female_paired_r2	d21_female_paired_r2	ERR1328204	d21_female_paired	adult_d21	whole_organism	female	not_applicable	untreated	paired	not_applicable	sequencing_batch_14895	2	SAMEA3898071	12428112	lane_2	ERS1085205	ERX1399824	https://ftp.sra.ebi.ac.uk/vol1/fastq/ERR132/004/ERR1328204/ERR1328204_1.fastq.gz	https://ftp.sra.ebi.ac.uk/vol1/fastq/ERR132/004/ERR1328204/ERR1328204_2.fastq.gz	73303935f2853dd66eba7e799adcef8f	a90fc0355696c9fe74839406f7b06f14	555062683	579370824
E-ERAD-478	d21_female_paired_r3	d21_female_paired_r3	ERR1328141	d21_female_paired	adult_d21	whole_organism	female	not_applicable	untreated	paired	not_applicable	sequencing_batch_14812	3	SAMEA3898102	12399351	lane_1	ERS1085236	ERX1399761	https://ftp.sra.ebi.ac.uk/vol1/fastq/ERR132/001/ERR1328141/ERR1328141_1.fastq.gz	https://ftp.sra.ebi.ac.uk/vol1/fastq/ERR132/001/ERR1328141/ERR1328141_2.fastq.gz	6f56ede355575af4b551f098c06661c2	7fdd409274931e4497335c03f9d87ba1	912820874	955254727
E-ERAD-478	d21_female_paired_r3	d21_female_paired_r3	ERR1328164	d21_female_paired	adult_d21	whole_organism	female	not_applicable	untreated	paired	not_applicable	sequencing_batch_14812	3	SAMEA3898102	12399351	lane_2	ERS1085236	ERX1399784	https://ftp.sra.ebi.ac.uk/vol1/fastq/ERR132/004/ERR1328164/ERR1328164_1.fastq.gz	https://ftp.sra.ebi.ac.uk/vol1/fastq/ERR132/004/ERR1328164/ERR1328164_2.fastq.gz	0e0ee8a7b2f7f6d93069e964821a2c1d	ab8e8cbef26726fdaf31d7e331126d77	913446867	953851240
E-ERAD-478	d21_female_paired_r4	d21_female_paired_r4	ERR1328240	d21_female_paired	adult_d21	whole_organism	female	not_applicable	untreated	paired	not_applicable	sequencing_batch_14897	4	SAMEA3898130	12449461	lane_1	ERS1085264	ERX1399860	https://ftp.sra.ebi.ac.uk/vol1/fastq/ERR132/000/ERR1328240/ERR1328240_1.fastq.gz	https://ftp.sra.ebi.ac.uk/vol1/fastq/ERR132/000/ERR1328240/ERR1328240_2.fastq.gz	2b3ce2e624d66ca2ff025f83cd4e2f73	4912761e7da14e409f6443ad7706f6ea	538328093	566422693
E-ERAD-478	d21_female_paired_r4	d21_female_paired_r4	ERR1328263	d21_female_paired	adult_d21	whole_organism	female	not_applicable	untreated	paired	not_applicable	sequencing_batch_14897	4	SAMEA3898130	12449461	lane_2	ERS1085264	ERX1399883	https://ftp.sra.ebi.ac.uk/vol1/fastq/ERR132/003/ERR1328263/ERR1328263_1.fastq.gz	https://ftp.sra.ebi.ac.uk/vol1/fastq/ERR132/003/ERR1328263/ERR1328263_2.fastq.gz	389a1d44b1c4d977b5abdfebc6b01277	bddc1e343e37511d9072b4df1452b421	529943971	558435230
E-ERAD-478	d21_female_unpaired_r1	d21_female_unpaired_r1	ERR1328176	d21_female_unpaired	adult_d21	whole_organism	female	not_applicable	untreated	unpaired	not_applicable	sequencing_batch_14895	1	SAMEA3898067	12428108	lane_1	ERS1085201	ERX1399796	https://ftp.sra.ebi.ac.uk/vol1/fastq/ERR132/006/ERR1328176/ERR1328176_1.fastq.gz	https://ftp.sra.ebi.ac.uk/vol1/fastq/ERR132/006/ERR1328176/ERR1328176_2.fastq.gz	62f82774fe2fea9cbb78283f626da8d9	53b4d86b8114fc9ebf8b177fc35dac7d	426527427	449751486
E-ERAD-478	d21_female_unpaired_r1	d21_female_unpaired_r1	ERR1328200	d21_female_unpaired	adult_d21	whole_organism	female	not_applicable	untreated	unpaired	not_applicable	sequencing_batch_14895	1	SAMEA3898067	12428108	lane_2	ERS1085201	ERX1399820	https://ftp.sra.ebi.ac.uk/vol1/fastq/ERR132/000/ERR1328200/ERR1328200_1.fastq.gz	https://ftp.sra.ebi.ac.uk/vol1/fastq/ERR132/000/ERR1328200/ERR1328200_2.fastq.gz	477d0fae23491a06793bb21631872650	63ef83d5b53a878d8f3f7e41d72103e1	412631333	436002434
E-ERAD-478	d21_female_unpaired_r2	d21_female_unpaired_r2	ERR1328177	d21_female_unpaired	adult_d21	whole_organism	female	not_applicable	untreated	unpaired	not_applicable	sequencing_batch_14895	2	SAMEA3898068	12428109	lane_1	ERS1085202	ERX1399797	https://ftp.sra.ebi.ac.uk/vol1/fastq/ERR132/007/ERR1328177/ERR1328177_1.fastq.gz	https://ftp.sra.ebi.ac.uk/vol1/fastq/ERR132/007/ERR1328177/ERR1328177_2.fastq.gz	91add907b933fea7d658cd43dc3581ef	6750272ed013dd2ecdff0624f076a2ca	380554214	395110133
E-ERAD-478	d21_female_unpaired_r2	d21_female_unpaired_r2	ERR1328201	d21_female_unpaired	adult_d21	whole_organism	female	not_applicable	untreated	unpaired	not_applicable	sequencing_batch_14895	2	SAMEA3898068	12428109	lane_2	ERS1085202	ERX1399821	https://ftp.sra.ebi.ac.uk/vol1/fastq/ERR132/001/ERR1328201/ERR1328201_1.fastq.gz	https://ftp.sra.ebi.ac.uk/vol1/fastq/ERR132/001/ERR1328201/ERR1328201_2.fastq.gz	afc62dba8a7908399e8fe934d43d5a23	087243744ce1b9f76b91ca56d380b099	367299743	382212661
E-ERAD-478	d21_female_unpaired_r3	d21_female_unpaired_r3	ERR1328138	d21_female_unpaired	adult_d21	whole_organism	female	not_applicable	untreated	unpaired	not_applicable	sequencing_batch_14812	3	SAMEA3898099	12399348	lane_1	ERS1085233	ERX1399758	https://ftp.sra.ebi.ac.uk/vol1/fastq/ERR132/008/ERR1328138/ERR1328138_1.fastq.gz	https://ftp.sra.ebi.ac.uk/vol1/fastq/ERR132/008/ERR1328138/ERR1328138_2.fastq.gz	a8bf143e668499ca69c9457bd899aea6	26a98654e954b0ec9dfb893a34ff0d10	489388377	503049979
E-ERAD-478	d21_female_unpaired_r3	d21_female_unpaired_r3	ERR1328161	d21_female_unpaired	adult_d21	whole_organism	female	not_applicable	untreated	unpaired	not_applicable	sequencing_batch_14812	3	SAMEA3898099	12399348	lane_2	ERS1085233	ERX1399781	https://ftp.sra.ebi.ac.uk/vol1/fastq/ERR132/001/ERR1328161/ERR1328161_1.fastq.gz	https://ftp.sra.ebi.ac.uk/vol1/fastq/ERR132/001/ERR1328161/ERR1328161_2.fastq.gz	58f89ad3fc1c80e4c2a990116351a898	a13e171581dfda189dd0e96bd9341032	490260035	502838609
E-ERAD-478	d21_female_unpaired_r4	d21_female_unpaired_r4	ERR1328139	d21_female_unpaired	adult_d21	whole_organism	female	not_applicable	untreated	unpaired	not_applicable	sequencing_batch_14812	4	SAMEA3898100	12399349	lane_1	ERS1085234	ERX1399759	https://ftp.sra.ebi.ac.uk/vol1/fastq/ERR132/009/ERR1328139/ERR1328139_1.fastq.gz	https://ftp.sra.ebi.ac.uk/vol1/fastq/ERR132/009/ERR1328139/ERR1328139_2.fastq.gz	6c06011d034d8294075c8b5b0f16ff7e	9a10cd31fa2b6e5d80f0084da9a0a125	471566333	488049301
E-ERAD-478	d21_female_unpaired_r4	d21_female_unpaired_r4	ERR1328162	d21_female_unpaired	adult_d21	whole_organism	female	not_applicable	untreated	unpaired	not_applicable	sequencing_batch_14812	4	SAMEA3898100	12399349	lane_2	ERS1085234	ERX1399782	https://ftp.sra.ebi.ac.uk/vol1/fastq/ERR132/002/ERR1328162/ERR1328162_1.fastq.gz	https://ftp.sra.ebi.ac.uk/vol1/fastq/ERR132/002/ERR1328162/ERR1328162_2.fastq.gz	aeb79369c861f4ec1d05e083c41dec76	af9f8f36d4439af84b9ec5b3fac6e38d	472384000	487611234
E-ERAD-478	d21_female_unpaired_r5	d21_female_unpaired_r5	ERR1328237	d21_female_unpaired	adult_d21	whole_organism	female	not_applicable	untreated	unpaired	not_applicable	sequencing_batch_14897	5	SAMEA3898127	12449458	lane_1	ERS1085261	ERX1399857	https://ftp.sra.ebi.ac.uk/vol1/fastq/ERR132/007/ERR1328237/ERR1328237_1.fastq.gz	https://ftp.sra.ebi.ac.uk/vol1/fastq/ERR132/007/ERR1328237/ERR1328237_2.fastq.gz	8116275a580fdf9fb547f4254bf6d5f1	802c9a2ac25868225fc21faf47dbbe2c	497551116	518908473
E-ERAD-478	d21_female_unpaired_r5	d21_female_unpaired_r5	ERR1328260	d21_female_unpaired	adult_d21	whole_organism	female	not_applicable	untreated	unpaired	not_applicable	sequencing_batch_14897	5	SAMEA3898127	12449458	lane_2	ERS1085261	ERX1399880	https://ftp.sra.ebi.ac.uk/vol1/fastq/ERR132/000/ERR1328260/ERR1328260_1.fastq.gz	https://ftp.sra.ebi.ac.uk/vol1/fastq/ERR132/000/ERR1328260/ERR1328260_2.fastq.gz	3a1d743d1a9daab2069c14b566ec20fb	53dcfe6cf3bbe9cc60c27464cee789ee	489836844	511765901
E-ERAD-478	d21_male_paired_r1	d21_male_paired_r1	ERR1328181	d21_male_paired	adult_d21	whole_organism	male	not_applicable	untreated	paired	not_applicable	sequencing_batch_14895	1	SAMEA3898072	12428113	lane_1	ERS1085206	ERX1399801	https://ftp.sra.ebi.ac.uk/vol1/fastq/ERR132/001/ERR1328181/ERR1328181_1.fastq.gz	https://ftp.sra.ebi.ac.uk/vol1/fastq/ERR132/001/ERR1328181/ERR1328181_2.fastq.gz	dcc52847463bd29e2aa6512ba8b74aef	d6f25bcf62fa3f1d4adae3bad1e05600	519579724	545064788
E-ERAD-478	d21_male_paired_r1	d21_male_paired_r1	ERR1328205	d21_male_paired	adult_d21	whole_organism	male	not_applicable	untreated	paired	not_applicable	sequencing_batch_14895	1	SAMEA3898072	12428113	lane_2	ERS1085206	ERX1399825	https://ftp.sra.ebi.ac.uk/vol1/fastq/ERR132/005/ERR1328205/ERR1328205_1.fastq.gz	https://ftp.sra.ebi.ac.uk/vol1/fastq/ERR132/005/ERR1328205/ERR1328205_2.fastq.gz	2fb22fcf7507503dd5398c9fbaba0f01	1ce016ec97554f5be3812ed013148043	500203876	525889327
E-ERAD-478	d21_male_paired_r2	d21_male_paired_r2	ERR1328142	d21_male_paired	adult_d21	whole_organism	male	not_applicable	untreated	paired	not_applicable	sequencing_batch_14812	2	SAMEA3898103	12399352	lane_1	ERS1085237	ERX1399762	https://ftp.sra.ebi.ac.uk/vol1/fastq/ERR132/002/ERR1328142/ERR1328142_1.fastq.gz	https://ftp.sra.ebi.ac.uk/vol1/fastq/ERR132/002/ERR1328142/ERR1328142_2.fastq.gz	a1e68ba45bad1001f276cc198e04ee81	43b85b3bec69c6dbdcafb8c8e151e58c	225311576	234071970
E-ERAD-478	d21_male_paired_r2	d21_male_paired_r2	ERR1328165	d21_male_paired	adult_d21	whole_organism	male	not_applicable	untreated	paired	not_applicable	sequencing_batch_14812	2	SAMEA3898103	12399352	lane_2	ERS1085237	ERX1399785	https://ftp.sra.ebi.ac.uk/vol1/fastq/ERR132/005/ERR1328165/ERR1328165_1.fastq.gz	https://ftp.sra.ebi.ac.uk/vol1/fastq/ERR132/005/ERR1328165/ERR1328165_2.fastq.gz	a269cb4544c04b1c40d35e29c640ec37	7e47ecb45f0bf027c0f44d13c5394e70	225712036	234056756
E-ERAD-478	d21_male_paired_r3	d21_male_paired_r3	ERR1328143	d21_male_paired	adult_d21	whole_organism	male	not_applicable	untreated	paired	not_applicable	sequencing_batch_14812	3	SAMEA3898104	12399353	lane_1	ERS1085238	ERX1399763	https://ftp.sra.ebi.ac.uk/vol1/fastq/ERR132/003/ERR1328143/ERR1328143_1.fastq.gz	https://ftp.sra.ebi.ac.uk/vol1/fastq/ERR132/003/ERR1328143/ERR1328143_2.fastq.gz	3b7900b7b67af7f99f2e87d56e86ad9c	837bc59f4d931f55870da89a8afc5ba0	572282336	598878149
E-ERAD-478	d21_male_paired_r3	d21_male_paired_r3	ERR1328166	d21_male_paired	adult_d21	whole_organism	male	not_applicable	untreated	paired	not_applicable	sequencing_batch_14812	3	SAMEA3898104	12399353	lane_2	ERS1085238	ERX1399786	https://ftp.sra.ebi.ac.uk/vol1/fastq/ERR132/006/ERR1328166/ERR1328166_1.fastq.gz	https://ftp.sra.ebi.ac.uk/vol1/fastq/ERR132/006/ERR1328166/ERR1328166_2.fastq.gz	22f927e30b83d6231bd76d79bdd25593	29e3c5e2ffd81860f6e27d509ddcffc4	573234694	598567229
E-ERAD-478	d21_male_paired_r4	d21_male_paired_r4	ERR1328241	d21_male_paired	adult_d21	whole_organism	male	not_applicable	untreated	paired	not_applicable	sequencing_batch_14897	4	SAMEA3898131	12449462	lane_1	ERS1085265	ERX1399861	https://ftp.sra.ebi.ac.uk/vol1/fastq/ERR132/001/ERR1328241/ERR1328241_1.fastq.gz	https://ftp.sra.ebi.ac.uk/vol1/fastq/ERR132/001/ERR1328241/ERR1328241_2.fastq.gz	a6030f25efb0c69a451e281750b546c1	0ff15c5a4e7f05131ccab7c8572b2527	540931972	569666458
E-ERAD-478	d21_male_paired_r4	d21_male_paired_r4	ERR1328264	d21_male_paired	adult_d21	whole_organism	male	not_applicable	untreated	paired	not_applicable	sequencing_batch_14897	4	SAMEA3898131	12449462	lane_2	ERS1085265	ERX1399884	https://ftp.sra.ebi.ac.uk/vol1/fastq/ERR132/004/ERR1328264/ERR1328264_1.fastq.gz	https://ftp.sra.ebi.ac.uk/vol1/fastq/ERR132/004/ERR1328264/ERR1328264_2.fastq.gz	1c5b3650e6951907bb036a344cbdcabb	0ef7acfbc7bea921949d1fc0015f8edf	531691509	560621326
E-ERAD-478	d21_male_unpaired_r1	d21_male_unpaired_r1	ERR1328178	d21_male_unpaired	adult_d21	whole_organism	male	not_applicable	untreated	unpaired	not_applicable	sequencing_batch_14895	1	SAMEA3898069	12428110	lane_1	ERS1085203	ERX1399798	https://ftp.sra.ebi.ac.uk/vol1/fastq/ERR132/008/ERR1328178/ERR1328178_1.fastq.gz	https://ftp.sra.ebi.ac.uk/vol1/fastq/ERR132/008/ERR1328178/ERR1328178_2.fastq.gz	5e1fa61e00b683fbaa57f33df3b582d0	f76fa677494d99c48bc4185b18271ac5	524272379	549207950
E-ERAD-478	d21_male_unpaired_r1	d21_male_unpaired_r1	ERR1328202	d21_male_unpaired	adult_d21	whole_organism	male	not_applicable	untreated	unpaired	not_applicable	sequencing_batch_14895	1	SAMEA3898069	12428110	lane_2	ERS1085203	ERX1399822	https://ftp.sra.ebi.ac.uk/vol1/fastq/ERR132/002/ERR1328202/ERR1328202_1.fastq.gz	https://ftp.sra.ebi.ac.uk/vol1/fastq/ERR132/002/ERR1328202/ERR1328202_2.fastq.gz	42f95e670f01eb831e60884f48779746	553c129fe4f5982cdd7a78066b1a9f03	507768533	533140953
E-ERAD-478	d21_male_unpaired_r2	d21_male_unpaired_r2	ERR1328140	d21_male_unpaired	adult_d21	whole_organism	male	not_applicable	untreated	unpaired	not_applicable	sequencing_batch_14812	2	SAMEA3898101	12399350	lane_1	ERS1085235	ERX1399760	https://ftp.sra.ebi.ac.uk/vol1/fastq/ERR132/000/ERR1328140/ERR1328140_1.fastq.gz	https://ftp.sra.ebi.ac.uk/vol1/fastq/ERR132/000/ERR1328140/ERR1328140_2.fastq.gz	8b8286a1180613a7e204b1f74b9b73db	d3416501a766e2f5ebaa5691bc1754e8	361413232	374475332
E-ERAD-478	d21_male_unpaired_r2	d21_male_unpaired_r2	ERR1328163	d21_male_unpaired	adult_d21	whole_organism	male	not_applicable	untreated	unpaired	not_applicable	sequencing_batch_14812	2	SAMEA3898101	12399350	lane_2	ERS1085235	ERX1399783	https://ftp.sra.ebi.ac.uk/vol1/fastq/ERR132/003/ERR1328163/ERR1328163_1.fastq.gz	https://ftp.sra.ebi.ac.uk/vol1/fastq/ERR132/003/ERR1328163/ERR1328163_2.fastq.gz	371cbc911bd020e08e2a4cd32c927114	3253e9ca9f18dcfa9191b9b113b4f043	361949837	374125472
E-ERAD-478	d21_male_unpaired_r3	d21_male_unpaired_r3	ERR1328238	d21_male_unpaired	adult_d21	whole_organism	male	not_applicable	untreated	unpaired	not_applicable	sequencing_batch_14897	3	SAMEA3898128	12449459	lane_1	ERS1085262	ERX1399858	https://ftp.sra.ebi.ac.uk/vol1/fastq/ERR132/008/ERR1328238/ERR1328238_1.fastq.gz	https://ftp.sra.ebi.ac.uk/vol1/fastq/ERR132/008/ERR1328238/ERR1328238_2.fastq.gz	5839c416d5258d015401967efa2e566a	b747bfac6893b3bc82ce8b0177d7d07f	499216960	517852732
E-ERAD-478	d21_male_unpaired_r3	d21_male_unpaired_r3	ERR1328261	d21_male_unpaired	adult_d21	whole_organism	male	not_applicable	untreated	unpaired	not_applicable	sequencing_batch_14897	3	SAMEA3898128	12449459	lane_2	ERS1085262	ERX1399881	https://ftp.sra.ebi.ac.uk/vol1/fastq/ERR132/001/ERR1328261/ERR1328261_1.fastq.gz	https://ftp.sra.ebi.ac.uk/vol1/fastq/ERR132/001/ERR1328261/ERR1328261_2.fastq.gz	5b5353b125921ae5ae7acdb7b42cede0	0b2765fbe5426e7f39a384a97916ba5f	491729810	510614246
E-ERAD-478	d21_male_unpaired_r4	d21_male_unpaired_r4	ERR1328239	d21_male_unpaired	adult_d21	whole_organism	male	not_applicable	untreated	unpaired	not_applicable	sequencing_batch_14897	4	SAMEA3898129	12449460	lane_1	ERS1085263	ERX1399859	https://ftp.sra.ebi.ac.uk/vol1/fastq/ERR132/009/ERR1328239/ERR1328239_1.fastq.gz	https://ftp.sra.ebi.ac.uk/vol1/fastq/ERR132/009/ERR1328239/ERR1328239_2.fastq.gz	c79dcbcc5d104cc51f11284f8129cec1	b3a480781748d2ed9129092c4c681101	613131715	638331126
E-ERAD-478	d21_male_unpaired_r4	d21_male_unpaired_r4	ERR1328262	d21_male_unpaired	adult_d21	whole_organism	male	not_applicable	untreated	unpaired	not_applicable	sequencing_batch_14897	4	SAMEA3898129	12449460	lane_2	ERS1085263	ERX1399882	https://ftp.sra.ebi.ac.uk/vol1/fastq/ERR132/002/ERR1328262/ERR1328262_1.fastq.gz	https://ftp.sra.ebi.ac.uk/vol1/fastq/ERR132/002/ERR1328262/ERR1328262_2.fastq.gz	fdd6b5f963bbf135fa47b2733dfd7712	c9dffcbca35ec8e4d604ac38250e8a8f	602310677	628083979
E-ERAD-478	d28_female_paired_r1	d28_female_paired_r1	ERR1328184	d28_female_paired	adult_d28	whole_organism	female	not_applicable	untreated	paired	not_applicable	sequencing_batch_14895	1	SAMEA3898075	12428116	lane_1	ERS1085209	ERX1399804	https://ftp.sra.ebi.ac.uk/vol1/fastq/ERR132/004/ERR1328184/ERR1328184_1.fastq.gz	https://ftp.sra.ebi.ac.uk/vol1/fastq/ERR132/004/ERR1328184/ERR1328184_2.fastq.gz	b8d854fbc153ead57949ad7237a244b3	f39a2e844b32a7bf1baa733a17ca3cb6	526065639	563321854
E-ERAD-478	d28_female_paired_r1	d28_female_paired_r1	ERR1328208	d28_female_paired	adult_d28	whole_organism	female	not_applicable	untreated	paired	not_applicable	sequencing_batch_14895	1	SAMEA3898075	12428116	lane_2	ERS1085209	ERX1399828	https://ftp.sra.ebi.ac.uk/vol1/fastq/ERR132/008/ERR1328208/ERR1328208_1.fastq.gz	https://ftp.sra.ebi.ac.uk/vol1/fastq/ERR132/008/ERR1328208/ERR1328208_2.fastq.gz	d86bb4f5dcda337a291d20e0cfe0fe5d	1cbb55b2fb14575c6cfebd59f69ae97a	508848178	545700641
E-ERAD-478	d28_female_paired_r2	d28_female_paired_r2	ERR1328146	d28_female_paired	adult_d28	whole_organism	female	not_applicable	untreated	paired	not_applicable	sequencing_batch_14812	2	SAMEA3898107	12399356	lane_1	ERS1085241	ERX1399766	https://ftp.sra.ebi.ac.uk/vol1/fastq/ERR132/006/ERR1328146/ERR1328146_1.fastq.gz	https://ftp.sra.ebi.ac.uk/vol1/fastq/ERR132/006/ERR1328146/ERR1328146_2.fastq.gz	76d9159f931d69fed091c671e6d2ef84	2a39cdc5b1033653d2fe6bcedfa957da	443598723	462198147
E-ERAD-478	d28_female_paired_r2	d28_female_paired_r2	ERR1328169	d28_female_paired	adult_d28	whole_organism	female	not_applicable	untreated	paired	not_applicable	sequencing_batch_14812	2	SAMEA3898107	12399356	lane_2	ERS1085241	ERX1399789	https://ftp.sra.ebi.ac.uk/vol1/fastq/ERR132/009/ERR1328169/ERR1328169_1.fastq.gz	https://ftp.sra.ebi.ac.uk/vol1/fastq/ERR132/009/ERR1328169/ERR1328169_2.fastq.gz	7b1382e31dd541c91d68b97e8c660397	92d5d4b5b5505ff02510f795beb990c7	443918963	461610011
E-ERAD-478	d28_female_paired_r3	d28_female_paired_r3	ERR1328222	d28_female_paired	adult_d28	whole_organism	female	not_applicable	untreated	paired	not_applicable	sequencing_batch_14897	3	SAMEA3898112	12449443	lane_1	ERS1085246	ERX1399842	https://ftp.sra.ebi.ac.uk/vol1/fastq/ERR132/002/ERR1328222/ERR1328222_1.fastq.gz	https://ftp.sra.ebi.ac.uk/vol1/fastq/ERR132/002/ERR1328222/ERR1328222_2.fastq.gz	48ac7399f69ca6f4d987862fa7eb770f	fd5cefc2114a99ee7bb42325e145b25d	593123129	628737988
E-ERAD-478	d28_female_paired_r3	d28_female_paired_r3	ERR1328245	d28_female_paired	adult_d28	whole_organism	female	not_applicable	untreated	paired	not_applicable	sequencing_batch_14897	3	SAMEA3898112	12449443	lane_2	ERS1085246	ERX1399865	https://ftp.sra.ebi.ac.uk/vol1/fastq/ERR132/005/ERR1328245/ERR1328245_1.fastq.gz	https://ftp.sra.ebi.ac.uk/vol1/fastq/ERR132/005/ERR1328245/ERR1328245_2.fastq.gz	e87039171f3ebb9daa42ada57787459f	ff3202ed7df7898882080aa8c8baed16	583317308	619487949
E-ERAD-478	d28_female_paired_r4	d28_female_paired_r4	ERR1328244	d28_female_paired	adult_d28	whole_organism	female	not_applicable	untreated	paired	not_applicable	sequencing_batch_14897	4	SAMEA3898134	12449465	lane_1	ERS1085268	ERX1399864	https://ftp.sra.ebi.ac.uk/vol1/fastq/ERR132/004/ERR1328244/ERR1328244_1.fastq.gz	https://ftp.sra.ebi.ac.uk/vol1/fastq/ERR132/004/ERR1328244/ERR1328244_2.fastq.gz	31592b4274af8bc632a2f084d34ac8ad	58ed4be6d8585e798f51345cdfba4f89	620563391	653451000
E-ERAD-478	d28_female_paired_r4	d28_female_paired_r4	ERR1328267	d28_female_paired	adult_d28	whole_organism	female	not_applicable	untreated	paired	not_applicable	sequencing_batch_14897	4	SAMEA3898134	12449465	lane_2	ERS1085268	ERX1399887	https://ftp.sra.ebi.ac.uk/vol1/fastq/ERR132/007/ERR1328267/ERR1328267_1.fastq.gz	https://ftp.sra.ebi.ac.uk/vol1/fastq/ERR132/007/ERR1328267/ERR1328267_2.fastq.gz	e31c5816f6b4dfe87891b3572be47828	659e2eef11eb69d01f6e49e76a676cf2	608743287	642210822
E-ERAD-478	d28_female_unpaired_r1	d28_female_unpaired_r1	ERR1328182	d28_female_unpaired	adult_d28	whole_organism	female	not_applicable	untreated	unpaired	not_applicable	sequencing_batch_14895	1	SAMEA3898073	12428114	lane_1	ERS1085207	ERX1399802	https://ftp.sra.ebi.ac.uk/vol1/fastq/ERR132/002/ERR1328182/ERR1328182_1.fastq.gz	https://ftp.sra.ebi.ac.uk/vol1/fastq/ERR132/002/ERR1328182/ERR1328182_2.fastq.gz	2b8110803cd8a4818cde8122a90ba770	fe4540ddff113292df0a3d83c198b539	389389934	404923328
E-ERAD-478	d28_female_unpaired_r1	d28_female_unpaired_r1	ERR1328206	d28_female_unpaired	adult_d28	whole_organism	female	not_applicable	untreated	unpaired	not_applicable	sequencing_batch_14895	1	SAMEA3898073	12428114	lane_2	ERS1085207	ERX1399826	https://ftp.sra.ebi.ac.uk/vol1/fastq/ERR132/006/ERR1328206/ERR1328206_1.fastq.gz	https://ftp.sra.ebi.ac.uk/vol1/fastq/ERR132/006/ERR1328206/ERR1328206_2.fastq.gz	84080c070a97a8b80b0133173c4d96f7	aa7f1a1635cb13528ec2c06af1506fe1	378867384	394781283
E-ERAD-478	d28_female_unpaired_r2	d28_female_unpaired_r2	ERR1328144	d28_female_unpaired	adult_d28	whole_organism	female	not_applicable	untreated	unpaired	not_applicable	sequencing_batch_14812	2	SAMEA3898105	12399354	lane_1	ERS1085239	ERX1399764	https://ftp.sra.ebi.ac.uk/vol1/fastq/ERR132/004/ERR1328144/ERR1328144_1.fastq.gz	https://ftp.sra.ebi.ac.uk/vol1/fastq/ERR132/004/ERR1328144/ERR1328144_2.fastq.gz	cbf29aba75f72555e1aaeff005ca9532	23e9aaac0eee8fae7f00b6984ea19ec8	462783672	477009704
E-ERAD-478	d28_female_unpaired_r2	d28_female_unpaired_r2	ERR1328167	d28_female_unpaired	adult_d28	whole_organism	female	not_applicable	untreated	unpaired	not_applicable	sequencing_batch_14812	2	SAMEA3898105	12399354	lane_2	ERS1085239	ERX1399787	https://ftp.sra.ebi.ac.uk/vol1/fastq/ERR132/007/ERR1328167/ERR1328167_1.fastq.gz	https://ftp.sra.ebi.ac.uk/vol1/fastq/ERR132/007/ERR1328167/ERR1328167_2.fastq.gz	a63df3ec08811e4225e7d32cdd23f557	1d9e1bd0f765735ce5b0ddfdb92afe2a	463786990	477078058
E-ERAD-478	d28_female_unpaired_r3	d28_female_unpaired_r3	ERR1328242	d28_female_unpaired	adult_d28	whole_organism	female	not_applicable	untreated	unpaired	not_applicable	sequencing_batch_14897	3	SAMEA3898132	12449463	lane_1	ERS1085266	ERX1399862	https://ftp.sra.ebi.ac.uk/vol1/fastq/ERR132/002/ERR1328242/ERR1328242_1.fastq.gz	https://ftp.sra.ebi.ac.uk/vol1/fastq/ERR132/002/ERR1328242/ERR1328242_2.fastq.gz	638e1dcab116c786675a00b8aae7a677	061224bc85d76c25718f846fb78b9dfd	567419594	586176898
E-ERAD-478	d28_female_unpaired_r3	d28_female_unpaired_r3	ERR1328265	d28_female_unpaired	adult_d28	whole_organism	female	not_applicable	untreated	unpaired	not_applicable	sequencing_batch_14897	3	SAMEA3898132	12449463	lane_2	ERS1085266	ERX1399885	https://ftp.sra.ebi.ac.uk/vol1/fastq/ERR132/005/ERR1328265/ERR1328265_1.fastq.gz	https://ftp.sra.ebi.ac.uk/vol1/fastq/ERR132/005/ERR1328265/ERR1328265_2.fastq.gz	50907a420f438ba3d0d0edf4f4bd2897	87c9a5356f0922c98fec64561d77ba5e	560117264	579466329
E-ERAD-478	d28_male_paired_r1	d28_male_paired_r1	ERR1328185	d28_male_paired	adult_d28	whole_organism	male	not_applicable	untreated	paired	not_applicable	sequencing_batch_14895	1	SAMEA3898076	12428117	lane_1	ERS1085210	ERX1399805	https://ftp.sra.ebi.ac.uk/vol1/fastq/ERR132/005/ERR1328185/ERR1328185_1.fastq.gz	https://ftp.sra.ebi.ac.uk/vol1/fastq/ERR132/005/ERR1328185/ERR1328185_2.fastq.gz	e7588ebd7c8c1f0f81e3e1dfdc9b0c70	8c8b4a65c29eb7c2b340d199d98f5c07	598114434	623621961
E-ERAD-478	d28_male_paired_r1	d28_male_paired_r1	ERR1328209	d28_male_paired	adult_d28	whole_organism	male	not_applicable	untreated	paired	not_applicable	sequencing_batch_14895	1	SAMEA3898076	12428117	lane_2	ERS1085210	ERX1399829	https://ftp.sra.ebi.ac.uk/vol1/fastq/ERR132/009/ERR1328209/ERR1328209_1.fastq.gz	https://ftp.sra.ebi.ac.uk/vol1/fastq/ERR132/009/ERR1328209/ERR1328209_2.fastq.gz	7e3dbce24fc5e9a0cacbeac842b21624	4fb69393c6d258389096dde5a00049f8	578350423	604419921
E-ERAD-478	d28_male_paired_r2	d28_male_paired_r2	ERR1328186	d28_male_paired	adult_d28	whole_organism	male	not_applicable	untreated	paired	not_applicable	sequencing_batch_14895	2	SAMEA3898077	12428118	lane_1	ERS1085211	ERX1399806	https://ftp.sra.ebi.ac.uk/vol1/fastq/ERR132/006/ERR1328186/ERR1328186_1.fastq.gz	https://ftp.sra.ebi.ac.uk/vol1/fastq/ERR132/006/ERR1328186/ERR1328186_2.fastq.gz	9b5ad9d338c7b388371875e52d431fba	9668461d69c6a7b02a03b071e613409e	606672046	635049009
E-ERAD-478	d28_male_paired_r2	d28_male_paired_r2	ERR1328210	d28_male_paired	adult_d28	whole_organism	male	not_applicable	untreated	paired	not_applicable	sequencing_batch_14895	2	SAMEA3898077	12428118	lane_2	ERS1085211	ERX1399830	https://ftp.sra.ebi.ac.uk/vol1/fastq/ERR132/000/ERR1328210/ERR1328210_1.fastq.gz	https://ftp.sra.ebi.ac.uk/vol1/fastq/ERR132/000/ERR1328210/ERR1328210_2.fastq.gz	b5f508890f154c45930116dc87c1c084	1f933d5f8c47216e774beb8dc6903113	585476964	614067364
E-ERAD-478	d28_male_paired_r3	d28_male_paired_r3	ERR1328147	d28_male_paired	adult_d28	whole_organism	male	not_applicable	untreated	paired	not_applicable	sequencing_batch_14812	3	SAMEA3898108	12399357	lane_1	ERS1085242	ERX1399767	https://ftp.sra.ebi.ac.uk/vol1/fastq/ERR132/007/ERR1328147/ERR1328147_1.fastq.gz	https://ftp.sra.ebi.ac.uk/vol1/fastq/ERR132/007/ERR1328147/ERR1328147_2.fastq.gz	7a96df72d93f04bc6746091f320aa95b	4fc335ca48c0637b1c19f3f1b9db6146	456800788	477846284
E-ERAD-478	d28_male_paired_r3	d28_male_paired_r3	ERR1328170	d28_male_paired	adult_d28	whole_organism	male	not_applicable	untreated	paired	not_applicable	sequencing_batch_14812	3	SAMEA3898108	12399357	lane_2	ERS1085242	ERX1399790	https://ftp.sra.ebi.ac.uk/vol1/fastq/ERR132/000/ERR1328170/ERR1328170_1.fastq.gz	https://ftp.sra.ebi.ac.uk/vol1/fastq/ERR132/000/ERR1328170/ERR1328170_2.fastq.gz	77be03aafa079ce36ee5ac23524b4e1d	870e802972370c9aa0afcda93fa36763	457187669	477270553
E-ERAD-478	d28_male_paired_r4	d28_male_paired_r4	ERR1328223	d28_male_paired	adult_d28	whole_organism	male	not_applicable	untreated	paired	not_applicable	sequencing_batch_14897	4	SAMEA3898113	12449444	lane_1	ERS1085247	ERX1399843	https://ftp.sra.ebi.ac.uk/vol1/fastq/ERR132/003/ERR1328223/ERR1328223_1.fastq.gz	https://ftp.sra.ebi.ac.uk/vol1/fastq/ERR132/003/ERR1328223/ERR1328223_2.fastq.gz	7ffcee40c50336b4e3e19e70d49bd564	a8b56921b7f8b9c3bf77628db8e9b81e	517239932	547227581
E-ERAD-478	d28_male_paired_r4	d28_male_paired_r4	ERR1328246	d28_male_paired	adult_d28	whole_organism	male	not_applicable	untreated	paired	not_applicable	sequencing_batch_14897	4	SAMEA3898113	12449444	lane_2	ERS1085247	ERX1399866	https://ftp.sra.ebi.ac.uk/vol1/fastq/ERR132/006/ERR1328246/ERR1328246_1.fastq.gz	https://ftp.sra.ebi.ac.uk/vol1/fastq/ERR132/006/ERR1328246/ERR1328246_2.fastq.gz	2e828884db99f774d78af3b63d24a478	1d7bd20284a1c6a842ad9a96604efc37	508728105	539315409
E-ERAD-478	d28_male_unpaired_r1	d28_male_unpaired_r1	ERR1328183	d28_male_unpaired	adult_d28	whole_organism	male	not_applicable	untreated	unpaired	not_applicable	sequencing_batch_14895	1	SAMEA3898074	12428115	lane_1	ERS1085208	ERX1399803	https://ftp.sra.ebi.ac.uk/vol1/fastq/ERR132/003/ERR1328183/ERR1328183_1.fastq.gz	https://ftp.sra.ebi.ac.uk/vol1/fastq/ERR132/003/ERR1328183/ERR1328183_2.fastq.gz	a6145fd1968d2734b20178ab046c373c	b9b4a036f7bdb3514e2b8970c1a2ee3c	550023480	576241850
E-ERAD-478	d28_male_unpaired_r1	d28_male_unpaired_r1	ERR1328207	d28_male_unpaired	adult_d28	whole_organism	male	not_applicable	untreated	unpaired	not_applicable	sequencing_batch_14895	1	SAMEA3898074	12428115	lane_2	ERS1085208	ERX1399827	https://ftp.sra.ebi.ac.uk/vol1/fastq/ERR132/007/ERR1328207/ERR1328207_1.fastq.gz	https://ftp.sra.ebi.ac.uk/vol1/fastq/ERR132/007/ERR1328207/ERR1328207_2.fastq.gz	90c100353b5314c76f6803dca6d291b9	4d215aa6e1a4204736a0cdc635f7b118	531515130	557972170
E-ERAD-478	d28_male_unpaired_r2	d28_male_unpaired_r2	ERR1328145	d28_male_unpaired	adult_d28	whole_organism	male	not_applicable	untreated	unpaired	not_applicable	sequencing_batch_14812	2	SAMEA3898106	12399355	lane_1	ERS1085240	ERX1399765	https://ftp.sra.ebi.ac.uk/vol1/fastq/ERR132/005/ERR1328145/ERR1328145_1.fastq.gz	https://ftp.sra.ebi.ac.uk/vol1/fastq/ERR132/005/ERR1328145/ERR1328145_2.fastq.gz	ddbdba838c2df77beb1054c2a72448d7	0308657da89eb58da941a5913187365c	419640759	434045357
E-ERAD-478	d28_male_unpaired_r2	d28_male_unpaired_r2	ERR1328168	d28_male_unpaired	adult_d28	whole_organism	male	not_applicable	untreated	unpaired	not_applicable	sequencing_batch_14812	2	SAMEA3898106	12399355	lane_2	ERS1085240	ERX1399788	https://ftp.sra.ebi.ac.uk/vol1/fastq/ERR132/008/ERR1328168/ERR1328168_1.fastq.gz	https://ftp.sra.ebi.ac.uk/vol1/fastq/ERR132/008/ERR1328168/ERR1328168_2.fastq.gz	6e5df42cef5f6134a999af071d4a6adf	33c7fe047e59f855bad0caf6f141951e	420233724	433716004
E-ERAD-478	d28_male_unpaired_r3	d28_male_unpaired_r3	ERR1328243	d28_male_unpaired	adult_d28	whole_organism	male	not_applicable	untreated	unpaired	not_applicable	sequencing_batch_14897	3	SAMEA3898133	12449464	lane_1	ERS1085267	ERX1399863	https://ftp.sra.ebi.ac.uk/vol1/fastq/ERR132/003/ERR1328243/ERR1328243_1.fastq.gz	https://ftp.sra.ebi.ac.uk/vol1/fastq/ERR132/003/ERR1328243/ERR1328243_2.fastq.gz	2d6e79f51abf0a21c34c703e7c975cf6	83e53be92358248acf552dafa0dc9ee9	906590647	938744055
E-ERAD-478	d28_male_unpaired_r3	d28_male_unpaired_r3	ERR1328266	d28_male_unpaired	adult_d28	whole_organism	male	not_applicable	untreated	unpaired	not_applicable	sequencing_batch_14897	3	SAMEA3898133	12449464	lane_2	ERS1085267	ERX1399886	https://ftp.sra.ebi.ac.uk/vol1/fastq/ERR132/006/ERR1328266/ERR1328266_1.fastq.gz	https://ftp.sra.ebi.ac.uk/vol1/fastq/ERR132/006/ERR1328266/ERR1328266_2.fastq.gz	7e49f0769d4d3f86532ef2fbe9d42595	f9974cb5a5b2fe1dd40344ab530702b7	891320710	924265388
E-ERAD-478	d35_female_paired_r1	d35_female_paired_r1	ERR1328189	d35_female_paired	adult_d35	whole_organism	female	not_applicable	untreated	paired	not_applicable	sequencing_batch_14895	1	SAMEA3898080	12428121	lane_1	ERS1085214	ERX1399809	https://ftp.sra.ebi.ac.uk/vol1/fastq/ERR132/009/ERR1328189/ERR1328189_1.fastq.gz	https://ftp.sra.ebi.ac.uk/vol1/fastq/ERR132/009/ERR1328189/ERR1328189_2.fastq.gz	e6d48111da77ea235e3a3555fb07021d	b6ffbc42317066d7184b637aef1f61d3	590171800	632129335
E-ERAD-478	d35_female_paired_r1	d35_female_paired_r1	ERR1328213	d35_female_paired	adult_d35	whole_organism	female	not_applicable	untreated	paired	not_applicable	sequencing_batch_14895	1	SAMEA3898080	12428121	lane_2	ERS1085214	ERX1399833	https://ftp.sra.ebi.ac.uk/vol1/fastq/ERR132/003/ERR1328213/ERR1328213_1.fastq.gz	https://ftp.sra.ebi.ac.uk/vol1/fastq/ERR132/003/ERR1328213/ERR1328213_2.fastq.gz	f3f206c618e1689a89c3f04783536ac5	34cb9a66dd1f00e2bfed42922ad9a1ec	572090713	614421208
E-ERAD-478	d35_female_paired_r2	d35_female_paired_r2	ERR1328128	d35_female_paired	adult_d35	whole_organism	female	not_applicable	untreated	paired	not_applicable	sequencing_batch_14812	2	SAMEA3898089	12399338	lane_1	ERS1085223	ERX1399748	https://ftp.sra.ebi.ac.uk/vol1/fastq/ERR132/008/ERR1328128/ERR1328128_1.fastq.gz	https://ftp.sra.ebi.ac.uk/vol1/fastq/ERR132/008/ERR1328128/ERR1328128_2.fastq.gz	e3256e3249c34b1e83532b776d0454fa	b13e79286dcccd6400041df66aaf25f1	489307571	527176930
E-ERAD-478	d35_female_paired_r2	d35_female_paired_r2	ERR1328151	d35_female_paired	adult_d35	whole_organism	female	not_applicable	untreated	paired	not_applicable	sequencing_batch_14812	2	SAMEA3898089	12399338	lane_2	ERS1085223	ERX1399771	https://ftp.sra.ebi.ac.uk/vol1/fastq/ERR132/001/ERR1328151/ERR1328151_1.fastq.gz	https://ftp.sra.ebi.ac.uk/vol1/fastq/ERR132/001/ERR1328151/ERR1328151_2.fastq.gz	bbae31be13985f333ef2503f607b8fa6	c5d3f6a5d797b4722690ffee45edbf92	489398218	526292152
E-ERAD-478	d35_female_paired_r3	d35_female_paired_r3	ERR1328226	d35_female_paired	adult_d35	whole_organism	female	not_applicable	untreated	paired	not_applicable	sequencing_batch_14897	3	SAMEA3898116	12449447	lane_1	ERS1085250	ERX1399846	https://ftp.sra.ebi.ac.uk/vol1/fastq/ERR132/006/ERR1328226/ERR1328226_1.fastq.gz	https://ftp.sra.ebi.ac.uk/vol1/fastq/ERR132/006/ERR1328226/ERR1328226_2.fastq.gz	f34bfbf69ae9db0bf2911c69e8bfe4a3	8be7ba9c0c23a69a559b5e14400119aa	527640572	565333897
E-ERAD-478	d35_female_paired_r3	d35_female_paired_r3	ERR1328249	d35_female_paired	adult_d35	whole_organism	female	not_applicable	untreated	paired	not_applicable	sequencing_batch_14897	3	SAMEA3898116	12449447	lane_2	ERS1085250	ERX1399869	https://ftp.sra.ebi.ac.uk/vol1/fastq/ERR132/009/ERR1328249/ERR1328249_1.fastq.gz	https://ftp.sra.ebi.ac.uk/vol1/fastq/ERR132/009/ERR1328249/ERR1328249_2.fastq.gz	81b2c12e336e7d6533619924b0ad9a9f	5433cfda8e2f0134adfcf07815e02cb4	517710560	555803133
E-ERAD-478	d35_female_unpaired_r1	d35_female_unpaired_r1	ERR1328187	d35_female_unpaired	adult_d35	whole_organism	female	not_applicable	untreated	unpaired	not_applicable	sequencing_batch_14895	1	SAMEA3898078	12428119	lane_1	ERS1085212	ERX1399807	https://ftp.sra.ebi.ac.uk/vol1/fastq/ERR132/007/ERR1328187/ERR1328187_1.fastq.gz	https://ftp.sra.ebi.ac.uk/vol1/fastq/ERR132/007/ERR1328187/ERR1328187_2.fastq.gz	7f43b47e8838fb7e1dae68594a0e3382	834b96fbbd74a26f21ff7d91c760d55d	577029770	603350499
E-ERAD-478	d35_female_unpaired_r1	d35_female_unpaired_r1	ERR1328211	d35_female_unpaired	adult_d35	whole_organism	female	not_applicable	untreated	unpaired	not_applicable	sequencing_batch_14895	1	SAMEA3898078	12428119	lane_2	ERS1085212	ERX1399831	https://ftp.sra.ebi.ac.uk/vol1/fastq/ERR132/001/ERR1328211/ERR1328211_1.fastq.gz	https://ftp.sra.ebi.ac.uk/vol1/fastq/ERR132/001/ERR1328211/ERR1328211_2.fastq.gz	20c327ca78f9b8160d27fc33779d56d6	f62da36060e2aca4b1a9ab4703bf0942	558684168	585543546
E-ERAD-478	d35_female_unpaired_r2	d35_female_unpaired_r2	ERR1328148	d35_female_unpaired	adult_d35	whole_organism	female	not_applicable	untreated	unpaired	not_applicable	sequencing_batch_14812	2	SAMEA3898109	12399358	lane_1	ERS1085243	ERX1399768	https://ftp.sra.ebi.ac.uk/vol1/fastq/ERR132/008/ERR1328148/ERR1328148_1.fastq.gz	https://ftp.sra.ebi.ac.uk/vol1/fastq/ERR132/008/ERR1328148/ERR1328148_2.fastq.gz	3de5404909e13ae615b164953a6f7715	276680978be6bbd7d903ea8d1d6b5d56	233398342	241605974
E-ERAD-478	d35_female_unpaired_r2	d35_female_unpaired_r2	ERR1328171	d35_female_unpaired	adult_d35	whole_organism	female	not_applicable	untreated	unpaired	not_applicable	sequencing_batch_14812	2	SAMEA3898109	12399358	lane_2	ERS1085243	ERX1399791	https://ftp.sra.ebi.ac.uk/vol1/fastq/ERR132/001/ERR1328171/ERR1328171_1.fastq.gz	https://ftp.sra.ebi.ac.uk/vol1/fastq/ERR132/001/ERR1328171/ERR1328171_2.fastq.gz	2a326848dd171dd09ebad125cd858206	79c2cd099fcbc20c848aab2c7d0648f2	233925841	241592307
E-ERAD-478	d35_female_unpaired_r3	d35_female_unpaired_r3	ERR1328224	d35_female_unpaired	adult_d35	whole_organism	female	not_applicable	untreated	unpaired	not_applicable	sequencing_batch_14897	3	SAMEA3898114	12449445	lane_1	ERS1085248	ERX1399844	https://ftp.sra.ebi.ac.uk/vol1/fastq/ERR132/004/ERR1328224/ERR1328224_1.fastq.gz	https://ftp.sra.ebi.ac.uk/vol1/fastq/ERR132/004/ERR1328224/ERR1328224_2.fastq.gz	9a2ac2333db930186bbbe80b686228e6	e34410bb5b84d68f6e51b2e9222a247e	500981875	524511434
E-ERAD-478	d35_female_unpaired_r3	d35_female_unpaired_r3	ERR1328247	d35_female_unpaired	adult_d35	whole_organism	female	not_applicable	untreated	unpaired	not_applicable	sequencing_batch_14897	3	SAMEA3898114	12449445	lane_2	ERS1085248	ERX1399867	https://ftp.sra.ebi.ac.uk/vol1/fastq/ERR132/007/ERR1328247/ERR1328247_1.fastq.gz	https://ftp.sra.ebi.ac.uk/vol1/fastq/ERR132/007/ERR1328247/ERR1328247_2.fastq.gz	378aef0e7dc71e991d92e2e067c3163d	a39c4ad07c535a284529eceee9a58266	492233992	516067458
E-ERAD-478	d35_male_paired_r1	d35_male_paired_r1	ERR1328190	d35_male_paired	adult_d35	whole_organism	male	not_applicable	untreated	paired	not_applicable	sequencing_batch_14895	1	SAMEA3898081	12428122	lane_1	ERS1085215	ERX1399810	https://ftp.sra.ebi.ac.uk/vol1/fastq/ERR132/000/ERR1328190/ERR1328190_1.fastq.gz	https://ftp.sra.ebi.ac.uk/vol1/fastq/ERR132/000/ERR1328190/ERR1328190_2.fastq.gz	871279bbcede2b3df8c25f48864da331	b63071a34bd6b1847c0ba25c0ed9acd9	569632956	596742993
E-ERAD-478	d35_male_paired_r1	d35_male_paired_r1	ERR1328214	d35_male_paired	adult_d35	whole_organism	male	not_applicable	untreated	paired	not_applicable	sequencing_batch_14895	1	SAMEA3898081	12428122	lane_2	ERS1085215	ERX1399834	https://ftp.sra.ebi.ac.uk/vol1/fastq/ERR132/004/ERR1328214/ERR1328214_1.fastq.gz	https://ftp.sra.ebi.ac.uk/vol1/fastq/ERR132/004/ERR1328214/ERR1328214_2.fastq.gz	e24d3a0a2e104078f2f721f8caa9a061	871c4968d83b1ae94f51f7311593131c	551458557	579049056
E-ERAD-478	d35_male_paired_r2	d35_male_paired_r2	ERR1328129	d35_male_paired	adult_d35	whole_organism	male	not_applicable	untreated	paired	not_applicable	sequencing_batch_14812	2	SAMEA3898090	12399339	lane_1	ERS1085224	ERX1399749	https://ftp.sra.ebi.ac.uk/vol1/fastq/ERR132/009/ERR1328129/ERR1328129_1.fastq.gz	https://ftp.sra.ebi.ac.uk/vol1/fastq/ERR132/009/ERR1328129/ERR1328129_2.fastq.gz	babebb178bdcf1a7d966b2e70e9b9e08	628a85f97deb6a68053be2294a2ff7e1	500653655	525074029
E-ERAD-478	d35_male_paired_r2	d35_male_paired_r2	ERR1328152	d35_male_paired	adult_d35	whole_organism	male	not_applicable	untreated	paired	not_applicable	sequencing_batch_14812	2	SAMEA3898090	12399339	lane_2	ERS1085224	ERX1399772	https://ftp.sra.ebi.ac.uk/vol1/fastq/ERR132/002/ERR1328152/ERR1328152_1.fastq.gz	https://ftp.sra.ebi.ac.uk/vol1/fastq/ERR132/002/ERR1328152/ERR1328152_2.fastq.gz	8240ecc5b98fc55329e442e35892d9fa	0a023710b04f3caf8228500f81131582	501708453	525102920
E-ERAD-478	d35_male_paired_r3	d35_male_paired_r3	ERR1328227	d35_male_paired	adult_d35	whole_organism	male	not_applicable	untreated	paired	not_applicable	sequencing_batch_14897	3	SAMEA3898117	12449448	lane_1	ERS1085251	ERX1399847	https://ftp.sra.ebi.ac.uk/vol1/fastq/ERR132/007/ERR1328227/ERR1328227_1.fastq.gz	https://ftp.sra.ebi.ac.uk/vol1/fastq/ERR132/007/ERR1328227/ERR1328227_2.fastq.gz	00acb2bca7e949d1166c273bb7c28b22	f2d72a9e79ebc81496ce81ddc1bdaf77	480062795	501389974
E-ERAD-478	d35_male_paired_r3	d35_male_paired_r3	ERR1328250	d35_male_paired	adult_d35	whole_organism	male	not_applicable	untreated	paired	not_applicable	sequencing_batch_14897	3	SAMEA3898117	12449448	lane_2	ERS1085251	ERX1399870	https://ftp.sra.ebi.ac.uk/vol1/fastq/ERR132/000/ERR1328250/ERR1328250_1.fastq.gz	https://ftp.sra.ebi.ac.uk/vol1/fastq/ERR132/000/ERR1328250/ERR1328250_2.fastq.gz	8357d79fb7fc137b5abbe304e0c1a25d	fd08d03ee81ae1a3feb67c92d8706069	471635009	493224958
E-ERAD-478	d35_male_unpaired_r1	d35_male_unpaired_r1	ERR1328188	d35_male_unpaired	adult_d35	whole_organism	male	not_applicable	untreated	unpaired	not_applicable	sequencing_batch_14895	1	SAMEA3898079	12428120	lane_1	ERS1085213	ERX1399808	https://ftp.sra.ebi.ac.uk/vol1/fastq/ERR132/008/ERR1328188/ERR1328188_1.fastq.gz	https://ftp.sra.ebi.ac.uk/vol1/fastq/ERR132/008/ERR1328188/ERR1328188_2.fastq.gz	97cf770b61c7244ba00122d2824d7cf5	eb54b0ac74b67ddb5504ded26692582c	597579234	633924500
E-ERAD-478	d35_male_unpaired_r1	d35_male_unpaired_r1	ERR1328212	d35_male_unpaired	adult_d35	whole_organism	male	not_applicable	untreated	unpaired	not_applicable	sequencing_batch_14895	1	SAMEA3898079	12428120	lane_2	ERS1085213	ERX1399832	https://ftp.sra.ebi.ac.uk/vol1/fastq/ERR132/002/ERR1328212/ERR1328212_1.fastq.gz	https://ftp.sra.ebi.ac.uk/vol1/fastq/ERR132/002/ERR1328212/ERR1328212_2.fastq.gz	2e24f8845afc0a775bb581d481b5339c	4bf25c1145e8359ae7f169a0fe816137	575749184	611985682
E-ERAD-478	d35_male_unpaired_r2	d35_male_unpaired_r2	ERR1328149	d35_male_unpaired	adult_d35	whole_organism	male	not_applicable	untreated	unpaired	not_applicable	sequencing_batch_14812	2	SAMEA3898110	12399359	lane_1	ERS1085244	ERX1399769	https://ftp.sra.ebi.ac.uk/vol1/fastq/ERR132/009/ERR1328149/ERR1328149_1.fastq.gz	https://ftp.sra.ebi.ac.uk/vol1/fastq/ERR132/009/ERR1328149/ERR1328149_2.fastq.gz	25c9be23c57b221c623e5fa7c24c2107	a7c0f6b0328f88d13477132965a657d4	377903916	389036534
E-ERAD-478	d35_male_unpaired_r2	d35_male_unpaired_r2	ERR1328172	d35_male_unpaired	adult_d35	whole_organism	male	not_applicable	untreated	unpaired	not_applicable	sequencing_batch_14812	2	SAMEA3898110	12399359	lane_2	ERS1085244	ERX1399792	https://ftp.sra.ebi.ac.uk/vol1/fastq/ERR132/002/ERR1328172/ERR1328172_1.fastq.gz	https://ftp.sra.ebi.ac.uk/vol1/fastq/ERR132/002/ERR1328172/ERR1328172_2.fastq.gz	7968d8bd50f8a0b8e03f7be4db6c97f4	caf66f4ad0bfb4401fcd9fa17ef46941	378337676	388497512
E-ERAD-478	d35_male_unpaired_r3	d35_male_unpaired_r3	ERR1328150	d35_male_unpaired	adult_d35	whole_organism	male	not_applicable	untreated	unpaired	not_applicable	sequencing_batch_14812	3	SAMEA3898111	12399360	lane_1	ERS1085245	ERX1399770	https://ftp.sra.ebi.ac.uk/vol1/fastq/ERR132/000/ERR1328150/ERR1328150_1.fastq.gz	https://ftp.sra.ebi.ac.uk/vol1/fastq/ERR132/000/ERR1328150/ERR1328150_2.fastq.gz	4561b134a31c04c57445a436ed682e97	dd6735159ca17d55d369ce7bb4da8095	501290775	518052815
E-ERAD-478	d35_male_unpaired_r3	d35_male_unpaired_r3	ERR1328173	d35_male_unpaired	adult_d35	whole_organism	male	not_applicable	untreated	unpaired	not_applicable	sequencing_batch_14812	3	SAMEA3898111	12399360	lane_2	ERS1085245	ERX1399793	https://ftp.sra.ebi.ac.uk/vol1/fastq/ERR132/003/ERR1328173/ERR1328173_1.fastq.gz	https://ftp.sra.ebi.ac.uk/vol1/fastq/ERR132/003/ERR1328173/ERR1328173_2.fastq.gz	0e576a872b65482a82e4c18f11d4a19e	85dc0e20f5c3bf42522f8b9079a65268	501879646	517337751
E-ERAD-478	d35_male_unpaired_r4	d35_male_unpaired_r4	ERR1328225	d35_male_unpaired	adult_d35	whole_organism	male	not_applicable	untreated	unpaired	not_applicable	sequencing_batch_14897	4	SAMEA3898115	12449446	lane_1	ERS1085249	ERX1399845	https://ftp.sra.ebi.ac.uk/vol1/fastq/ERR132/005/ERR1328225/ERR1328225_1.fastq.gz	https://ftp.sra.ebi.ac.uk/vol1/fastq/ERR132/005/ERR1328225/ERR1328225_2.fastq.gz	6327c552bf25133a1581399935bb7a40	c6dc688da4f26bc84fdeb58f9f18b81e	527217769	560679590
E-ERAD-478	d35_male_unpaired_r4	d35_male_unpaired_r4	ERR1328248	d35_male_unpaired	adult_d35	whole_organism	male	not_applicable	untreated	unpaired	not_applicable	sequencing_batch_14897	4	SAMEA3898115	12449446	lane_2	ERS1085249	ERX1399868	https://ftp.sra.ebi.ac.uk/vol1/fastq/ERR132/008/ERR1328248/ERR1328248_1.fastq.gz	https://ftp.sra.ebi.ac.uk/vol1/fastq/ERR132/008/ERR1328248/ERR1328248_2.fastq.gz	52827f595cda47d0fdc694383f1f96f0	074559cb4efaf1c28a331494ede76012	519307672	553095988
E-ERAD-478	d38_female_paired_r1	d38_female_paired_r1	ERR1328194	d38_female_paired	adult_d38	whole_organism	female	not_applicable	untreated	paired	not_applicable	sequencing_batch_14895	1	SAMEA3898085	12428126	lane_1	ERS1085219	ERX1399814	https://ftp.sra.ebi.ac.uk/vol1/fastq/ERR132/004/ERR1328194/ERR1328194_1.fastq.gz	https://ftp.sra.ebi.ac.uk/vol1/fastq/ERR132/004/ERR1328194/ERR1328194_2.fastq.gz	911e3997fe79639a5250bc3b8012d251	b082760feea29122b9508ce33b82a49b	512877530	557971738
E-ERAD-478	d38_female_paired_r1	d38_female_paired_r1	ERR1328218	d38_female_paired	adult_d38	whole_organism	female	not_applicable	untreated	paired	not_applicable	sequencing_batch_14895	1	SAMEA3898085	12428126	lane_2	ERS1085219	ERX1399838	https://ftp.sra.ebi.ac.uk/vol1/fastq/ERR132/008/ERR1328218/ERR1328218_1.fastq.gz	https://ftp.sra.ebi.ac.uk/vol1/fastq/ERR132/008/ERR1328218/ERR1328218_2.fastq.gz	e0e8d95c28ed345dcce21974293f85a2	fcaf69fa4b23d5b35c55cd6c6a1f0394	496171926	540998677
E-ERAD-478	d38_female_paired_r2	d38_female_paired_r2	ERR1328133	d38_female_paired	adult_d38	whole_organism	female	not_applicable	untreated	paired	not_applicable	sequencing_batch_14812	2	SAMEA3898094	12399343	lane_1	ERS1085228	ERX1399753	https://ftp.sra.ebi.ac.uk/vol1/fastq/ERR132/003/ERR1328133/ERR1328133_1.fastq.gz	https://ftp.sra.ebi.ac.uk/vol1/fastq/ERR132/003/ERR1328133/ERR1328133_2.fastq.gz	a00a0397683d41e324b729800bd1b754	8e3bf2c00ae8d14a5cf0ccbeb09d609f	440680787	480929926
E-ERAD-478	d38_female_paired_r2	d38_female_paired_r2	ERR1328156	d38_female_paired	adult_d38	whole_organism	female	not_applicable	untreated	paired	not_applicable	sequencing_batch_14812	2	SAMEA3898094	12399343	lane_2	ERS1085228	ERX1399776	https://ftp.sra.ebi.ac.uk/vol1/fastq/ERR132/006/ERR1328156/ERR1328156_1.fastq.gz	https://ftp.sra.ebi.ac.uk/vol1/fastq/ERR132/006/ERR1328156/ERR1328156_2.fastq.gz	c62836ca1b1872b5a1ffc5a4f28359c1	6591ed0dc48fa9b1f2efdead9c63e3ec	441210683	480408716
E-ERAD-478	d38_female_paired_r3	d38_female_paired_r3	ERR1328232	d38_female_paired	adult_d38	whole_organism	female	not_applicable	untreated	paired	not_applicable	sequencing_batch_14897	3	SAMEA3898122	12449453	lane_1	ERS1085256	ERX1399852	https://ftp.sra.ebi.ac.uk/vol1/fastq/ERR132/002/ERR1328232/ERR1328232_1.fastq.gz	https://ftp.sra.ebi.ac.uk/vol1/fastq/ERR132/002/ERR1328232/ERR1328232_2.fastq.gz	ade0340ba8568f818f0b70e44ac92a47	d8dea3437b2145f0639f516485108c45	480689093	510098532
E-ERAD-478	d38_female_paired_r3	d38_female_paired_r3	ERR1328255	d38_female_paired	adult_d38	whole_organism	female	not_applicable	untreated	paired	not_applicable	sequencing_batch_14897	3	SAMEA3898122	12449453	lane_2	ERS1085256	ERX1399875	https://ftp.sra.ebi.ac.uk/vol1/fastq/ERR132/005/ERR1328255/ERR1328255_1.fastq.gz	https://ftp.sra.ebi.ac.uk/vol1/fastq/ERR132/005/ERR1328255/ERR1328255_2.fastq.gz	a22a396efd1ee116fb10dbfd360ed567	f55a6f7363e3f87a58954e3e8235a955	472938518	502710977
E-ERAD-478	d38_female_unpaired_r1	d38_female_unpaired_r1	ERR1328191	d38_female_unpaired	adult_d38	whole_organism	female	not_applicable	untreated	unpaired	not_applicable	sequencing_batch_14895	1	SAMEA3898082	12428123	lane_1	ERS1085216	ERX1399811	https://ftp.sra.ebi.ac.uk/vol1/fastq/ERR132/001/ERR1328191/ERR1328191_1.fastq.gz	https://ftp.sra.ebi.ac.uk/vol1/fastq/ERR132/001/ERR1328191/ERR1328191_2.fastq.gz	c61a2ae6b0739f75e5bc056190b782bf	ed7798e5f27b408ac5270abb87188958	397680198	415832507
E-ERAD-478	d38_female_unpaired_r1	d38_female_unpaired_r1	ERR1328215	d38_female_unpaired	adult_d38	whole_organism	female	not_applicable	untreated	unpaired	not_applicable	sequencing_batch_14895	1	SAMEA3898082	12428123	lane_2	ERS1085216	ERX1399835	https://ftp.sra.ebi.ac.uk/vol1/fastq/ERR132/005/ERR1328215/ERR1328215_1.fastq.gz	https://ftp.sra.ebi.ac.uk/vol1/fastq/ERR132/005/ERR1328215/ERR1328215_2.fastq.gz	a3ed5070e8e578a7477c022c8e338202	ff68b421329fe9c838e98ea47c7a14ea	386024847	404667349
E-ERAD-478	d38_female_unpaired_r2	d38_female_unpaired_r2	ERR1328130	d38_female_unpaired	adult_d38	whole_organism	female	not_applicable	untreated	unpaired	not_applicable	sequencing_batch_14812	2	SAMEA3898091	12399340	lane_1	ERS1085225	ERX1399750	https://ftp.sra.ebi.ac.uk/vol1/fastq/ERR132/000/ERR1328130/ERR1328130_1.fastq.gz	https://ftp.sra.ebi.ac.uk/vol1/fastq/ERR132/000/ERR1328130/ERR1328130_2.fastq.gz	3c5bd514032cf847fa7d97428cf36ef3	f31999ce15f1bfda042a32c43265527f	587372767	606653222
E-ERAD-478	d38_female_unpaired_r2	d38_female_unpaired_r2	ERR1328153	d38_female_unpaired	adult_d38	whole_organism	female	not_applicable	untreated	unpaired	not_applicable	sequencing_batch_14812	2	SAMEA3898091	12399340	lane_2	ERS1085225	ERX1399773	https://ftp.sra.ebi.ac.uk/vol1/fastq/ERR132/003/ERR1328153/ERR1328153_1.fastq.gz	https://ftp.sra.ebi.ac.uk/vol1/fastq/ERR132/003/ERR1328153/ERR1328153_2.fastq.gz	e7a4901adce8ff8dbba0f7f24ad917c0	4f902ba5704023ed692718ed6efed41d	588242907	606230533
E-ERAD-478	d38_female_unpaired_r3	d38_female_unpaired_r3	ERR1328228	d38_female_unpaired	adult_d38	whole_organism	female	not_applicable	untreated	unpaired	not_applicable	sequencing_batch_14897	3	SAMEA3898118	12449449	lane_1	ERS1085252	ERX1399848	https://ftp.sra.ebi.ac.uk/vol1/fastq/ERR132/008/ERR1328228/ERR1328228_1.fastq.gz	https://ftp.sra.ebi.ac.uk/vol1/fastq/ERR132/008/ERR1328228/ERR1328228_2.fastq.gz	85b2c0c6394827924378268124a61f45	3c3b834b6f9582c0b8a71ff7b73c55e4	604831313	637945727
E-ERAD-478	d38_female_unpaired_r3	d38_female_unpaired_r3	ERR1328251	d38_female_unpaired	adult_d38	whole_organism	female	not_applicable	untreated	unpaired	not_applicable	sequencing_batch_14897	3	SAMEA3898118	12449449	lane_2	ERS1085252	ERX1399871	https://ftp.sra.ebi.ac.uk/vol1/fastq/ERR132/001/ERR1328251/ERR1328251_1.fastq.gz	https://ftp.sra.ebi.ac.uk/vol1/fastq/ERR132/001/ERR1328251/ERR1328251_2.fastq.gz	65bfec6f328f52d5f23c1a7400b11857	a89991d84fe1cff5402d201118651f31	593366065	626409279
E-ERAD-478	d38_female_unpaired_r4	d38_female_unpaired_r4	ERR1328229	d38_female_unpaired	adult_d38	whole_organism	female	not_applicable	untreated	unpaired	not_applicable	sequencing_batch_14897	4	SAMEA3898119	12449450	lane_1	ERS1085253	ERX1399849	https://ftp.sra.ebi.ac.uk/vol1/fastq/ERR132/009/ERR1328229/ERR1328229_1.fastq.gz	https://ftp.sra.ebi.ac.uk/vol1/fastq/ERR132/009/ERR1328229/ERR1328229_2.fastq.gz	f66d7f7553fc91de44708d04c0c9a1c0	df7f476c6d037194f3ba7b3f75d55672	537508968	564538811
E-ERAD-478	d38_female_unpaired_r4	d38_female_unpaired_r4	ERR1328252	d38_female_unpaired	adult_d38	whole_organism	female	not_applicable	untreated	unpaired	not_applicable	sequencing_batch_14897	4	SAMEA3898119	12449450	lane_2	ERS1085253	ERX1399872	https://ftp.sra.ebi.ac.uk/vol1/fastq/ERR132/002/ERR1328252/ERR1328252_1.fastq.gz	https://ftp.sra.ebi.ac.uk/vol1/fastq/ERR132/002/ERR1328252/ERR1328252_2.fastq.gz	f9f0ab380dadca1ca49bf2b710640e12	df79f64179373a7676267db128d4161d	529678012	557017605
E-ERAD-478	d38_male_paired_r1	d38_male_paired_r1	ERR1328195	d38_male_paired	adult_d38	whole_organism	male	not_applicable	untreated	paired	not_applicable	sequencing_batch_14895	1	SAMEA3898086	12428127	lane_1	ERS1085220	ERX1399815	https://ftp.sra.ebi.ac.uk/vol1/fastq/ERR132/005/ERR1328195/ERR1328195_1.fastq.gz	https://ftp.sra.ebi.ac.uk/vol1/fastq/ERR132/005/ERR1328195/ERR1328195_2.fastq.gz	6543490433983f0ccc8eb66a5f39dd41	e0da904f7a5b1cf267a9a7d0130c3c3d	578293166	601337278
E-ERAD-478	d38_male_paired_r1	d38_male_paired_r1	ERR1328219	d38_male_paired	adult_d38	whole_organism	male	not_applicable	untreated	paired	not_applicable	sequencing_batch_14895	1	SAMEA3898086	12428127	lane_2	ERS1085220	ERX1399839	https://ftp.sra.ebi.ac.uk/vol1/fastq/ERR132/009/ERR1328219/ERR1328219_1.fastq.gz	https://ftp.sra.ebi.ac.uk/vol1/fastq/ERR132/009/ERR1328219/ERR1328219_2.fastq.gz	0f4a8090c2f8eb50b19d6bb35699003c	d561c8313aee57d5c1624a4dde19b2f8	562001578	585752354
E-ERAD-478	d38_male_paired_r2	d38_male_paired_r2	ERR1328134	d38_male_paired	adult_d38	whole_organism	male	not_applicable	untreated	paired	not_applicable	sequencing_batch_14812	2	SAMEA3898095	12399344	lane_1	ERS1085229	ERX1399754	https://ftp.sra.ebi.ac.uk/vol1/fastq/ERR132/004/ERR1328134/ERR1328134_1.fastq.gz	https://ftp.sra.ebi.ac.uk/vol1/fastq/ERR132/004/ERR1328134/ERR1328134_2.fastq.gz	86bc605c0e93aff9e26826a47a55664e	c7af7104abce4cd84bc3cebd289ac646	638321004	663355732
E-ERAD-478	d38_male_paired_r2	d38_male_paired_r2	ERR1328157	d38_male_paired	adult_d38	whole_organism	male	not_applicable	untreated	paired	not_applicable	sequencing_batch_14812	2	SAMEA3898095	12399344	lane_2	ERS1085229	ERX1399777	https://ftp.sra.ebi.ac.uk/vol1/fastq/ERR132/007/ERR1328157/ERR1328157_1.fastq.gz	https://ftp.sra.ebi.ac.uk/vol1/fastq/ERR132/007/ERR1328157/ERR1328157_2.fastq.gz	3a05de2ba5bb173095eb324a70bd525e	ca860e320ad5ac180b72319a29214da8	638995570	662722834
E-ERAD-478	d38_male_paired_r3	d38_male_paired_r3	ERR1328233	d38_male_paired	adult_d38	whole_organism	male	not_applicable	untreated	paired	not_applicable	sequencing_batch_14897	3	SAMEA3898123	12449454	lane_1	ERS1085257	ERX1399853	https://ftp.sra.ebi.ac.uk/vol1/fastq/ERR132/003/ERR1328233/ERR1328233_1.fastq.gz	https://ftp.sra.ebi.ac.uk/vol1/fastq/ERR132/003/ERR1328233/ERR1328233_2.fastq.gz	fb9fb612280afec7e432781df4cc7611	a2cc19ddc78197281f92d8b1e9c43d42	559013517	585720819
E-ERAD-478	d38_male_paired_r3	d38_male_paired_r3	ERR1328256	d38_male_paired	adult_d38	whole_organism	male	not_applicable	untreated	paired	not_applicable	sequencing_batch_14897	3	SAMEA3898123	12449454	lane_2	ERS1085257	ERX1399876	https://ftp.sra.ebi.ac.uk/vol1/fastq/ERR132/006/ERR1328256/ERR1328256_1.fastq.gz	https://ftp.sra.ebi.ac.uk/vol1/fastq/ERR132/006/ERR1328256/ERR1328256_2.fastq.gz	b99405ff8b8030ef34daee04a552bbbf	e43dd5dac4029f6c86424fc42c536855	549486688	576587775
E-ERAD-478	d38_male_unpaired_r1	d38_male_unpaired_r1	ERR1328192	d38_male_unpaired	adult_d38	whole_organism	male	not_applicable	untreated	unpaired	not_applicable	sequencing_batch_14895	1	SAMEA3898083	12428124	lane_1	ERS1085217	ERX1399812	https://ftp.sra.ebi.ac.uk/vol1/fastq/ERR132/002/ERR1328192/ERR1328192_1.fastq.gz	https://ftp.sra.ebi.ac.uk/vol1/fastq/ERR132/002/ERR1328192/ERR1328192_2.fastq.gz	2e14005afd2355fa686d151c0219d550	846bb49c505214e1d565a0a2ce9a7add	456493844	475087042
E-ERAD-478	d38_male_unpaired_r1	d38_male_unpaired_r1	ERR1328216	d38_male_unpaired	adult_d38	whole_organism	male	not_applicable	untreated	unpaired	not_applicable	sequencing_batch_14895	1	SAMEA3898083	12428124	lane_2	ERS1085217	ERX1399836	https://ftp.sra.ebi.ac.uk/vol1/fastq/ERR132/006/ERR1328216/ERR1328216_1.fastq.gz	https://ftp.sra.ebi.ac.uk/vol1/fastq/ERR132/006/ERR1328216/ERR1328216_2.fastq.gz	8d3472890ef9cc238814887b2e2e460c	ca1e641c40684b6b6591872443a7cafb	440477671	459465896
E-ERAD-478	d38_male_unpaired_r2	d38_male_unpaired_r2	ERR1328193	d38_male_unpaired	adult_d38	whole_organism	male	not_applicable	untreated	unpaired	not_applicable	sequencing_batch_14895	2	SAMEA3898084	12428125	lane_1	ERS1085218	ERX1399813	https://ftp.sra.ebi.ac.uk/vol1/fastq/ERR132/003/ERR1328193/ERR1328193_1.fastq.gz	https://ftp.sra.ebi.ac.uk/vol1/fastq/ERR132/003/ERR1328193/ERR1328193_2.fastq.gz	eeefdeab2a2b89b9cb651be7ecae0074	ce8db2e81c6eb498634d9e7bfd8753ae	513422852	543262323
E-ERAD-478	d38_male_unpaired_r2	d38_male_unpaired_r2	ERR1328217	d38_male_unpaired	adult_d38	whole_organism	male	not_applicable	untreated	unpaired	not_applicable	sequencing_batch_14895	2	SAMEA3898084	12428125	lane_2	ERS1085218	ERX1399837	https://ftp.sra.ebi.ac.uk/vol1/fastq/ERR132/007/ERR1328217/ERR1328217_1.fastq.gz	https://ftp.sra.ebi.ac.uk/vol1/fastq/ERR132/007/ERR1328217/ERR1328217_2.fastq.gz	aac1694729426811e1d1ced27cfd7656	af618f41aea380da1d44590a30746e23	496582390	526493020
E-ERAD-478	d38_male_unpaired_r3	d38_male_unpaired_r3	ERR1328131	d38_male_unpaired	adult_d38	whole_organism	male	not_applicable	untreated	unpaired	not_applicable	sequencing_batch_14812	3	SAMEA3898092	12399341	lane_1	ERS1085226	ERX1399751	https://ftp.sra.ebi.ac.uk/vol1/fastq/ERR132/001/ERR1328131/ERR1328131_1.fastq.gz	https://ftp.sra.ebi.ac.uk/vol1/fastq/ERR132/001/ERR1328131/ERR1328131_2.fastq.gz	a48e01e34520db61e9a03166137b9b56	45229c6a809a8090b84925c948f56b68	357648279	373075824
E-ERAD-478	d38_male_unpaired_r3	d38_male_unpaired_r3	ERR1328154	d38_male_unpaired	adult_d38	whole_organism	male	not_applicable	untreated	unpaired	not_applicable	sequencing_batch_14812	3	SAMEA3898092	12399341	lane_2	ERS1085226	ERX1399774	https://ftp.sra.ebi.ac.uk/vol1/fastq/ERR132/004/ERR1328154/ERR1328154_1.fastq.gz	https://ftp.sra.ebi.ac.uk/vol1/fastq/ERR132/004/ERR1328154/ERR1328154_2.fastq.gz	0907a5e7b3df2c59d4ba80e605b89ce6	a1c4d5f8afc70f128c9f5957438a4ca2	357888331	372661899
E-ERAD-478	d38_male_unpaired_r4	d38_male_unpaired_r4	ERR1328132	d38_male_unpaired	adult_d38	whole_organism	male	not_applicable	untreated	unpaired	not_applicable	sequencing_batch_14812	4	SAMEA3898093	12399342	lane_1	ERS1085227	ERX1399752	https://ftp.sra.ebi.ac.uk/vol1/fastq/ERR132/002/ERR1328132/ERR1328132_1.fastq.gz	https://ftp.sra.ebi.ac.uk/vol1/fastq/ERR132/002/ERR1328132/ERR1328132_2.fastq.gz	e72637b2e7eff8f1ef7d68de425d8f6f	136be00577966bbb72d310cb8e749805	513856315	536777869
E-ERAD-478	d38_male_unpaired_r4	d38_male_unpaired_r4	ERR1328155	d38_male_unpaired	adult_d38	whole_organism	male	not_applicable	untreated	unpaired	not_applicable	sequencing_batch_14812	4	SAMEA3898093	12399342	lane_2	ERS1085227	ERX1399775	https://ftp.sra.ebi.ac.uk/vol1/fastq/ERR132/005/ERR1328155/ERR1328155_1.fastq.gz	https://ftp.sra.ebi.ac.uk/vol1/fastq/ERR132/005/ERR1328155/ERR1328155_2.fastq.gz	8efe6b282daf16ad01c52f4d85adb1a8	0a59ac5a9d07d1025cd9144fe9c43d77	514669955	536389684
E-ERAD-478	d38_male_unpaired_r5	d38_male_unpaired_r5	ERR1328230	d38_male_unpaired	adult_d38	whole_organism	male	not_applicable	untreated	unpaired	not_applicable	sequencing_batch_14897	5	SAMEA3898120	12449451	lane_1	ERS1085254	ERX1399850	https://ftp.sra.ebi.ac.uk/vol1/fastq/ERR132/000/ERR1328230/ERR1328230_1.fastq.gz	https://ftp.sra.ebi.ac.uk/vol1/fastq/ERR132/000/ERR1328230/ERR1328230_2.fastq.gz	948c939dee128ffc553540b78636220f	53850e4315927cd2056a582e8194f98b	555045958	582306897
E-ERAD-478	d38_male_unpaired_r5	d38_male_unpaired_r5	ERR1328253	d38_male_unpaired	adult_d38	whole_organism	male	not_applicable	untreated	unpaired	not_applicable	sequencing_batch_14897	5	SAMEA3898120	12449451	lane_2	ERS1085254	ERX1399873	https://ftp.sra.ebi.ac.uk/vol1/fastq/ERR132/003/ERR1328253/ERR1328253_1.fastq.gz	https://ftp.sra.ebi.ac.uk/vol1/fastq/ERR132/003/ERR1328253/ERR1328253_2.fastq.gz	c8fa6e95f549a6fe07d8a9e4fb823d2e	ddb40f265c0f07d84a30d256f2e264db	545913421	573594997
E-ERAD-478	d38_male_unpaired_r6	d38_male_unpaired_r6	ERR1328231	d38_male_unpaired	adult_d38	whole_organism	male	not_applicable	untreated	unpaired	not_applicable	sequencing_batch_14897	6	SAMEA3898121	12449452	lane_1	ERS1085255	ERX1399851	https://ftp.sra.ebi.ac.uk/vol1/fastq/ERR132/001/ERR1328231/ERR1328231_1.fastq.gz	https://ftp.sra.ebi.ac.uk/vol1/fastq/ERR132/001/ERR1328231/ERR1328231_2.fastq.gz	ebbbe997615b622c28df099a671a0118	1f679e8fb4b3a31cf227289fbabf7f15	498980550	536792398
E-ERAD-478	d38_male_unpaired_r6	d38_male_unpaired_r6	ERR1328254	d38_male_unpaired	adult_d38	whole_organism	male	not_applicable	untreated	unpaired	not_applicable	sequencing_batch_14897	6	SAMEA3898121	12449452	lane_2	ERS1085255	ERX1399874	https://ftp.sra.ebi.ac.uk/vol1/fastq/ERR132/004/ERR1328254/ERR1328254_1.fastq.gz	https://ftp.sra.ebi.ac.uk/vol1/fastq/ERR132/004/ERR1328254/ERR1328254_2.fastq.gz	a9aa8938e61fa8157235e915ad6ae12d	ea9bec2b8a6a2877ee11a644114ee442	490648691	529174107
