run_accession	sample_id	mate	filename	expected_bytes	observed_bytes	expected_md5	observed_md5	observed_sha256	gzip	status
ERR11178266	x_eggs_r1	1	ERR11178266_1.fastq.gz	924170229	924170229	bfdc7f70d115a7e6dc942b324a61b08a	bfdc7f70d115a7e6dc942b324a61b08a	8846892d33a39c2b7eb4d767810d91c7a1163a1ad443c5c7f2926737ff43e97d	PASS	PASS
ERR11178266	x_eggs_r1	2	ERR11178266_2.fastq.gz	1011691375	1011691375	25d855abeeb55bc860b9e32643743a54	25d855abeeb55bc860b9e32643743a54	d92655be700b89ef425442c9c0c4d33f78402bbac1d294a65c7a859356ef6cf0	PASS	PASS
ERR11178356	x_eggs_r1	1	ERR11178356_1.fastq.gz	908201677	908201677	4a8acbd74007c8c72fac3666251bb6e9	4a8acbd74007c8c72fac3666251bb6e9	44c564f0660ce70eb178babebdff3b416af246073e4ee0d1408361fe28c5a1cc	PASS	PASS
ERR11178356	x_eggs_r1	2	ERR11178356_2.fastq.gz	1032967703	1032967703	985ac8354a0a847d641f7ce53d2e0fff	985ac8354a0a847d641f7ce53d2e0fff	a378c95b6ddbaf8bc9cedc65bb01983b815079a4786d35c27cef578fa1204f2d	PASS	PASS
ERR11178276	x_eggs_r2	1	ERR11178276_1.fastq.gz	773766596	773766596	07848694b80c27af1e6d91f5dac858a6	07848694b80c27af1e6d91f5dac858a6	f11e6f38616039ac8c59bacd8dd2f592166b03915c720e0d94ed03b5c3b51208	PASS	PASS
ERR11178276	x_eggs_r2	2	ERR11178276_2.fastq.gz	851570093	851570093	fe5cfeec91e8ecd7555e9e3695758adc	fe5cfeec91e8ecd7555e9e3695758adc	6c23f1ee524653967c7dc209d7d334171ab0203ab64defd5399afd224af5290d	PASS	PASS
ERR11178366	x_eggs_r2	1	ERR11178366_1.fastq.gz	746844126	746844126	5f804f08add3d58633176e320cc8d5d8	5f804f08add3d58633176e320cc8d5d8	5dabfe211fed8680f7bab582348b787984e45e7e61239d0a2990bd10301d5c74	PASS	PASS
ERR11178366	x_eggs_r2	2	ERR11178366_2.fastq.gz	868993658	868993658	51681faaaed5b706cf8c1f601c88c98c	51681faaaed5b706cf8c1f601c88c98c	e5072a23e89431930a27c0e23d112e0d133c12a4961b54bbded41cf96862fb5d	PASS	PASS
ERR11178286	x_eggs_r3	1	ERR11178286_1.fastq.gz	980417848	980417848	fa41a1f25953a31f191c92a7d7d077a0	fa41a1f25953a31f191c92a7d7d077a0	44c07b27178c6946e865d7077613359cd2ee91a38d25fb7ad4b0aed2d0fe17a1	PASS	PASS
ERR11178286	x_eggs_r3	2	ERR11178286_2.fastq.gz	1104462436	1104462436	a288c8e941f08da36a4b0c70bfd53cde	a288c8e941f08da36a4b0c70bfd53cde	66670d5627291964e0e7171cf3a2280c671fece9dd88006e6537dbca5153736e	PASS	PASS
ERR11178376	x_eggs_r3	1	ERR11178376_1.fastq.gz	959452934	959452934	5cb407bc874f08a4aca1bcb7713647c9	5cb407bc874f08a4aca1bcb7713647c9	f3d7c62fc05b6be1e87c695a90e1cfd7759ea50b2355a6352d9551675fc80125	PASS	PASS
ERR11178376	x_eggs_r3	2	ERR11178376_2.fastq.gz	1123446277	1123446277	a3ad00b3cbcaab586c425bbd9ffa61b3	a3ad00b3cbcaab586c425bbd9ffa61b3	4d031026a7ffc83d39d6e2ea38c6ed77cdb8470defb89e44d737ca254545944d	PASS	PASS
ERR11178295	x_eggs_r4	1	ERR11178295_1.fastq.gz	973801898	973801898	237ddcd06c4c4ef8590e4707f2cfb90f	237ddcd06c4c4ef8590e4707f2cfb90f	4f0722947be23d76880a50b00bfe2885ada35c59509df340ea6cf87de4292dbf	PASS	PASS
ERR11178295	x_eggs_r4	2	ERR11178295_2.fastq.gz	1099535603	1099535603	ede07b6c7abd09d2ecdf20b5f9b3fc7f	ede07b6c7abd09d2ecdf20b5f9b3fc7f	9c3c88f1fc50a8bbdc21b0a2b55d714ea7ff84ab40c1244906165a7d4cffc5e1	PASS	PASS
ERR11178385	x_eggs_r4	1	ERR11178385_1.fastq.gz	966314684	966314684	b160dd6710f62ee0b429d445b35c894f	b160dd6710f62ee0b429d445b35c894f	12f3787e711d377afc2bae478499bec38de537ff24bf8e5ca81e79f7aefc45cd	PASS	PASS
ERR11178385	x_eggs_r4	2	ERR11178385_2.fastq.gz	1113544054	1113544054	6ca2c5fd69c2203db206e2caf1363f86	6ca2c5fd69c2203db206e2caf1363f86	d97f888861b34c76d4b15e1f0ff6208868132277e8d87dc94e578f9e22f599a6	PASS	PASS
ERR11178304	x_eggs_r5	1	ERR11178304_1.fastq.gz	861691711	861691711	7a3a7e913b85255a435650baf5c192c7	7a3a7e913b85255a435650baf5c192c7	27e4ee51ace73913f37113f6560bfe687de362a330c218c54b617817ca26d155	PASS	PASS
ERR11178304	x_eggs_r5	2	ERR11178304_2.fastq.gz	926219039	926219039	a9b8ec923dc823c5f675a43c5ac84836	a9b8ec923dc823c5f675a43c5ac84836	2b5ffb1c0b8c03b358a42da67887382097f5adc1c0e01c8bbc52fc02a963f0e3	PASS	PASS
ERR11178394	x_eggs_r5	1	ERR11178394_1.fastq.gz	853890058	853890058	886d3f7ea1d371f63bc8d73fe693d7f4	886d3f7ea1d371f63bc8d73fe693d7f4	10995f308150fbb82d1567175b810c45b04c671520ec719b71431b8396e95967	PASS	PASS
ERR11178394	x_eggs_r5	2	ERR11178394_2.fastq.gz	956960855	956960855	152319731927bd96af432653bc0c713f	152319731927bd96af432653bc0c713f	6aad3614c9a25c4169ad5d57201d8d9ddbde8c4f79b20bb88a56cbfd0b39dd7f	PASS	PASS
ERR11178313	x_miracidia_r1	1	ERR11178313_1.fastq.gz	311592860	311592860	c0241fbc357d3191b4060f251b523545	c0241fbc357d3191b4060f251b523545	30f1856cb8538b8bb3e794075ab29eff2635ddcd443720b9487c1cdbe853c208	PASS	PASS
ERR11178313	x_miracidia_r1	2	ERR11178313_2.fastq.gz	344152275	344152275	3fbaaa9d406b8c7eeb03da760ca288d6	3fbaaa9d406b8c7eeb03da760ca288d6	1028af30beb0250e25926f0823d0a18be3b4e2a37d3a2905261a3e490623c275	PASS	PASS
ERR11178403	x_miracidia_r1	1	ERR11178403_1.fastq.gz	293533466	293533466	3dc771f21d49c443564aeda8119c905b	3dc771f21d49c443564aeda8119c905b	b1fd790bd6367de3b62974f40335530c8d90b1e1590b0620b429eeb7e23bb90a	PASS	PASS
ERR11178403	x_miracidia_r1	2	ERR11178403_2.fastq.gz	345701957	345701957	ba4adbcaa4f72d7b953865e5a635b9e9	ba4adbcaa4f72d7b953865e5a635b9e9	f59a4b42cadc985e201389708db4faa0f48d44d9737d5cceda97c10730cadf92	PASS	PASS
ERR11178322	x_miracidia_r2	1	ERR11178322_1.fastq.gz	2114024398	2114024398	9a4cf254ca5669afc04f3f0fb0273f58	9a4cf254ca5669afc04f3f0fb0273f58	a4c8e83e232ca00ef7a4b77f5ea36cb780da2fd93a10461916202c0ae508d1e7	PASS	PASS
ERR11178322	x_miracidia_r2	2	ERR11178322_2.fastq.gz	2451476098	2451476098	aca3352253354e530d3747f727699d90	aca3352253354e530d3747f727699d90	77c4a6d842223031ca1a9ce3fc8f09c9d082a438e81d178a1cd0106014aa44e8	PASS	PASS
ERR11178412	x_miracidia_r2	1	ERR11178412_1.fastq.gz	2194723943	2194723943	c2106c0de78cba4c20613c7a98b09c1f	c2106c0de78cba4c20613c7a98b09c1f	657f0e03d072f87f950dcfcc11c3b1f685e8529ae810cae325c239247fe75e30	PASS	PASS
ERR11178412	x_miracidia_r2	2	ERR11178412_2.fastq.gz	2559023030	2559023030	d85e9f750c0295755629d6bcf2542b95	d85e9f750c0295755629d6bcf2542b95	5888d80c3124c8a175b83e6842e011d6528e472c500b8d9cbb5872c4c377e3cd	PASS	PASS
ERR11178330	x_miracidia_r3	1	ERR11178330_1.fastq.gz	697975014	697975014	72fd19cc08f0f12a08accdade7669172	72fd19cc08f0f12a08accdade7669172	3549c90405ccb4f8defd48aa809da507924900c378e78e8bdece1a8a3e98baa6	PASS	PASS
ERR11178330	x_miracidia_r3	2	ERR11178330_2.fastq.gz	927902302	927902302	27f281fb29986114a408214a08d28241	27f281fb29986114a408214a08d28241	628ae538fdb25a1d5e658aa8344082ad861bab8a5645f58e6806481cdd3aacb1	PASS	PASS
ERR11178420	x_miracidia_r3	1	ERR11178420_1.fastq.gz	577456357	577456357	75ccdafa8083adc7c89381fd91b750ee	75ccdafa8083adc7c89381fd91b750ee	f8433bc0d296dcfe0259b3d6bb08bca2ba59d6f6cf5709b93980e657674b733c	PASS	PASS
ERR11178420	x_miracidia_r3	2	ERR11178420_2.fastq.gz	857883849	857883849	ce424a91467dfd1d9abd6c5665f44f0e	ce424a91467dfd1d9abd6c5665f44f0e	3c34045d8055dde38aac797f510d206fde2553f3d32ffd2a4e0123ff3fc6c449	PASS	PASS
ERR11178268	x_miracidia_r4	1	ERR11178268_1.fastq.gz	784646951	784646951	1b69a48c9a65ba0b01a55370a62c1c22	1b69a48c9a65ba0b01a55370a62c1c22	2954c0646ce352bd5cb2fff6a571240b501eb012dd366a612562788fc9e3d40a	PASS	PASS
ERR11178268	x_miracidia_r4	2	ERR11178268_2.fastq.gz	864507210	864507210	cdcdb04c15ec305cc053b6a30e75994c	cdcdb04c15ec305cc053b6a30e75994c	11884c9306a6ae1089280d027cf69ba0dd1f653b436ec628e3164baa772200e5	PASS	PASS
ERR11178358	x_miracidia_r4	1	ERR11178358_1.fastq.gz	778919176	778919176	5a14e2ef5fd5ccfeb7a89aed7259b2e2	5a14e2ef5fd5ccfeb7a89aed7259b2e2	d1a239c47eacf41e5d77c1c04ee0c23237f31bbd9fef67c716ba59253b09dd80	PASS	PASS
ERR11178358	x_miracidia_r4	2	ERR11178358_2.fastq.gz	887252757	887252757	c50a98c0f3c898faa2b91f985deebece	c50a98c0f3c898faa2b91f985deebece	b73fb781311f27c20372da629dec02db1cdc066ed4081ce5f67742a7c7f27f1d	PASS	PASS
ERR11178278	x_miracidia_r5	1	ERR11178278_1.fastq.gz	937307049	937307049	a9c2090b4e5883cd2c24883b60b55d9a	a9c2090b4e5883cd2c24883b60b55d9a	5b18f3d9ca25c5f91c79800f637818db60b7cf86e097a0044dc90141ff48f511	PASS	PASS
ERR11178278	x_miracidia_r5	2	ERR11178278_2.fastq.gz	1038408448	1038408448	00e3863ecf792d1c83550c4a88b27c16	00e3863ecf792d1c83550c4a88b27c16	341c3c231936661ee6c9ac99c8aab3a6db6dd56d96b2c57c79f56ac61227e27f	PASS	PASS
ERR11178368	x_miracidia_r5	1	ERR11178368_1.fastq.gz	917279414	917279414	2c5b1d20453a96040334994e8e2de14d	2c5b1d20453a96040334994e8e2de14d	a29824b27611405b43f5e34e673450fbd77c0c89957a1f79ef1c93f2e114aca5	PASS	PASS
ERR11178368	x_miracidia_r5	2	ERR11178368_2.fastq.gz	1047476750	1047476750	de682d200ec4618dc7d0d0fa0795a684	de682d200ec4618dc7d0d0fa0795a684	7349d108f6ec64d863d4a2c2b8b46b3231141af4eea438a1752f06b224abd9cd	PASS	PASS
ERR11178288	x_1d_sporocysts_r1	1	ERR11178288_1.fastq.gz	829372095	829372095	d32f5a43f58bf1ab794c32a504e12928	d32f5a43f58bf1ab794c32a504e12928	8b40d00fece3c4e881fcf7ba9f3292117f1b351fc04487e15caa1b60f2f48796	PASS	PASS
ERR11178288	x_1d_sporocysts_r1	2	ERR11178288_2.fastq.gz	913220498	913220498	71c6dde6cb924a222993489d3fa3b3b7	71c6dde6cb924a222993489d3fa3b3b7	5a66fd58d7c730191bef5e844a1f8e67c26e3b9edb3784156fb89ad0a8f6e754	PASS	PASS
ERR11178378	x_1d_sporocysts_r1	1	ERR11178378_1.fastq.gz	804117505	804117505	36b589b9efc777b23993bfefec21a8b7	36b589b9efc777b23993bfefec21a8b7	5ac32463862bebf0f55de0a8270e4577810bf21640c099f354673305694e7337	PASS	PASS
ERR11178378	x_1d_sporocysts_r1	2	ERR11178378_2.fastq.gz	922785689	922785689	4c18b7d7bb82964ebae65fbb005bbef7	4c18b7d7bb82964ebae65fbb005bbef7	31cacc1ff6161119803fbb529814907409f37f312f218a7a5030f6065b2a6af9	PASS	PASS
ERR11178297	x_1d_sporocysts_r2	1	ERR11178297_1.fastq.gz	920733614	920733614	040ef94fa9722e0212dee33444327813	040ef94fa9722e0212dee33444327813	fc0ebdc5d7d852eba507c3b9ef856d6cdbcb4b480763daf74918f386628cec67	PASS	PASS
ERR11178297	x_1d_sporocysts_r2	2	ERR11178297_2.fastq.gz	993828253	993828253	c432be6e3a5390de19cbfd59d2d85eb6	c432be6e3a5390de19cbfd59d2d85eb6	7390568d31958b40c1a4b7a8b5810328c6e0e40f29d31e77274613530a05c350	PASS	PASS
ERR11178387	x_1d_sporocysts_r2	1	ERR11178387_1.fastq.gz	877021762	877021762	e206c12d2067ea7f1e5ad8781f475625	e206c12d2067ea7f1e5ad8781f475625	9dfb7ee84a75f1311da529d76e0c924adbc10b080db63197350bd11b937cb79b	PASS	PASS
ERR11178387	x_1d_sporocysts_r2	2	ERR11178387_2.fastq.gz	1007578550	1007578550	55f7f76a4f8cfa5949b817d06a0b09ac	55f7f76a4f8cfa5949b817d06a0b09ac	c5e6a764e234629a0a10e3a3cf1e7bf8ebc57850fffadf5bec0a0531ba43de4a	PASS	PASS
ERR11178306	x_1d_sporocysts_r3	1	ERR11178306_1.fastq.gz	907874927	907874927	7296205d64dc46c45189880bbb5e82e0	7296205d64dc46c45189880bbb5e82e0	394b78742124664f60f5d0fb14b868206a8e41132be9df86297757e9990cb9a7	PASS	PASS
ERR11178306	x_1d_sporocysts_r3	2	ERR11178306_2.fastq.gz	1022867033	1022867033	070714136a88c4be7b402142ff3ec412	070714136a88c4be7b402142ff3ec412	9bd5f0eac0fa0c3351b03d116394065a401343b65fe9927e488b438da1db79ee	PASS	PASS
ERR11178396	x_1d_sporocysts_r3	1	ERR11178396_1.fastq.gz	882449635	882449635	1ad1b4f5b25fbe412bad5023ac62cf4f	1ad1b4f5b25fbe412bad5023ac62cf4f	a980b7fd1b8531432b09a19e458ff17671355b9eb1f83ad2a6556dfe77a2b0c5	PASS	PASS
ERR11178396	x_1d_sporocysts_r3	2	ERR11178396_2.fastq.gz	1026384115	1026384115	3d4e2a60fafb68b0d796c2028ed48246	3d4e2a60fafb68b0d796c2028ed48246	d91b6f12fd25e22a9884e3fa92de384d6fe41fcbedf6df0b26cd5422d403d3a4	PASS	PASS
ERR11178315	x_1d_sporocysts_r4	1	ERR11178315_1.fastq.gz	739051495	739051495	e01c3f2d4f36f7339287c8ba581a72c9	e01c3f2d4f36f7339287c8ba581a72c9	dad156f141cb9d693086614e646b1146649c7350052847f0acd6e15c13ad80e7	PASS	PASS
ERR11178315	x_1d_sporocysts_r4	2	ERR11178315_2.fastq.gz	831269440	831269440	afa459832d72858f24b262ce38f4085d	afa459832d72858f24b262ce38f4085d	d952b9804359ed60f6ee1cc2b4e921ed2be3ab9c7521625245d35e5f80bb14ec	PASS	PASS
ERR11178405	x_1d_sporocysts_r4	1	ERR11178405_1.fastq.gz	737330893	737330893	ec7a7c88eece1481be400cb545427d3e	ec7a7c88eece1481be400cb545427d3e	b86c1b21b5d47d2334d26498a1643742b25ea1ade63438824b5761e1a1d78f02	PASS	PASS
ERR11178405	x_1d_sporocysts_r4	2	ERR11178405_2.fastq.gz	841411093	841411093	09e7903ef8b2eead383662ecb7ec561b	09e7903ef8b2eead383662ecb7ec561b	b54ef7bed26ad12343b1d9b89b615c3ff93658d8a7e3c9b3874530cf41539e7a	PASS	PASS
ERR11178264	x_1d_sporocysts_r5	1	ERR11178264_1.fastq.gz	818828768	818828768	40a10ad2b5a193df6af9524f52e5e024	40a10ad2b5a193df6af9524f52e5e024	a2e50689a28433d73d756e8f2a18f3fe1da822e053168ca29e07817adb088de9	PASS	PASS
ERR11178264	x_1d_sporocysts_r5	2	ERR11178264_2.fastq.gz	877283556	877283556	3f52c09bde59d82a3cdfb68c7ddcaa92	3f52c09bde59d82a3cdfb68c7ddcaa92	a2c88bd2e01599ae75c52172dcc013a0123b0ff7f80932649970f0d53c41df20	PASS	PASS
ERR11178354	x_1d_sporocysts_r5	1	ERR11178354_1.fastq.gz	766775568	766775568	053a62612fc61c9fb9dfe0fdf563c37a	053a62612fc61c9fb9dfe0fdf563c37a	0c6d84cf1f7191c2c29caccbd8cafb48bca9e129bf148459797a1ef01347af63	PASS	PASS
ERR11178354	x_1d_sporocysts_r5	2	ERR11178354_2.fastq.gz	868463671	868463671	8e13119cbbc750c7aaf4d40f07fb82b5	8e13119cbbc750c7aaf4d40f07fb82b5	f63f1a1354690b4297a6b31fa20d6ccca7538780c67c609aee967b9f9784ae80	PASS	PASS
ERR11178332	x_5d_sporocysts_r1	1	ERR11178332_1.fastq.gz	713017012	713017012	e9ab79b7e5837a65c103346c95abd3f7	e9ab79b7e5837a65c103346c95abd3f7	92d70f8d154e8d3bddc07b05556a302ac1f571b8fd38988d7210a2ac5a2f2473	PASS	PASS
ERR11178332	x_5d_sporocysts_r1	2	ERR11178332_2.fastq.gz	776328941	776328941	5c1e0eb15ea02a6098cc69476390e848	5c1e0eb15ea02a6098cc69476390e848	62d206f67be6b0bea6ff082a058e7801f7e1141c90e5c0662436b4dc53b2a79f	PASS	PASS
ERR11178422	x_5d_sporocysts_r1	1	ERR11178422_1.fastq.gz	695781318	695781318	169451911767929f7f05a5e5e0c79d0b	169451911767929f7f05a5e5e0c79d0b	b47aca895c75ad91b56fabc1596342f2d5be697daf69ba076a726ca0f1df3a0b	PASS	PASS
ERR11178422	x_5d_sporocysts_r1	2	ERR11178422_2.fastq.gz	800771317	800771317	74f30785f9450c345e23d1f837127e84	74f30785f9450c345e23d1f837127e84	505659a146831fae9f88845098a783449e4e7fa85216f6e4a67a64291f3279fe	PASS	PASS
ERR11178270	x_5d_sporocysts_r2	1	ERR11178270_1.fastq.gz	746825303	746825303	e90a0bcce822a9e4d7384c56284c85f9	e90a0bcce822a9e4d7384c56284c85f9	ece233329694f3532766cf5c0e8302b381073bd338f230ee9343fb4cc9916683	PASS	PASS
ERR11178270	x_5d_sporocysts_r2	2	ERR11178270_2.fastq.gz	839065792	839065792	bc08646a8d1d5a078dc06c0835b41616	bc08646a8d1d5a078dc06c0835b41616	fdeb811d843023cca4c0c99d5f7d98bd21df651338e9b8920b0ec1d4b97ce7fc	PASS	PASS
ERR11178360	x_5d_sporocysts_r2	1	ERR11178360_1.fastq.gz	715944599	715944599	9b3433e43b8ee3bc4cf1906ac1ebbf53	9b3433e43b8ee3bc4cf1906ac1ebbf53	66684353751f7a9eb79ea0095b2902bdf9c30ff874d23bc41d6c4e96bb1f91a5	PASS	PASS
ERR11178360	x_5d_sporocysts_r2	2	ERR11178360_2.fastq.gz	845612021	845612021	03065e78d4d9b55af59cc5d88b1fb909	03065e78d4d9b55af59cc5d88b1fb909	2a0b43999116a1ce43e18babe6c4e9fdfb3c8beb1bb15882e7bfec89c4743085	PASS	PASS
ERR11178280	x_5d_sporocysts_r3	1	ERR11178280_1.fastq.gz	874461327	874461327	9b45ddb7f50056bd127ac6baeaac2dcd	9b45ddb7f50056bd127ac6baeaac2dcd	c41fecc2125c2a5f43564e1965fe6fe512f3c92eab10018a7ae01865f524fc42	PASS	PASS
ERR11178280	x_5d_sporocysts_r3	2	ERR11178280_2.fastq.gz	985686538	985686538	9d4552632a1e9ec264421cba41484609	9d4552632a1e9ec264421cba41484609	7d2ad5638aea556579b94edf72292c01f8c50e56769e33f8f8adc1606e777c1b	PASS	PASS
ERR11178370	x_5d_sporocysts_r3	1	ERR11178370_1.fastq.gz	871945918	871945918	f5a2deb35ba02b731489b6a8be48c963	f5a2deb35ba02b731489b6a8be48c963	4e9aa74249dd82dd7a27c2ecdec2ad00f6ca031e05e401b81c58fcd1c38d2211	PASS	PASS
ERR11178370	x_5d_sporocysts_r3	2	ERR11178370_2.fastq.gz	1019476508	1019476508	2ad27974a3252dfaaed9a102e0ac9888	2ad27974a3252dfaaed9a102e0ac9888	2b5ad7050cd9989202e0d4cff4df9cffe6546100c1f84d03f38ef87e34604e7c	PASS	PASS
ERR11178290	x_5d_sporocysts_r4	1	ERR11178290_1.fastq.gz	939932362	939932362	56a4581a7562e7341543f2124ff63d72	56a4581a7562e7341543f2124ff63d72	59dfdd272dc973f39bc18993504892e4072052c45f1f47726086510e236b3491	PASS	PASS
ERR11178290	x_5d_sporocysts_r4	2	ERR11178290_2.fastq.gz	1003219910	1003219910	59036784ad180f6dbe73191c175af63f	59036784ad180f6dbe73191c175af63f	326831e8c5c5dd0523fb7eb84d02a4d92f91b78a4ad5be3d74b9236ea8b3595a	PASS	PASS
ERR11178380	x_5d_sporocysts_r4	1	ERR11178380_1.fastq.gz	915079516	915079516	8b6866133c58264eaa00a267710609c9	8b6866133c58264eaa00a267710609c9	fbea5828bd7269a690d1e911c1ce864a9ed7ad5e779b7cfee1c1127c7127cd23	PASS	PASS
ERR11178380	x_5d_sporocysts_r4	2	ERR11178380_2.fastq.gz	1024530196	1024530196	74f2d5e749536a69ef8e2935b1e41dc6	74f2d5e749536a69ef8e2935b1e41dc6	b0b766d8044b3c75ffbbec7e5f414bcdee79305c48aeab092d255f7bde5a671c	PASS	PASS
ERR11178299	x_5d_sporocysts_r5	1	ERR11178299_1.fastq.gz	919123865	919123865	93b99b500af0d5fc0c8e694bde2e60b6	93b99b500af0d5fc0c8e694bde2e60b6	f58a3a1ad08812176f0999491a8b336aa221f5026f7ffa02f983d7fee553d696	PASS	PASS
ERR11178299	x_5d_sporocysts_r5	2	ERR11178299_2.fastq.gz	1024159576	1024159576	73787958c4dd8c77699191c97c84fee5	73787958c4dd8c77699191c97c84fee5	86fd7534593851fbd6a13054b0aa6eacbc81fe4fd47aad84e1792e2723dec13b	PASS	PASS
ERR11178389	x_5d_sporocysts_r5	1	ERR11178389_1.fastq.gz	930790616	930790616	bc9e950b20a18723b2bce95673c616c2	bc9e950b20a18723b2bce95673c616c2	f8242f6c9c0e2c980e3ca959ee4be9026654619dced9ab5f751aa714941c69b1	PASS	PASS
ERR11178389	x_5d_sporocysts_r5	2	ERR11178389_2.fastq.gz	1056200371	1056200371	f8eaa4669f13d2ac0cc4f86aa5e6139a	f8eaa4669f13d2ac0cc4f86aa5e6139a	a12104211a922a628367cfd6268cf1ea1c9eb1f261ec36b69e3e82f9d5a9936f	PASS	PASS
ERR11178308	f_32d_sporocysts_r1	1	ERR11178308_1.fastq.gz	808558320	808558320	0498d7cec2b7197c3f16256b87840dd5	0498d7cec2b7197c3f16256b87840dd5	6148eafd05dc867c1ec239e3e71e01939f9cd87264ea63c27039d09eb8ecd1c3	PASS	PASS
ERR11178308	f_32d_sporocysts_r1	2	ERR11178308_2.fastq.gz	856986072	856986072	beb2a9dd058380292ae5d69e9d470453	beb2a9dd058380292ae5d69e9d470453	bf07c34bfd741fd5088a6c422cfab13f5fcd76116c4d0eef5e23ff959eae3483	PASS	PASS
ERR11178398	f_32d_sporocysts_r1	1	ERR11178398_1.fastq.gz	795425466	795425466	81232e3c77fe5d3ea91c404fc3fb6673	81232e3c77fe5d3ea91c404fc3fb6673	57f9d7042f5e22dbfbb1983e263d3d375c6b066a033429e2b5abae43d2a3a125	PASS	PASS
ERR11178398	f_32d_sporocysts_r1	2	ERR11178398_2.fastq.gz	861400702	861400702	03fcc252352241125eff6d6d115fb9ea	03fcc252352241125eff6d6d115fb9ea	f625b538d18b0a7b5e528a30517b45f8608c52e091cc84e68b16bd6db832c74c	PASS	PASS
ERR11178317	f_32d_sporocysts_r2	1	ERR11178317_1.fastq.gz	933665584	933665584	ed1f64a6be6982b4ac79cf38ded0c5fd	ed1f64a6be6982b4ac79cf38ded0c5fd	83426d1daae8660ffecf457dd139758b11ea041ffa1745cd30822eca731e6c49	PASS	PASS
ERR11178317	f_32d_sporocysts_r2	2	ERR11178317_2.fastq.gz	992373321	992373321	2b42de0f74866fa50b7fa7b06db8b7bc	2b42de0f74866fa50b7fa7b06db8b7bc	a37ad20df74e7b1f6c80f5f87628abdf1ca2f93639f1eccd5ef88a3339448d4e	PASS	PASS
ERR11178407	f_32d_sporocysts_r2	1	ERR11178407_1.fastq.gz	921286230	921286230	b4bc3dcc5094e33667f59e641b717097	b4bc3dcc5094e33667f59e641b717097	a3165256a5d7a14a5e0513c864fbc4b7fc825da47a0d280b080fd8e84780acaf	PASS	PASS
ERR11178407	f_32d_sporocysts_r2	2	ERR11178407_2.fastq.gz	1006830975	1006830975	0e6296b7ea23495fcee236e24c59ceb7	0e6296b7ea23495fcee236e24c59ceb7	a8339bf9568c450013333a03ca6e312234d008954a4a346c01c3448090434f81	PASS	PASS
ERR11178325	f_32d_sporocysts_r3	1	ERR11178325_1.fastq.gz	1257881008	1257881008	4c203961c4ff3db8d93aa8b970e84c5f	4c203961c4ff3db8d93aa8b970e84c5f	5b54cddcf9e1774669009de49e1eec8ff4c0559f5525dd4a856d4c0290a0cbfe	PASS	PASS
ERR11178325	f_32d_sporocysts_r3	2	ERR11178325_2.fastq.gz	1375044964	1375044964	adaaf31d7868979a3e9981cb236bf0ff	adaaf31d7868979a3e9981cb236bf0ff	ef8e05a4c5443cec3cb1faf8438a5966a145f5f9d3f761d1fb4159e72c0268c8	PASS	PASS
ERR11178415	f_32d_sporocysts_r3	1	ERR11178415_1.fastq.gz	1224775137	1224775137	a20140994807ed1cbd9c2ba98897beb5	a20140994807ed1cbd9c2ba98897beb5	bed2dad810b33e6895f048b902b1c180a994e32fb5e041254283e21b675ec813	PASS	PASS
ERR11178415	f_32d_sporocysts_r3	2	ERR11178415_2.fastq.gz	1370028615	1370028615	33ffade6ae5262896b9469b7343befef	33ffade6ae5262896b9469b7343befef	0dda29ca392744b1c40da0ff512b27d2765241cdfc9b26eca97eb71f76f53223	PASS	PASS
ERR11178334	f_32d_sporocysts_r4	1	ERR11178334_1.fastq.gz	1154568062	1154568062	89029b91dc441a873c3a2afd39a34503	89029b91dc441a873c3a2afd39a34503	e7261d8f3408a1624f8804c61e27fff83ef0aa78d36d225693b1371225e49512	PASS	PASS
ERR11178334	f_32d_sporocysts_r4	2	ERR11178334_2.fastq.gz	1246231060	1246231060	3831520b5bea856c5a9f44b2f7961d8f	3831520b5bea856c5a9f44b2f7961d8f	7dcaa97f3a3e1159602739d67f8c0bc13355ad2539ab1df49edf15f85f1f8774	PASS	PASS
ERR11178424	f_32d_sporocysts_r4	1	ERR11178424_1.fastq.gz	1117180208	1117180208	d91b8702d09b4cf5cbd2ea0b4bbbd666	d91b8702d09b4cf5cbd2ea0b4bbbd666	b236fb85d07186226bf091bc001d054bc0c7500c85918c7cdbce7a17c3f56d60	PASS	PASS
ERR11178424	f_32d_sporocysts_r4	2	ERR11178424_2.fastq.gz	1241202070	1241202070	9deac6186ddb02e79787ceb67dd1dfc5	9deac6186ddb02e79787ceb67dd1dfc5	ec5f1bbfc1eecc02127f9af45bec005572f13b423d139d713b15c8639250e682	PASS	PASS
ERR11178272	f_32d_sporocysts_r5	1	ERR11178272_1.fastq.gz	929299095	929299095	18be502b6b9667269749a2c739a356b3	18be502b6b9667269749a2c739a356b3	6668101bb482e16e95e9c4a725bad4f7d6b32c07f108a638e7260e3cea4e153b	PASS	PASS
ERR11178272	f_32d_sporocysts_r5	2	ERR11178272_2.fastq.gz	1004234257	1004234257	83377284d357ef0183808edb85146b26	83377284d357ef0183808edb85146b26	0d0477acd30ee89432b665d516e30a8178d6d821f73d4f474716e80008225ec5	PASS	PASS
ERR11178362	f_32d_sporocysts_r5	1	ERR11178362_1.fastq.gz	931956292	931956292	4308b4f8f08c41a48c90b1413b30080c	4308b4f8f08c41a48c90b1413b30080c	4bad9e84952940580c938ba47fe1f6d410b8672091352f597136353c131ea625	PASS	PASS
ERR11178362	f_32d_sporocysts_r5	2	ERR11178362_2.fastq.gz	1027947582	1027947582	8371fe874aa311641a08ff6ae99c819d	8371fe874aa311641a08ff6ae99c819d	5ba12ea90e5ab4e5a5bfe1b1aa51b809d539d61eff887b935fe3d8c8676f6a48	PASS	PASS
ERR11178282	m_32d_sporocysts_r1	1	ERR11178282_1.fastq.gz	821946737	821946737	28235cda76283cc74f2fc8425280fc38	28235cda76283cc74f2fc8425280fc38	09d606d3d433675e0f36e7bf0c912a7d2b989a5ceb207f4e66ebcdf69a90b876	PASS	PASS
ERR11178282	m_32d_sporocysts_r1	2	ERR11178282_2.fastq.gz	868907344	868907344	bb1012d10dd9658b32ce9e0454b3b23b	bb1012d10dd9658b32ce9e0454b3b23b	6b336beb268f3be52a58771f1af293c29215994eb12af95151311728d0b4bbc4	PASS	PASS
ERR11178372	m_32d_sporocysts_r1	1	ERR11178372_1.fastq.gz	801195003	801195003	8527dad7eb1d5c1611af1abbdfacb63b	8527dad7eb1d5c1611af1abbdfacb63b	0be2c4a300c49a8435036667d25ea78f968c79f29d1a116de2428851962e86b7	PASS	PASS
ERR11178372	m_32d_sporocysts_r1	2	ERR11178372_2.fastq.gz	861758466	861758466	7a3d13641efb63e4aea4721f3792d817	7a3d13641efb63e4aea4721f3792d817	69a03afe876137577df3af0ee0336ecdfc5718fc27436fef6a645c7147f076f8	PASS	PASS
ERR11178292	m_32d_sporocysts_r2	1	ERR11178292_1.fastq.gz	1293276174	1293276174	3890b00d8806a57d30fa46a2f553c3fe	3890b00d8806a57d30fa46a2f553c3fe	25d1a53e0cdbadb7c2f3f86820ef22201ce7fbfd273e8a6c8e41c1d4ae6a8f1b	PASS	PASS
ERR11178292	m_32d_sporocysts_r2	2	ERR11178292_2.fastq.gz	1396229803	1396229803	28f616182213dcedcb74d1eb0ad50e64	28f616182213dcedcb74d1eb0ad50e64	e00ee1ee9c3366394609b6b32fc7b698115404cfdf51fa50e0c2e4ae2c17c45e	PASS	PASS
ERR11178382	m_32d_sporocysts_r2	1	ERR11178382_1.fastq.gz	1260191291	1260191291	855145f01c1e3c694b85c151282a3c8f	855145f01c1e3c694b85c151282a3c8f	91825ddc9ccf1d9759d6989c1df8f4dd89ba74a1c5696e0aaa9bddf3f55b833a	PASS	PASS
ERR11178382	m_32d_sporocysts_r2	2	ERR11178382_2.fastq.gz	1395229424	1395229424	d6e7e4701237be7f5ef6f0603bfb00b6	d6e7e4701237be7f5ef6f0603bfb00b6	3fd2ea4d85b86904a98dece0eca13cd0a16ac12bbd5c85654ef2b5e01d97aade	PASS	PASS
ERR11178301	m_32d_sporocysts_r3	1	ERR11178301_1.fastq.gz	980046779	980046779	415da16e26e183ed42597d2533239c50	415da16e26e183ed42597d2533239c50	86975d853ae42faeba06ec4edac357588956771406e19e13657b86e5ce73c7ce	PASS	PASS
ERR11178301	m_32d_sporocysts_r3	2	ERR11178301_2.fastq.gz	1028284654	1028284654	457142bb6580c772f72161f6708a806b	457142bb6580c772f72161f6708a806b	56092cb0e16b3c685ebb4a0e28fd0a70d98abcc1075fd88cd60e049ec8dc685b	PASS	PASS
ERR11178391	m_32d_sporocysts_r3	1	ERR11178391_1.fastq.gz	947478068	947478068	47719b7652ec564008bc5ac561789c12	47719b7652ec564008bc5ac561789c12	749b383e15a29cbf3ca04dadfeda79748ea59036d403319f7cf1665af5470bf7	PASS	PASS
ERR11178391	m_32d_sporocysts_r3	2	ERR11178391_2.fastq.gz	1021275028	1021275028	2991fab549c4e7213dfa123918238840	2991fab549c4e7213dfa123918238840	9873843669abe0ea1659fe6ecd6814867deca3141ffcc9565ab8bde4f1d09efc	PASS	PASS
ERR11178310	m_32d_sporocysts_r4	1	ERR11178310_1.fastq.gz	2160812991	2160812991	d41b387425d6688863f0d797bdae36ba	d41b387425d6688863f0d797bdae36ba	f3857fdf4214ab156796942b80a9f96fe9fad0d9bceb90d35c2a236d4c09416c	PASS	PASS
ERR11178310	m_32d_sporocysts_r4	2	ERR11178310_2.fastq.gz	2290525875	2290525875	07552ca4f62e8b30f922b6d4bb44831d	07552ca4f62e8b30f922b6d4bb44831d	80063cb31f6775b3a273aa8c92517192ddb30c5a6743cd90e84f36806cfff675	PASS	PASS
ERR11178400	m_32d_sporocysts_r4	1	ERR11178400_1.fastq.gz	2154386513	2154386513	4f0dd3eb035cc285a8d68384fa9a25bc	4f0dd3eb035cc285a8d68384fa9a25bc	67fce88be8e2fecc6fddb64dfdd563d4c56ac570f062f93e6ea9d948ccafc757	PASS	PASS
ERR11178400	m_32d_sporocysts_r4	2	ERR11178400_2.fastq.gz	2326993785	2326993785	6fe9765428119e0467c1bc489a14860a	6fe9765428119e0467c1bc489a14860a	add8fe448de77aa72c41c457e1137c77d05eb0d530d416db5a3a9d86c203ce8f	PASS	PASS
ERR11178319	m_32d_sporocysts_r5	1	ERR11178319_1.fastq.gz	1249506876	1249506876	8d7659864df59303ed2a9416f5700a8f	8d7659864df59303ed2a9416f5700a8f	f051f49ff7036fac70451d746d13abee1ef43b9509b6377bb2adaabba3137c13	PASS	PASS
ERR11178319	m_32d_sporocysts_r5	2	ERR11178319_2.fastq.gz	1334138787	1334138787	98496862181a923462d83759c3610582	98496862181a923462d83759c3610582	7ae3e79afe5216e30e0e3b0d66a6ce83763e68cc3bbef8d2339826f8d7be29de	PASS	PASS
ERR11178409	m_32d_sporocysts_r5	1	ERR11178409_1.fastq.gz	1221407661	1221407661	13284255a2c13a24be8da4e9491e588a	13284255a2c13a24be8da4e9491e588a	f63d863d33e57aa613ee535ec32dd7ff96db9f4780fa9e6eb2e4ff804c96b7ff	PASS	PASS
ERR11178409	m_32d_sporocysts_r5	2	ERR11178409_2.fastq.gz	1339626004	1339626004	fab4b1d1e7db90c516f38f6327fa5828	fab4b1d1e7db90c516f38f6327fa5828	b1c7dc8da37430306ba4110752c210b053dbb5a598e66d1fd0b467ec880fb405	PASS	PASS
ERR11178327	x_32d_sporocysts_r1	1	ERR11178327_1.fastq.gz	1986374453	1986374453	a02372a3b457f40949b3b97bb33c556d	a02372a3b457f40949b3b97bb33c556d	98154a032ddbdbae793043daec67da53598f823c94b431e819017b465d868d62	PASS	PASS
ERR11178327	x_32d_sporocysts_r1	2	ERR11178327_2.fastq.gz	2129812390	2129812390	a7c0df3c891cb5d9938229a31ea5a06a	a7c0df3c891cb5d9938229a31ea5a06a	d029fdffce05663f462a6a539715c05ba4cb367779bd3cf0ea7eec1a4ea463e2	PASS	PASS
ERR11178417	x_32d_sporocysts_r1	1	ERR11178417_1.fastq.gz	1964529813	1964529813	45d55cc7c2176ee832a327aa53ed6e08	45d55cc7c2176ee832a327aa53ed6e08	aefabf44ddbddf311f8b02683a7dd8a46fdaabcfd9711b15a56494de0aaf8953	PASS	PASS
ERR11178417	x_32d_sporocysts_r1	2	ERR11178417_2.fastq.gz	2145934282	2145934282	eef10ce952e6b9914132044f24fd87c5	eef10ce952e6b9914132044f24fd87c5	3c4a7a9f9244e4753f059655eef1c7c07b151f55176ab15a485c46686a8fff5c	PASS	PASS
ERR11178336	x_32d_sporocysts_r2	1	ERR11178336_1.fastq.gz	1014966142	1014966142	8d04a8eb31aacc56ffa640fcbb712699	8d04a8eb31aacc56ffa640fcbb712699	aa5b9c59949539a439298d29d1bbc6172837df29ed6b2167aae8254d18db9614	PASS	PASS
ERR11178336	x_32d_sporocysts_r2	2	ERR11178336_2.fastq.gz	1103121550	1103121550	e6ae0ae3437f6cd5a86387c0cd2d31ff	e6ae0ae3437f6cd5a86387c0cd2d31ff	85e1b534a89e0992e6be2edb848f60f4c7f1a5ada1e331d282ef714d8d82d341	PASS	PASS
ERR11178426	x_32d_sporocysts_r2	1	ERR11178426_1.fastq.gz	1011135235	1011135235	48249b624bb063ce52c146d35571583d	48249b624bb063ce52c146d35571583d	5ecd6e67c04abe1ccfa713d22fce2643e0dc5a8e2120c4bb66c607c4ac2a5759	PASS	PASS
ERR11178426	x_32d_sporocysts_r2	2	ERR11178426_2.fastq.gz	1120371429	1120371429	7c7196530c347ee4a698798c799483e0	7c7196530c347ee4a698798c799483e0	020cdc522f2012e1b0d4159fdaf1109b7391abb3674e2f34fdfa7506ef5ece38	PASS	PASS
ERR11178341	x_32d_sporocysts_r3	1	ERR11178341_1.fastq.gz	801378714	801378714	713a421ed2ced010e6ccda2d05a39bee	713a421ed2ced010e6ccda2d05a39bee	2189362963a9a8a26d8adfaa155cb232b69b9ccca125fc2de447b9d5747f8839	PASS	PASS
ERR11178341	x_32d_sporocysts_r3	2	ERR11178341_2.fastq.gz	847746246	847746246	6a5e530fe431a3167b01c5277fe3f21c	6a5e530fe431a3167b01c5277fe3f21c	a8423cf23ecb4331b94373e9e5b6ffaf1e1ed3b2641935a77f7cf638e118659f	PASS	PASS
ERR11178431	x_32d_sporocysts_r3	1	ERR11178431_1.fastq.gz	783570841	783570841	637e165e2241253f10342d8b764f6e03	637e165e2241253f10342d8b764f6e03	63f8242ca4eaa3729e80cbce052ce79797776ec31787c842121e3b58810bb645	PASS	PASS
ERR11178431	x_32d_sporocysts_r3	2	ERR11178431_2.fastq.gz	846223952	846223952	0056328bd7a320d1d4c91a980d6bb1c2	0056328bd7a320d1d4c91a980d6bb1c2	e3c6bddc81d77fed5c2d7c11d9ad9488ccb74b8868b088aec13e162955c91b8d	PASS	PASS
ERR11178345	x_32d_sporocysts_r4	1	ERR11178345_1.fastq.gz	816493622	816493622	777419aff3333734c86509333787559d	777419aff3333734c86509333787559d	7c1cd05f25189e5fe1876da7be036222903bf267fdbbb869f4edc2fda3ec4bc6	PASS	PASS
ERR11178345	x_32d_sporocysts_r4	2	ERR11178345_2.fastq.gz	897838886	897838886	84a5cbc13e35ae98f58c94fdaab0c8da	84a5cbc13e35ae98f58c94fdaab0c8da	18357693bdbac00c06ebdb11ad49da404507d9be9f236b3058b688429dc0796c	PASS	PASS
ERR11178435	x_32d_sporocysts_r4	1	ERR11178435_1.fastq.gz	802014550	802014550	a6ecf9015bff3f9afeaf3567f5781236	a6ecf9015bff3f9afeaf3567f5781236	5655370dcfeb99f09f20b3abb8b9c7873df0f0d1df9f7a78e298576dda7fc9bb	PASS	PASS
ERR11178435	x_32d_sporocysts_r4	2	ERR11178435_2.fastq.gz	885601876	885601876	ae369c157eb6d695b7f8a8333dcd80be	ae369c157eb6d695b7f8a8333dcd80be	0b06fcf46456d588e3b9ce3b6573335dc24bc0a315b8e6f7c1a73b1cda7e7a7e	PASS	PASS
ERR11178342	x_32d_sporocysts_r5	1	ERR11178342_1.fastq.gz	478047054	478047054	30bf2632bbd51daf3f681c3862c8b1dd	30bf2632bbd51daf3f681c3862c8b1dd	87f0ec49aa9e9f1055c600fbf30d31399d60ce1b0105b08d19c4dc6f756f6ebe	PASS	PASS
ERR11178342	x_32d_sporocysts_r5	2	ERR11178342_2.fastq.gz	509286172	509286172	51b9e7a0ac0cc3375e7dd88aeba7e070	51b9e7a0ac0cc3375e7dd88aeba7e070	013ca37fe0347bf4df30cb95fee7ea3d7ff9fdb7c94d87cdbd348895c1343197	PASS	PASS
ERR11178432	x_32d_sporocysts_r5	1	ERR11178432_1.fastq.gz	470819122	470819122	5a85eb8beed26a26a12fed07ff6f90e6	5a85eb8beed26a26a12fed07ff6f90e6	d910ed1025c8b52fe16efcb64079c6492c8825472db6949a46e081c68f242070	PASS	PASS
ERR11178432	x_32d_sporocysts_r5	2	ERR11178432_2.fastq.gz	509539347	509539347	9d3962683780b9fb94ffe6836403b931	9d3962683780b9fb94ffe6836403b931	4184fa63f6e8d00850f79f365396b1c0684aa839d6a71cdd191e8c5f44edf36a	PASS	PASS
ERR11178343	f_cercariae_r1	1	ERR11178343_1.fastq.gz	399747963	399747963	3c869a9b7570dcc85a7aa1d0edd528c5	3c869a9b7570dcc85a7aa1d0edd528c5	ad4f9d75decf13756384643523c88a4e01107894b1b864b65d39de49054a1dc7	PASS	PASS
ERR11178343	f_cercariae_r1	2	ERR11178343_2.fastq.gz	467585891	467585891	a39c6be6c748d7feba62991984a5dc2e	a39c6be6c748d7feba62991984a5dc2e	4e7ecdb794333e67078cf1f8c2c6c7e745df6d5f941eace6251b285177a30a4c	PASS	PASS
ERR11178433	f_cercariae_r1	1	ERR11178433_1.fastq.gz	388737078	388737078	79af5851c885f57c2d8b8fe5cde05927	79af5851c885f57c2d8b8fe5cde05927	e6477c4a2bf9abbb7942852dc1d682a42a5d1e376bc7d1281f564ef587c5753c	PASS	PASS
ERR11178433	f_cercariae_r1	2	ERR11178433_2.fastq.gz	482613297	482613297	dee248388abee10f14b48aa49e7c183f	dee248388abee10f14b48aa49e7c183f	7516464b1b5aa907f89a240d1bce58ffa0f838e2e3a3845a3de7e9b4113bdd50	PASS	PASS
ERR11178347	f_cercariae_r2	1	ERR11178347_1.fastq.gz	465914000	465914000	6ea94c5e9ffd1947c8937b7ecf0d7556	6ea94c5e9ffd1947c8937b7ecf0d7556	62a2f00e6259eefaaf22bbdc4397e48f522c9ebd0b6d14f16f498fea3aa8ae71	PASS	PASS
ERR11178347	f_cercariae_r2	2	ERR11178347_2.fastq.gz	519127466	519127466	138b9bee9a656e4fca070dab853cd4c1	138b9bee9a656e4fca070dab853cd4c1	9241fbe510d482836227eff3d5a3378c185471e69d7fdf21f89aa755efd669f9	PASS	PASS
ERR11178437	f_cercariae_r2	1	ERR11178437_1.fastq.gz	453752041	453752041	e583e69b7dcb2cfec0bc03fa58473d02	e583e69b7dcb2cfec0bc03fa58473d02	d3ab694d11882f46eae098bcfb0da306925676698f06155d526bf7b1200f5e20	PASS	PASS
ERR11178437	f_cercariae_r2	2	ERR11178437_2.fastq.gz	530266145	530266145	4d39b7cc77b3582b82981fd89afcd4a3	4d39b7cc77b3582b82981fd89afcd4a3	8cd2dfc2f001de76e357db678e42f6717f8a61347605ee310b2cd934c1e8cee6	PASS	PASS
ERR11178349	f_cercariae_r3	1	ERR11178349_1.fastq.gz	400025581	400025581	1dea9e5d014b3728746e38ac452adc60	1dea9e5d014b3728746e38ac452adc60	4b0b5603822c10668ec31b8ddb00d999136b2ede542b4a23f9ba54e234fc0854	PASS	PASS
ERR11178349	f_cercariae_r3	2	ERR11178349_2.fastq.gz	443882855	443882855	3b3ab58135cebbb1f31ef17e798c314c	3b3ab58135cebbb1f31ef17e798c314c	67b6dc3d6461b5f943c5f5372450059e8ff7f928dd2289f22c127306d49a7154	PASS	PASS
ERR11178439	f_cercariae_r3	1	ERR11178439_1.fastq.gz	392433045	392433045	045200d9a13a033ac59fee725270a9b1	045200d9a13a033ac59fee725270a9b1	1249b0cc84ebd5a656e0aa100fcb9aa4c6d87d9910be50e95c4b419a322ec1b2	PASS	PASS
ERR11178439	f_cercariae_r3	2	ERR11178439_2.fastq.gz	454620278	454620278	ab19513fa713458eb4175370dbc527f0	ab19513fa713458eb4175370dbc527f0	a1316c4b3da8fc298765752abb1bd22efd18d28412a8355392df4bdbb684e9fe	PASS	PASS
ERR11178351	f_cercariae_r4	1	ERR11178351_1.fastq.gz	471007908	471007908	f4435544352ec475313a833b6e41d489	f4435544352ec475313a833b6e41d489	c0d3461454d9abbcd0714bc773f40247e298212c48afdd488a82dae5de73c7af	PASS	PASS
ERR11178351	f_cercariae_r4	2	ERR11178351_2.fastq.gz	541738982	541738982	8ff683f920dc8c3a3258a9c50722d112	8ff683f920dc8c3a3258a9c50722d112	7ed106683b551f32bacd4aae9b691c01b7be0cae1a66a671e0a02f122156fadf	PASS	PASS
ERR11178441	f_cercariae_r4	1	ERR11178441_1.fastq.gz	468947771	468947771	778a6581f6038ab29ae88c778acca54a	778a6581f6038ab29ae88c778acca54a	64a378e2323ebf628da88b2c91206c7f1a9c9c183652d2d1e7333e5aa70d2c36	PASS	PASS
ERR11178441	f_cercariae_r4	2	ERR11178441_2.fastq.gz	554609831	554609831	e78e7361f68a56b521c00ad11576f720	e78e7361f68a56b521c00ad11576f720	702a429805eb1cbf1b419ae36e4f66e2db02f7b70f022d9c20a326efde5eb575	PASS	PASS
ERR11178353	f_cercariae_r5	1	ERR11178353_1.fastq.gz	578543828	578543828	f08378c4e430fb39c6be27e100333890	f08378c4e430fb39c6be27e100333890	83ebdd09a2f42a1854c1597e54bbf052e0dee16cda9dc7ea60add138c7666679	PASS	PASS
ERR11178353	f_cercariae_r5	2	ERR11178353_2.fastq.gz	652214726	652214726	f236f1d22d1cf5e26c26b3a186a8d7ff	f236f1d22d1cf5e26c26b3a186a8d7ff	4cd726aed0f0283f3de8afb9e30acbf1569709336fcddfb0499b054294ef0202	PASS	PASS
ERR11178443	f_cercariae_r5	1	ERR11178443_1.fastq.gz	561146464	561146464	1e35ce644f433b8f9573a345e680b40a	1e35ce644f433b8f9573a345e680b40a	a21a21327d1a1287cafe7145794505756702f5c88f52edc0fd7bd74802524c32	PASS	PASS
ERR11178443	f_cercariae_r5	2	ERR11178443_2.fastq.gz	663231017	663231017	eec8f1bd61e2ff950014c8fc082e7840	eec8f1bd61e2ff950014c8fc082e7840	72ad9e91d4966130fc68db42a90796f956a4514d1462f01597effe00df09b49c	PASS	PASS
ERR11178274	m_cercariae_r1	1	ERR11178274_1.fastq.gz	420628058	420628058	59caf5c8c26b30827f15ca41277019a2	59caf5c8c26b30827f15ca41277019a2	8573aa92dacd5020f715af6fb19d49daf87dd12ca7ece45a2979c77275a42622	PASS	PASS
ERR11178274	m_cercariae_r1	2	ERR11178274_2.fastq.gz	476162746	476162746	74593987f8e4596a580eb6a1fdf3d88e	74593987f8e4596a580eb6a1fdf3d88e	f812ac12a98b5dd26caccb8cb0331230b2ea9e7e8fa29461304ff4d4570ed11e	PASS	PASS
ERR11178364	m_cercariae_r1	1	ERR11178364_1.fastq.gz	383922726	383922726	a6164aafe15f7291a314e4acb7abb4e9	a6164aafe15f7291a314e4acb7abb4e9	fb48a47bea2afc2ba04fb97757307338ed9b00bdb2ab79739bbd025ef3512b2a	PASS	PASS
ERR11178364	m_cercariae_r1	2	ERR11178364_2.fastq.gz	473200435	473200435	2882c433b32206279816a33fe07ca0f8	2882c433b32206279816a33fe07ca0f8	737152f301dfc705df284fe08d6295d13e71f33f92ddb7bdf74c7b573c387462	PASS	PASS
ERR11178284	m_cercariae_r2	1	ERR11178284_1.fastq.gz	579009231	579009231	d292b210513294e9b156dd8db01bdc3a	d292b210513294e9b156dd8db01bdc3a	538d4e4aa501b05db9bf76a8c6b04cc70865a57b58dc7d0ab9a7193b309f4d71	PASS	PASS
ERR11178284	m_cercariae_r2	2	ERR11178284_2.fastq.gz	714350213	714350213	f55ce040b6ac6f43faaab3aecad49647	f55ce040b6ac6f43faaab3aecad49647	bd2484aa68f7cfe2f596e198cd0e5cbb64130200d1c781bcd7859fbc7d58122e	PASS	PASS
ERR11178374	m_cercariae_r2	1	ERR11178374_1.fastq.gz	566708227	566708227	4a243c67a9feb8a09d36270ce4e68419	4a243c67a9feb8a09d36270ce4e68419	c830bbef78bffb2499655268ee2300a6a46dc7f6b36a0ee73d27c0bebacf38cd	PASS	PASS
ERR11178374	m_cercariae_r2	2	ERR11178374_2.fastq.gz	708167679	708167679	74b8d235cb23796a8da20319496cfd22	74b8d235cb23796a8da20319496cfd22	35a4af8762c3d46d4a48529d9371ca9eddd95aa43b34de3c29dffe8b77c753b9	PASS	PASS
ERR11178293	m_cercariae_r3	1	ERR11178293_1.fastq.gz	558065579	558065579	48cb1bee76e91a13f16c26f2679a9c66	48cb1bee76e91a13f16c26f2679a9c66	77eb5e272a7b215d0d66ff10776044bbf863365d0e0c02f0cab22b86e0ddc43e	PASS	PASS
ERR11178293	m_cercariae_r3	2	ERR11178293_2.fastq.gz	634878930	634878930	6a4b06f0354525d6a2ca19ea49058cf0	6a4b06f0354525d6a2ca19ea49058cf0	0280a97e663deaf36bcd1b2d0b57182d3ae2188ad7806318a57eb26478322f35	PASS	PASS
ERR11178383	m_cercariae_r3	1	ERR11178383_1.fastq.gz	548894103	548894103	ba1e103d6b6394a78f9eb3b56ce70848	ba1e103d6b6394a78f9eb3b56ce70848	687b3f1a1f91358162430721e244af37552beb48ac7a0ac3bc6a2d460143f3db	PASS	PASS
ERR11178383	m_cercariae_r3	2	ERR11178383_2.fastq.gz	643941155	643941155	6a701cd0c35c0e17b73f2fdb609bc964	6a701cd0c35c0e17b73f2fdb609bc964	2414d1f9e73fe8664335f2c5f7b6f953fa26075449e3d2fac5de2be18e5efda6	PASS	PASS
ERR11178302	m_cercariae_r4	1	ERR11178302_1.fastq.gz	754579182	754579182	fbcd1291cbc2b1eed6e7faf25fd7b23d	fbcd1291cbc2b1eed6e7faf25fd7b23d	c6c3dcda6dc715f1b98524009e79572771664ce331c6f46d37e64e970f92d377	PASS	PASS
ERR11178302	m_cercariae_r4	2	ERR11178302_2.fastq.gz	846932191	846932191	771979e2efbaba708c9c4bbcb2460b2b	771979e2efbaba708c9c4bbcb2460b2b	bb84abd7a17a4d28ca8e59521d1c25a44aca69898b8354d3c84d5a95d617d176	PASS	PASS
ERR11178392	m_cercariae_r4	1	ERR11178392_1.fastq.gz	697631344	697631344	12fe43ec959286d7f1e43a1e6bba6e68	12fe43ec959286d7f1e43a1e6bba6e68	7f07e60318ce19f0180546f5902b25ebefd2abb2a8a502364c5b46b4188d31e8	PASS	PASS
ERR11178392	m_cercariae_r4	2	ERR11178392_2.fastq.gz	839844906	839844906	7c25064591dad46172dfcb180cb51639	7c25064591dad46172dfcb180cb51639	6f90094ba5b13d752620ff0b7558858148792785d0b785d3d1c324afb3ef0b18	PASS	PASS
ERR11178311	m_cercariae_r5	1	ERR11178311_1.fastq.gz	615397629	615397629	2915e664aa1863beaffa20487444de8f	2915e664aa1863beaffa20487444de8f	b4bbcc4a08f552c9b348975d4c753b82875db7a5dfeebf4a87ce36f7865876de	PASS	PASS
ERR11178311	m_cercariae_r5	2	ERR11178311_2.fastq.gz	708963153	708963153	67275ac8898f15e7c115776229854306	67275ac8898f15e7c115776229854306	d5b3935becd6c3f9a2c1af17202500aacfb13fcc57d721e5be548a0f247641b0	PASS	PASS
ERR11178401	m_cercariae_r5	1	ERR11178401_1.fastq.gz	598568731	598568731	83dd702e4f301e28dcc108ae15ffef86	83dd702e4f301e28dcc108ae15ffef86	a418d243b8f11a5b87c08b32dba1444be3d2296479e4b48409a05293488ccbab	PASS	PASS
ERR11178401	m_cercariae_r5	2	ERR11178401_2.fastq.gz	715978671	715978671	17629dd0c28c2043c2e035c96f9af412	17629dd0c28c2043c2e035c96f9af412	9ad9329ab6e9c690bc1ec68e1a3183bf84a102d3e192adfc881817e352ec8f8d	PASS	PASS
ERR11178320	x_cercariae_r1	1	ERR11178320_1.fastq.gz	831939373	831939373	7a953b46af9c4a95e19664f617d06530	7a953b46af9c4a95e19664f617d06530	9d35f3a70a758e59caad8af07ca8eccf88646f0320e094dcb28677bb9e9687d1	PASS	PASS
ERR11178320	x_cercariae_r1	2	ERR11178320_2.fastq.gz	898088126	898088126	456aff30f6c37f11b2d34fbd70e321c8	456aff30f6c37f11b2d34fbd70e321c8	edb5187b1f8c40309b44b47fe982257a643eb0a9008cdfdb53ed1050732cbc7c	PASS	PASS
ERR11178410	x_cercariae_r1	1	ERR11178410_1.fastq.gz	816591117	816591117	1a174d5eed1560210920a6b4bf35651b	1a174d5eed1560210920a6b4bf35651b	9da56917a076a7e15a9f004eaf1c7dc97cb7ed9c7b3ff9c9c85d311e482cb681	PASS	PASS
ERR11178410	x_cercariae_r1	2	ERR11178410_2.fastq.gz	933685902	933685902	d19b7738aeae0553bd1a280c38e4d810	d19b7738aeae0553bd1a280c38e4d810	11786755cc9cbe73363526e0f1d8952774138660c8ce55c9ad4dee056ffa2ff7	PASS	PASS
ERR11178328	x_cercariae_r2	1	ERR11178328_1.fastq.gz	588081761	588081761	32fd4d67911b44790fe59e3b0dd4a5ca	32fd4d67911b44790fe59e3b0dd4a5ca	151990526d47e7b073356c0030fc4bbae3c5207d9475d51b5c3f2a9b8eb0c471	PASS	PASS
ERR11178328	x_cercariae_r2	2	ERR11178328_2.fastq.gz	661213762	661213762	68767a8aafe1624b1b2d7edb94c69957	68767a8aafe1624b1b2d7edb94c69957	bf6c51fdb51128ae5b5324c80293c9adde5dfd76f1616aaf949eb966482dbef1	PASS	PASS
ERR11178418	x_cercariae_r2	1	ERR11178418_1.fastq.gz	570094585	570094585	9cffa06ceb4876ee646a900fe9203307	9cffa06ceb4876ee646a900fe9203307	12fcd2c7b823d0597aebef5d5ae9c7e895f4057ecdecb3884f66b58ba0602acb	PASS	PASS
ERR11178418	x_cercariae_r2	2	ERR11178418_2.fastq.gz	664856128	664856128	f657c128dff4c2b4cc9afc8bb3b51ae0	f657c128dff4c2b4cc9afc8bb3b51ae0	a5bd16822dc4cf4f47820e7f9d8751727fd9e0e7b19fcf20af26107589fad740	PASS	PASS
ERR11178337	x_cercariae_r3	1	ERR11178337_1.fastq.gz	688910028	688910028	4d2c16895905651351335ff121ab6f77	4d2c16895905651351335ff121ab6f77	361da9bc9badd51e9bdd822832c2540df66ef73f22b80e22bd62976e695ff9f3	PASS	PASS
ERR11178337	x_cercariae_r3	2	ERR11178337_2.fastq.gz	786613745	786613745	0e37908cbed67414eced15125e3b43cb	0e37908cbed67414eced15125e3b43cb	ded04d669e730eb572ed839d2c83d6ec81aad2ba4985251b77461f9035d78533	PASS	PASS
ERR11178427	x_cercariae_r3	1	ERR11178427_1.fastq.gz	682677663	682677663	6e6fa6836234179a35d7ed592d15580e	6e6fa6836234179a35d7ed592d15580e	bca83b982483e5017bd27457c55a3deee5ef8a30b4ed5b3082610230ba500383	PASS	PASS
ERR11178427	x_cercariae_r3	2	ERR11178427_2.fastq.gz	800268144	800268144	512f8d51ed6c0fedf34f12c9e09f60a5	512f8d51ed6c0fedf34f12c9e09f60a5	88288be4507a181ed4d5d47395f9cac47edc544f6ab0d02d1123c7dc9c210004	PASS	PASS
ERR11178265	x_cercariae_r4	1	ERR11178265_1.fastq.gz	727210612	727210612	a8ac254e73073f8ad38fbefadc3975e4	a8ac254e73073f8ad38fbefadc3975e4	01a7f27d9d27af664c9b4764fc7a83f6b01d90e3af0de589ee018479a24a81c7	PASS	PASS
ERR11178265	x_cercariae_r4	2	ERR11178265_2.fastq.gz	830177336	830177336	af40c3a57412bb241bd510c76e5454d8	af40c3a57412bb241bd510c76e5454d8	fc5951fc5348f09ff0ceb46164790e6ab0bc7732965cdd006f1d2f88ce5a16d3	PASS	PASS
ERR11178355	x_cercariae_r4	1	ERR11178355_1.fastq.gz	680214422	680214422	48bbb767edbf98723a486080d7cf40a1	48bbb767edbf98723a486080d7cf40a1	4629422ce69368676046f31bb3a5970ea726e488ad7ea8d80c549f736b50b6cf	PASS	PASS
ERR11178355	x_cercariae_r4	2	ERR11178355_2.fastq.gz	805822898	805822898	93427c6ab0563d3e8c71d8c6169bab02	93427c6ab0563d3e8c71d8c6169bab02	7d23aec01564234d36332121a6eec347099aa90bacdbf22f1170cb4eec302644	PASS	PASS
ERR11178275	x_cercariae_r5	1	ERR11178275_1.fastq.gz	799374446	799374446	97f5384c4d49bde437ea8306a97de0da	97f5384c4d49bde437ea8306a97de0da	566e991fb4cfcec0c6fb9a3b5d0172f58656c51813316b27591948dbd97f7b76	PASS	PASS
ERR11178275	x_cercariae_r5	2	ERR11178275_2.fastq.gz	878121177	878121177	fe95aa789565352185f004cd47003e45	fe95aa789565352185f004cd47003e45	e82fb358276b87e0b7e3b924626e9f32b758b7d280051c5b5fa62fe144c77c9c	PASS	PASS
ERR11178365	x_cercariae_r5	1	ERR11178365_1.fastq.gz	755970673	755970673	24db58386713264116d3a8049ec5692c	24db58386713264116d3a8049ec5692c	076278bd39474f0a572f417305f4a777dfae8de8b466ea99d46e1998c180a544	PASS	PASS
ERR11178365	x_cercariae_r5	2	ERR11178365_2.fastq.gz	869170849	869170849	8b10220fc1c1101091c872716c9219c8	8b10220fc1c1101091c872716c9219c8	ead96c0c18981f5f4c44724d9e5c3898af733dc5116a030d0c7d4b9e08cd9330	PASS	PASS
ERR11178285	f_2d_somules_r1	1	ERR11178285_1.fastq.gz	923892443	923892443	d238a30590f8d59298fbbe8b07f96b67	d238a30590f8d59298fbbe8b07f96b67	47db3cdf83c2727073c7a9108ba9025408426a40707b1eefff14cefc4365dd2b	PASS	PASS
ERR11178285	f_2d_somules_r1	2	ERR11178285_2.fastq.gz	1116853434	1116853434	9453bed66089324e46888723bd8090d9	9453bed66089324e46888723bd8090d9	c3eb5ac53fe37d7314d428851488fcb4b0be6aa0cf67533b8e3c68459bc7d7e9	PASS	PASS
ERR11178375	f_2d_somules_r1	1	ERR11178375_1.fastq.gz	882275452	882275452	afdd0b4042240abfbdf9a716376fca7b	afdd0b4042240abfbdf9a716376fca7b	b4a21e5211469cb6d711eaee61139d0c06302bffc97e0763612d93d5c23b23f2	PASS	PASS
ERR11178375	f_2d_somules_r1	2	ERR11178375_2.fastq.gz	1117271393	1117271393	923d83914a4a67a38480926d50153de8	923d83914a4a67a38480926d50153de8	f0a737a861a3073b1227a0107e2b9fe06f84e6033277d3299bc5214d69d90d32	PASS	PASS
ERR11178294	f_2d_somules_r2	1	ERR11178294_1.fastq.gz	627564752	627564752	69b5c00607fc1b16aa15e165904a4a1c	69b5c00607fc1b16aa15e165904a4a1c	71992027a26ced618669c6d76b4717a187e0e95fa1c04d6377d5026b69dd907e	PASS	PASS
ERR11178294	f_2d_somules_r2	2	ERR11178294_2.fastq.gz	703766383	703766383	106e03e4379614d64ce5c6234af29e79	106e03e4379614d64ce5c6234af29e79	c70d333d3402f8f3146c8f3a8a6df6ca7494ff3c15ee120180411a083e217991	PASS	PASS
ERR11178384	f_2d_somules_r2	1	ERR11178384_1.fastq.gz	594426761	594426761	4e1189e09bc408369b25a83328c0c848	4e1189e09bc408369b25a83328c0c848	f0dd9ff4bb79e72bd099b1a413deb3254b29779ca5953a0cd7518fe57f43d7de	PASS	PASS
ERR11178384	f_2d_somules_r2	2	ERR11178384_2.fastq.gz	692754521	692754521	62c9d5812631ecb9eab68e8d989baf05	62c9d5812631ecb9eab68e8d989baf05	25afdeef473360735fb517e378e3023c41da885c9f6f49224e618be1841f230c	PASS	PASS
ERR11178303	f_2d_somules_r3	1	ERR11178303_1.fastq.gz	596679630	596679630	44eb51ec8288c99a937e9cdbff7b385f	44eb51ec8288c99a937e9cdbff7b385f	4ba10268f69277f598eae141122fe46f208ab9a42bdf9db3d855ff89989f0934	PASS	PASS
ERR11178303	f_2d_somules_r3	2	ERR11178303_2.fastq.gz	665624767	665624767	f547b2acf460e1183e631580a3e6a525	f547b2acf460e1183e631580a3e6a525	46df45239e15ceb4c981431a7289f2db7a0e6d04924090c47f38e8c4b5e4bfc0	PASS	PASS
ERR11178393	f_2d_somules_r3	1	ERR11178393_1.fastq.gz	550781502	550781502	e007217e63db129c6ce99d0d6b7f9d51	e007217e63db129c6ce99d0d6b7f9d51	5ae20f760f7537670ff2a9c22868b086050dd3fbe83d201042b298a7aa4db563	PASS	PASS
ERR11178393	f_2d_somules_r3	2	ERR11178393_2.fastq.gz	649758596	649758596	180ebca81eb77d8bc70c4d5801fd4ad8	180ebca81eb77d8bc70c4d5801fd4ad8	5c577701613654335c437724efe7e2e2308d2b4ed5056efa3f58c2d04c7d681a	PASS	PASS
ERR11178312	f_2d_somules_r4	1	ERR11178312_1.fastq.gz	909134548	909134548	e2e64baca846075b7ad996d924bc729b	e2e64baca846075b7ad996d924bc729b	04d9693f344be991f3fbf6fcdaed45c04985998ec9f0a7d7ef7af0c47d491b85	PASS	PASS
ERR11178312	f_2d_somules_r4	2	ERR11178312_2.fastq.gz	1065648553	1065648553	fa4b6a007a742efc2de1530df22a317c	fa4b6a007a742efc2de1530df22a317c	cb3bb05821d4cc852affc2416f6a081769ca7e3d4076f361aeb011f09a836e41	PASS	PASS
ERR11178402	f_2d_somules_r4	1	ERR11178402_1.fastq.gz	828508008	828508008	b6eb7017fe6d5ad8bf57116e748da4ef	b6eb7017fe6d5ad8bf57116e748da4ef	c6cf76b74def0357ce7107b83cd2d59e2adddd9bfe44536a984e1ba2a2326b27	PASS	PASS
ERR11178402	f_2d_somules_r4	2	ERR11178402_2.fastq.gz	1059919566	1059919566	c6b2ca8d3b6985ba5e9c864e9234b4b1	c6b2ca8d3b6985ba5e9c864e9234b4b1	eddf360ff5b332d9a47e592244abcde244d72b5df04a35fc616d1364c7aa7d4d	PASS	PASS
ERR11178321	f_2d_somules_r5	1	ERR11178321_1.fastq.gz	763741204	763741204	ca1707093fe9cc9b126f7d555c444bdd	ca1707093fe9cc9b126f7d555c444bdd	6233c3f11990c9e09332c7407bc79213a0041f5683c9a48933c5b03d9b9f3489	PASS	PASS
ERR11178321	f_2d_somules_r5	2	ERR11178321_2.fastq.gz	905137772	905137772	1f468e65dbc0e08e3e78e5d2b824b19b	1f468e65dbc0e08e3e78e5d2b824b19b	db39e834c273b86d85dee3853ca94cb82e1a94b5731af3d952ca6764c6b391b5	PASS	PASS
ERR11178411	f_2d_somules_r5	1	ERR11178411_1.fastq.gz	686524566	686524566	fed61517235086998542acdd0109ba7e	fed61517235086998542acdd0109ba7e	ac890bb83928af9883c98505894498490cab4012c43f52858e37d6604312b109	PASS	PASS
ERR11178411	f_2d_somules_r5	2	ERR11178411_2.fastq.gz	868113671	868113671	543f5157ce6f9116a43b2fb6168f6d5b	543f5157ce6f9116a43b2fb6168f6d5b	1748b3db608d504d1f60bc0ec27b33ee53d49f0d72efb14c13c585e145520b15	PASS	PASS
ERR11178329	m_2d_somules_r1	1	ERR11178329_1.fastq.gz	1322330048	1322330048	06829ec5055cd8bb75275db549b9dc34	06829ec5055cd8bb75275db549b9dc34	54bd94dec8c9156b7646fdcbacc4d9882cf6fc8190802d020e3970462ce0a5d3	PASS	PASS
ERR11178329	m_2d_somules_r1	2	ERR11178329_2.fastq.gz	1458028214	1458028214	7b21cc67098c4ccb894008ff707c0c51	7b21cc67098c4ccb894008ff707c0c51	5a05e8b28b3580bea8f246e69e4f68905f7ec48e8aaf017547ab6ba9e7e532c3	PASS	PASS
ERR11178419	m_2d_somules_r1	1	ERR11178419_1.fastq.gz	1177654402	1177654402	102277d0c3119a652796365dbcd77d90	102277d0c3119a652796365dbcd77d90	82427ba325160dfde2d7709d60465dac5654b7236ffd1d54e759d2fabb800229	PASS	PASS
ERR11178419	m_2d_somules_r1	2	ERR11178419_2.fastq.gz	1438950319	1438950319	93f7759a32c1da97db5cb94781098386	93f7759a32c1da97db5cb94781098386	cd1b958d4ab110c98b075d21ddc11dd6ebb366cf5dc1fdc43c5d94ad0dbec1f4	PASS	PASS
ERR11178267	m_2d_somules_r2	1	ERR11178267_1.fastq.gz	757832577	757832577	26bc9bef3928acd8ed152d800bb9b64f	26bc9bef3928acd8ed152d800bb9b64f	acdbb7424086544f1a3293bcc297b974675ec3c775b632962dcb8c9c14166083	PASS	PASS
ERR11178267	m_2d_somules_r2	2	ERR11178267_2.fastq.gz	838460338	838460338	34a1e93f00c940fddd894c526cad8a43	34a1e93f00c940fddd894c526cad8a43	f98aeb9ecc581c42c26aa022be06302b9822c964d2b4ae4483cc27439733e0ab	PASS	PASS
ERR11178357	m_2d_somules_r2	1	ERR11178357_1.fastq.gz	721797414	721797414	e3880a30d377caf2d5328dc01d0950e2	e3880a30d377caf2d5328dc01d0950e2	13aee1d62ef5d83886e84b6f97ae84176ffd47de26eb5f50459b9657c0951177	PASS	PASS
ERR11178357	m_2d_somules_r2	2	ERR11178357_2.fastq.gz	836909341	836909341	95753cd6eb271927d12df2bc050196ae	95753cd6eb271927d12df2bc050196ae	0a52e65a4fd9e22f1d480814c1de65ca700a1e63fa087b47ed58074fdf2b0f68	PASS	PASS
ERR11178277	m_2d_somules_r3	1	ERR11178277_1.fastq.gz	621407147	621407147	d71078c6ad934802d054f457374a3593	d71078c6ad934802d054f457374a3593	70ac195032740b4fe6f92f826a77dba9bb826b476488c2c2b60b9a3ebead8d5c	PASS	PASS
ERR11178277	m_2d_somules_r3	2	ERR11178277_2.fastq.gz	723467252	723467252	d332cfd321a135b9988ac2aa5c12a099	d332cfd321a135b9988ac2aa5c12a099	1b814c178b6d2e09c2c4011eccd785e9ec0ad9854a69db4f351c563144b820df	PASS	PASS
ERR11178367	m_2d_somules_r3	1	ERR11178367_1.fastq.gz	606676590	606676590	9dbd9c6b3edefdde32c88af2334ede17	9dbd9c6b3edefdde32c88af2334ede17	bda81e46fe064dc403fc7569ef501813a0c83453f0b030fe31969d60f4684ad4	PASS	PASS
ERR11178367	m_2d_somules_r3	2	ERR11178367_2.fastq.gz	722682799	722682799	fe8d835e648db7bd54ba30942975cba6	fe8d835e648db7bd54ba30942975cba6	bba0e04608bd63ffda35d0fd5f25c960a3244169393be359b86208637a40a167	PASS	PASS
ERR11178287	m_2d_somules_r4	1	ERR11178287_1.fastq.gz	367246669	367246669	d58c25323f4aa7dedd980101ae5d751d	d58c25323f4aa7dedd980101ae5d751d	2c0866f6b683b81cc295d51a69d8e9ed5d1d110535f3878c8b974b283ac59675	PASS	PASS
ERR11178287	m_2d_somules_r4	2	ERR11178287_2.fastq.gz	424902655	424902655	627a896ee87401e2ab65e252eb5ff0a0	627a896ee87401e2ab65e252eb5ff0a0	3410d198eb842a4c9a9ca626f0b98a27dd7c0cd82e46a6ee813584adc20020f3	PASS	PASS
ERR11178377	m_2d_somules_r4	1	ERR11178377_1.fastq.gz	363659304	363659304	d105d26b222e51810badb05ee372cde5	d105d26b222e51810badb05ee372cde5	ff4bace174fd21cd7ca98ebabf23d10ac2d60cb813fc08c1fc618d2aeeca7c7a	PASS	PASS
ERR11178377	m_2d_somules_r4	2	ERR11178377_2.fastq.gz	422064994	422064994	12abb714708bf4e05e9d9439ef263824	12abb714708bf4e05e9d9439ef263824	1660df46d75d1c4fc4ea96c5475a628aab55680e525bc0fc52baaec6fa8968d7	PASS	PASS
ERR11178296	m_2d_somules_r5	1	ERR11178296_1.fastq.gz	582570949	582570949	80c85e9ac896b4f9d1ffa6cf86c52b09	80c85e9ac896b4f9d1ffa6cf86c52b09	849bb07ecaf9f1052791bb7fe159e567372a35c61371bb064438d30dde751321	PASS	PASS
ERR11178296	m_2d_somules_r5	2	ERR11178296_2.fastq.gz	652915406	652915406	8363766a7a5a0eb5e9019d8702014d1a	8363766a7a5a0eb5e9019d8702014d1a	f04de78290a989ea133b36a37668f523db25c911d7c7ba590d220b91abf73d2d	PASS	PASS
ERR11178386	m_2d_somules_r5	1	ERR11178386_1.fastq.gz	583388290	583388290	1b31e235f81a2d2ab1a39b9501852c23	1b31e235f81a2d2ab1a39b9501852c23	ca81cbf7f38aa8d87b9dfd83cffe12abee074e488b7bda5afe14f4e8fa69e030	PASS	PASS
ERR11178386	m_2d_somules_r5	2	ERR11178386_2.fastq.gz	672514950	672514950	455635d3128a1c4899855d15337b0283	455635d3128a1c4899855d15337b0283	ae8de50b2c104cbdef30ff3593a665a04e4130295d2455ab7cb9fc13669a394c	PASS	PASS
ERR11178305	x_2d_somules_r1	1	ERR11178305_1.fastq.gz	988104910	988104910	0f2f6a70141b5a9043a7de3314026d59	0f2f6a70141b5a9043a7de3314026d59	97a37926fa93bbf8322969a03ba3581215b7db96c32755b4d7ef6a5e84e3ec75	PASS	PASS
ERR11178305	x_2d_somules_r1	2	ERR11178305_2.fastq.gz	1088620951	1088620951	718dc27040b9d7fc274adbb87a74acd3	718dc27040b9d7fc274adbb87a74acd3	4acd957c987aeed02dff14cbf51818c43deaae8d84a851ed7cb555b13f720c97	PASS	PASS
ERR11178395	x_2d_somules_r1	1	ERR11178395_1.fastq.gz	954573958	954573958	dc15c4e1bb07cbcb781122ea9a4bee99	dc15c4e1bb07cbcb781122ea9a4bee99	ab53ec494dedf337deeed1fa6fec344f2543c8ff1ef10c1810e5a68beccc5294	PASS	PASS
ERR11178395	x_2d_somules_r1	2	ERR11178395_2.fastq.gz	1112375302	1112375302	abd235576a7bb4ed28e72504257c5d26	abd235576a7bb4ed28e72504257c5d26	97373cd74b4d0b09d6389c07cbd54be6b145927fe46c7142e91ad14f4399f5d1	PASS	PASS
ERR11178314	x_2d_somules_r2	1	ERR11178314_1.fastq.gz	1057229371	1057229371	4294c2d567e0dc7277cc516d529e882d	4294c2d567e0dc7277cc516d529e882d	ef2b2c39bec9bb3b2f253e06ec48f49bcfeb6cdf419a44d6410fd4a21b5111a3	PASS	PASS
ERR11178314	x_2d_somules_r2	2	ERR11178314_2.fastq.gz	1152489772	1152489772	36a5b180568c2d6483755b01c16ace8b	36a5b180568c2d6483755b01c16ace8b	64e9a46d50fabde3a2c254d8bbe218665160d486c8ad4428bfc93ea231b1a629	PASS	PASS
ERR11178404	x_2d_somules_r2	1	ERR11178404_1.fastq.gz	1035707268	1035707268	c9c29680561e0c4764b005e6f42f6c35	c9c29680561e0c4764b005e6f42f6c35	73e334e85ba1422886b506a35691f27163fc307232b5ac77b3fabcac4ae4f67e	PASS	PASS
ERR11178404	x_2d_somules_r2	2	ERR11178404_2.fastq.gz	1168111442	1168111442	611a2aab349c3e17516b6d540cea0a6d	611a2aab349c3e17516b6d540cea0a6d	a205ce5725c03b73890aecbfd9e7f6582a85f3491f999b90c442ca75bbac0fd1	PASS	PASS
ERR11178323	x_2d_somules_r3	1	ERR11178323_1.fastq.gz	1412992479	1412992479	729c488e31acd3b1aac8d6663d5c07af	729c488e31acd3b1aac8d6663d5c07af	9b276169bc9c255502fe59d1de69694cd1674002ef5b03b1531d0d81b388c9f3	PASS	PASS
ERR11178323	x_2d_somules_r3	2	ERR11178323_2.fastq.gz	1561406929	1561406929	9b1e3af7a70c1cc02b01f5bef9fb7fe4	9b1e3af7a70c1cc02b01f5bef9fb7fe4	231239e50dc69199e5a0149a4b23acb15a4e06330e84155f3b07f602d91367d8	PASS	PASS
ERR11178413	x_2d_somules_r3	1	ERR11178413_1.fastq.gz	1375381717	1375381717	f84bf091d9bff05611cce23784b57cd1	f84bf091d9bff05611cce23784b57cd1	80c50ce72899b4b6d71480781cdaeb7709d3f35728e58391208b54e6fe24883b	PASS	PASS
ERR11178413	x_2d_somules_r3	2	ERR11178413_2.fastq.gz	1566414378	1566414378	69db67f07f4678252990b5a04ad08b3d	69db67f07f4678252990b5a04ad08b3d	cce2968a9a22042178e778c8dbabbc5652d8b9032176902a8105b5b10f8eb5e8	PASS	PASS
ERR11178281	x_2d_somules_r4	1	ERR11178281_1.fastq.gz	589460726	589460726	e76a95cc33a502e46e3cd6d58d395ad1	e76a95cc33a502e46e3cd6d58d395ad1	c47eeb634033e3ea2902530e694a2b7f14168c7c505ff26855ce2ed11414122e	PASS	PASS
ERR11178281	x_2d_somules_r4	2	ERR11178281_2.fastq.gz	691462251	691462251	5896b6ddc80eb71f629be2e4b133d588	5896b6ddc80eb71f629be2e4b133d588	d6480a6648013644c9109cc4a78f6db84f17f82ca2bd650e20c06d2d24e515e3	PASS	PASS
ERR11178371	x_2d_somules_r4	1	ERR11178371_1.fastq.gz	565691356	565691356	969ccffba2a47ac71efd608bea0daddf	969ccffba2a47ac71efd608bea0daddf	74026e269258c00e8e63841a6a970ab5acde67c99f60977cfc898f0af0f50f21	PASS	PASS
ERR11178371	x_2d_somules_r4	2	ERR11178371_2.fastq.gz	697297054	697297054	dfda5a7ab1768714e140ac375920b112	dfda5a7ab1768714e140ac375920b112	d54714af741e1bd65d5a4c8f65796093fd9aa7a92537af2a39f9ab061ea399c6	PASS	PASS
ERR11178291	x_2d_somules_r5	1	ERR11178291_1.fastq.gz	392522705	392522705	067f8d662725e45ac295d35c0402dc3d	067f8d662725e45ac295d35c0402dc3d	a3ee845125d9c77c3ff5b201f23c0577c158c079d4342b1b890fed2ec6877b49	PASS	PASS
ERR11178291	x_2d_somules_r5	2	ERR11178291_2.fastq.gz	435667976	435667976	1eaa3e9fd4d217d1578e83c7e35288a4	1eaa3e9fd4d217d1578e83c7e35288a4	26bb82e980e31874f41d60ae2573cf7d6fe85c9ce2d8ae2d825af4cc568575cd	PASS	PASS
ERR11178381	x_2d_somules_r5	1	ERR11178381_1.fastq.gz	383576293	383576293	715e0686e6b49e65e4969818726179ec	715e0686e6b49e65e4969818726179ec	b44a069b0b0a04e627bd75a56b5fc8bda8b40cc6c7df629028e57f25dff3c2ba	PASS	PASS
ERR11178381	x_2d_somules_r5	2	ERR11178381_2.fastq.gz	448350094	448350094	ca8a2ffd0c875caec51c98753fd6b79d	ca8a2ffd0c875caec51c98753fd6b79d	8907c7ae66b75b081d8ac6e2481485b289d8447a420edc58327d0834627f85de	PASS	PASS
ERR11178331	f_26d_juveniles_r1	1	ERR11178331_1.fastq.gz	988456960	988456960	0056600757a45380f3bc198c79d4c0f8	0056600757a45380f3bc198c79d4c0f8	9dc182dd97c5918797f5dca5600c144124400ed128e2fa6c7dc72ec43187d2ec	PASS	PASS
ERR11178331	f_26d_juveniles_r1	2	ERR11178331_2.fastq.gz	1123190956	1123190956	f0f7c38ec694051860121c6008e2bd84	f0f7c38ec694051860121c6008e2bd84	f7baf5fe4c11ee507ec8505495ba91060ce1e88bf2c291c8b9a951117af87c78	PASS	PASS
ERR11178421	f_26d_juveniles_r1	1	ERR11178421_1.fastq.gz	928789201	928789201	640a5324a7705a0d4d817a75ff617964	640a5324a7705a0d4d817a75ff617964	d2e94db25e5bc023abdc3f162ee03b79f50af060bf3dd3295d45394c1a44b3b1	PASS	PASS
ERR11178421	f_26d_juveniles_r1	2	ERR11178421_2.fastq.gz	1153559215	1153559215	be9f219e86d357f8d7c6e31a7eee2642	be9f219e86d357f8d7c6e31a7eee2642	4f1b9002ab021e42e4e7271bcc052994237751e52810274adcd5ac83d58287e6	PASS	PASS
ERR11178269	f_26d_juveniles_r2	1	ERR11178269_1.fastq.gz	478072794	478072794	d1c221a20f4990d43a71febb2bd72605	d1c221a20f4990d43a71febb2bd72605	2722f1e6ca10daa1be578bca67cb2b13aac2fae47c6ff0a2b19bad64bc1c70a8	PASS	PASS
ERR11178269	f_26d_juveniles_r2	2	ERR11178269_2.fastq.gz	533655835	533655835	0dcea74969eac2a10afc4a0ebdc2945f	0dcea74969eac2a10afc4a0ebdc2945f	0d471f0566542832cb60f3e92ef5516f21d3810da5bedb4aa4f38a1714ce8a01	PASS	PASS
ERR11178359	f_26d_juveniles_r2	1	ERR11178359_1.fastq.gz	474012712	474012712	d67ea85e480d1e984933c55e1fb84471	d67ea85e480d1e984933c55e1fb84471	a357a5d58e2d7a9333b35a536863a2cc8d2a6e0c04815bf4b489d17e79417e98	PASS	PASS
ERR11178359	f_26d_juveniles_r2	2	ERR11178359_2.fastq.gz	540895716	540895716	6b6a00fbf2d793a1aa0db169d1854b0a	6b6a00fbf2d793a1aa0db169d1854b0a	906d9b7cee72bb7d9fd3c26d4f8f9e218595dd159c3af09a6d41853bc2c3fc84	PASS	PASS
ERR11178279	f_26d_juveniles_r3	1	ERR11178279_1.fastq.gz	431603925	431603925	d4c964587df7b8e247bf4bc7a6fbbf4c	d4c964587df7b8e247bf4bc7a6fbbf4c	cf44f7d9c0c486cf097b4e651db28c121b6d6a9765a851284fc158bcfd24f2db	PASS	PASS
ERR11178279	f_26d_juveniles_r3	2	ERR11178279_2.fastq.gz	482490650	482490650	00f1db13456f9bcd3067c07d6a96dbda	00f1db13456f9bcd3067c07d6a96dbda	eb695535887409586fbddee2e286fccee373e7941f0a0444d67ae7d836c96fcc	PASS	PASS
ERR11178369	f_26d_juveniles_r3	1	ERR11178369_1.fastq.gz	420794162	420794162	90eba73af700c7113cdee708b93599ad	90eba73af700c7113cdee708b93599ad	92a06dcd9ac32b2d5df32fda692966d0f907469d7b15745284997e0dea168464	PASS	PASS
ERR11178369	f_26d_juveniles_r3	2	ERR11178369_2.fastq.gz	489980647	489980647	2098f794498082569f86d6ef12e027cb	2098f794498082569f86d6ef12e027cb	62d73fc8b79807bbc86eb159e8374c0348074aa7d0253b4488c21f6c0591274b	PASS	PASS
ERR11178289	f_26d_juveniles_r4	1	ERR11178289_1.fastq.gz	283410370	283410370	3b62a342072eaa194aaab0a06883d592	3b62a342072eaa194aaab0a06883d592	d07e0c83cfe840332e5230525bb2f2adaa9911b90ac11f9b8998fd842dd279de	PASS	PASS
ERR11178289	f_26d_juveniles_r4	2	ERR11178289_2.fastq.gz	309370544	309370544	c1debdc3a2f29d2681b3807af959a37d	c1debdc3a2f29d2681b3807af959a37d	787acbe3fc1554feb73d0a1902345bec11565fd0c07906cb381e5493e32959f1	PASS	PASS
ERR11178379	f_26d_juveniles_r4	1	ERR11178379_1.fastq.gz	278149612	278149612	bb2facdf4b6b175e887ae28a13b35af8	bb2facdf4b6b175e887ae28a13b35af8	04aae6001f0c2313680a5c518a737a246e5d78b17aeefb77a3674fe64dbc2d57	PASS	PASS
ERR11178379	f_26d_juveniles_r4	2	ERR11178379_2.fastq.gz	315234439	315234439	3f79a5b6870a044a79c364f826388808	3f79a5b6870a044a79c364f826388808	4a39787e146a857a145c3599d07f1510b4fa52eb9845e3f2cef9c40f50199178	PASS	PASS
ERR11178298	f_26d_juveniles_r5	1	ERR11178298_1.fastq.gz	805879453	805879453	d288acceb7fc0d8e766d2d0d2fbf7876	d288acceb7fc0d8e766d2d0d2fbf7876	329c7e9795179f0812d5a9f700180c4502aae068de2586a9311798efe3dcec35	PASS	PASS
ERR11178298	f_26d_juveniles_r5	2	ERR11178298_2.fastq.gz	902867605	902867605	e4fb4585eb733d142c055334999459fc	e4fb4585eb733d142c055334999459fc	7d04b0eb94fbac50f383a63dd8fa7289b2ba153bb21d20d040b2649cb0ff3858	PASS	PASS
ERR11178388	f_26d_juveniles_r5	1	ERR11178388_1.fastq.gz	806570971	806570971	466ae4f9f4150ccf04aad1ff9569bea3	466ae4f9f4150ccf04aad1ff9569bea3	7357a50585e7e19253d3c2cc1ec3722362c84549efd5aef1bcb9a957261384fc	PASS	PASS
ERR11178388	f_26d_juveniles_r5	2	ERR11178388_2.fastq.gz	923537352	923537352	31b121da2d1c45b9f0c39949dfe578c0	31b121da2d1c45b9f0c39949dfe578c0	ba358d889bcb11b4b85ba54b71464e0dec8c8f0b5ca08e0d74aa58a7ef8b325f	PASS	PASS
ERR11178307	m_26d_juveniles_r1	1	ERR11178307_1.fastq.gz	343221718	343221718	1d7f016f32e2ac61b4af80a73cd4a83c	1d7f016f32e2ac61b4af80a73cd4a83c	54db5c247586e2d312d37cf473857a249198a9e4d0e7150a18cad186400179af	PASS	PASS
ERR11178307	m_26d_juveniles_r1	2	ERR11178307_2.fastq.gz	387910240	387910240	324ac549b209730de5f38866180c455c	324ac549b209730de5f38866180c455c	2458f3d26f182fff5aa13869189125f7f60e2bf17456f9d03642eb9c78012c00	PASS	PASS
ERR11178397	m_26d_juveniles_r1	1	ERR11178397_1.fastq.gz	344242031	344242031	0a5997fe4350e93ae95ffb09e603e797	0a5997fe4350e93ae95ffb09e603e797	df924637d9b873dae4b959b63a5c21eb3c5e247db1a3ce21fc134847d5972f8c	PASS	PASS
ERR11178397	m_26d_juveniles_r1	2	ERR11178397_2.fastq.gz	392931972	392931972	7ff789127922dd746899b58d3a18f811	7ff789127922dd746899b58d3a18f811	a1aeb0cd8c7db68ee5b2b197c9179ec9696d68dcc67104323b0b33162330cea6	PASS	PASS
ERR11178316	m_26d_juveniles_r2	1	ERR11178316_1.fastq.gz	518349054	518349054	1aba65a412ee16854df81872e019ec7f	1aba65a412ee16854df81872e019ec7f	3350bb8d631f6e680fdbfd90f218b6cf80ec21f2eb647d515e00a00f71befe66	PASS	PASS
ERR11178316	m_26d_juveniles_r2	2	ERR11178316_2.fastq.gz	567384690	567384690	0f9abf04b47d5494dd2f33f43a5c707f	0f9abf04b47d5494dd2f33f43a5c707f	4fa3229f2c962d11e0479a596233ab81898d6ea16aff03c3dcf67f8981e6f378	PASS	PASS
ERR11178406	m_26d_juveniles_r2	1	ERR11178406_1.fastq.gz	520477588	520477588	e859646a6670c86019bc4960bc6fa8da	e859646a6670c86019bc4960bc6fa8da	9038149d8b3ed66f93039f754d21d189c4cca31198818e7c147a1bb657715a2b	PASS	PASS
ERR11178406	m_26d_juveniles_r2	2	ERR11178406_2.fastq.gz	599248788	599248788	6ca411038ab91e170ebdbcc8a3c77928	6ca411038ab91e170ebdbcc8a3c77928	6f68f5bcfa7addc8732effce5ec0ee82cff68034e83f03e404a5d22addf8b49d	PASS	PASS
ERR11178324	m_26d_juveniles_r3	1	ERR11178324_1.fastq.gz	833183234	833183234	a6f3db0d4a8fab3738d10a541fcc7165	a6f3db0d4a8fab3738d10a541fcc7165	79efbc2b9357716e13a0a6c1e6f68bca8d85e331d001035f5fb24995cd937134	PASS	PASS
ERR11178324	m_26d_juveniles_r3	2	ERR11178324_2.fastq.gz	920238568	920238568	4d42ad8cd1b0ce1ef12948ad30c528a6	4d42ad8cd1b0ce1ef12948ad30c528a6	aaf3f054ee8dea39b440b02115c5494c53bbb6e28e2a207d85725fec5df62156	PASS	PASS
ERR11178414	m_26d_juveniles_r3	1	ERR11178414_1.fastq.gz	835597653	835597653	9140733d31b21baad19aac3c5278b969	9140733d31b21baad19aac3c5278b969	34bbe6ee8bbca87409f130a517b83e7f2f971ca4f91d165be638fff048cb0855	PASS	PASS
ERR11178414	m_26d_juveniles_r3	2	ERR11178414_2.fastq.gz	961387209	961387209	182354602c1f2b7f91fa1b7a1bb1b8fd	182354602c1f2b7f91fa1b7a1bb1b8fd	9b6fc4f4f4ca8c61bcbb77e20bb58f31b99925d6c8ce35868710da7d7c17b6a2	PASS	PASS
ERR11178333	m_26d_juveniles_r4	1	ERR11178333_1.fastq.gz	723487670	723487670	63aeea3bed34c30f278eca38979f30b5	63aeea3bed34c30f278eca38979f30b5	b5824557a9768994c6e07efb2a4c2b1ede902d55fdb991e51473529db3e122aa	PASS	PASS
ERR11178333	m_26d_juveniles_r4	2	ERR11178333_2.fastq.gz	829464790	829464790	81aa8a65290e4aec0322be393d624334	81aa8a65290e4aec0322be393d624334	604f07fe8ac115731bfedaeffb14bee69099209ff5f4812769cd926f122ff3dd	PASS	PASS
ERR11178423	m_26d_juveniles_r4	1	ERR11178423_1.fastq.gz	719176174	719176174	b39a3f600fbf7ead2318883fd1bf54b3	b39a3f600fbf7ead2318883fd1bf54b3	cb0a759d8d4458de3f723524dcaa22eee22e8a779edfb973366c561d4dcbcecd	PASS	PASS
ERR11178423	m_26d_juveniles_r4	2	ERR11178423_2.fastq.gz	871253173	871253173	81726950a9e80bcbb951938115da5b30	81726950a9e80bcbb951938115da5b30	34b96ff62f0def4bbd2066617a007687eaf7e252a57fe13c12dfbe0b4b5cd822	PASS	PASS
ERR11178271	m_26d_juveniles_r5	1	ERR11178271_1.fastq.gz	803679704	803679704	19b480028ec55a269fa4fdeb8313a011	19b480028ec55a269fa4fdeb8313a011	c4c887f0231afd410410e2d86cb299befd5e6cb4363d501532a0ba5111f52166	PASS	PASS
ERR11178271	m_26d_juveniles_r5	2	ERR11178271_2.fastq.gz	893473600	893473600	b9867d7b206194027029177778498d8a	b9867d7b206194027029177778498d8a	c76b3f392f55bf5c5c21c1f54789d72ac34c1a894378638d0018c6733286bf28	PASS	PASS
ERR11178361	m_26d_juveniles_r5	1	ERR11178361_1.fastq.gz	790489478	790489478	1c7e16e8b7a3abb5d3d0306654a99e0d	1c7e16e8b7a3abb5d3d0306654a99e0d	7ea573b15d3c1efae5d7a198d36c87278ce34623c8d5f65646b0411ac8869471	PASS	PASS
ERR11178361	m_26d_juveniles_r5	2	ERR11178361_2.fastq.gz	901118839	901118839	16e58abb40c22f657bfc700574e8daf4	16e58abb40c22f657bfc700574e8daf4	9dff5fb6de020ca12497d51fe5b078e493353bc80b68a3f3f2589064301fbe57	PASS	PASS
