run_accession	sample_id	R1_bytes	R2_bytes	total_run_bytes
ERR11178266	x_eggs_r1	924170229	1011691375	1935861604
ERR11178356	x_eggs_r1	908201677	1032967703	1941169380
ERR11178276	x_eggs_r2	773766596	851570093	1625336689
ERR11178366	x_eggs_r2	746844126	868993658	1615837784
ERR11178286	x_eggs_r3	980417848	1104462436	2084880284
ERR11178376	x_eggs_r3	959452934	1123446277	2082899211
ERR11178295	x_eggs_r4	973801898	1099535603	2073337501
ERR11178385	x_eggs_r4	966314684	1113544054	2079858738
ERR11178304	x_eggs_r5	861691711	926219039	1787910750
ERR11178394	x_eggs_r5	853890058	956960855	1810850913
ERR11178313	x_miracidia_r1	311592860	344152275	655745135
ERR11178403	x_miracidia_r1	293533466	345701957	639235423
ERR11178322	x_miracidia_r2	2114024398	2451476098	4565500496
ERR11178412	x_miracidia_r2	2194723943	2559023030	4753746973
ERR11178330	x_miracidia_r3	697975014	927902302	1625877316
ERR11178420	x_miracidia_r3	577456357	857883849	1435340206
ERR11178268	x_miracidia_r4	784646951	864507210	1649154161
ERR11178358	x_miracidia_r4	778919176	887252757	1666171933
ERR11178278	x_miracidia_r5	937307049	1038408448	1975715497
ERR11178368	x_miracidia_r5	917279414	1047476750	1964756164
ERR11178288	x_1d_sporocysts_r1	829372095	913220498	1742592593
ERR11178378	x_1d_sporocysts_r1	804117505	922785689	1726903194
ERR11178297	x_1d_sporocysts_r2	920733614	993828253	1914561867
ERR11178387	x_1d_sporocysts_r2	877021762	1007578550	1884600312
ERR11178306	x_1d_sporocysts_r3	907874927	1022867033	1930741960
ERR11178396	x_1d_sporocysts_r3	882449635	1026384115	1908833750
ERR11178315	x_1d_sporocysts_r4	739051495	831269440	1570320935
ERR11178405	x_1d_sporocysts_r4	737330893	841411093	1578741986
ERR11178264	x_1d_sporocysts_r5	818828768	877283556	1696112324
ERR11178354	x_1d_sporocysts_r5	766775568	868463671	1635239239
ERR11178332	x_5d_sporocysts_r1	713017012	776328941	1489345953
ERR11178422	x_5d_sporocysts_r1	695781318	800771317	1496552635
ERR11178270	x_5d_sporocysts_r2	746825303	839065792	1585891095
ERR11178360	x_5d_sporocysts_r2	715944599	845612021	1561556620
ERR11178280	x_5d_sporocysts_r3	874461327	985686538	1860147865
ERR11178370	x_5d_sporocysts_r3	871945918	1019476508	1891422426
ERR11178290	x_5d_sporocysts_r4	939932362	1003219910	1943152272
ERR11178380	x_5d_sporocysts_r4	915079516	1024530196	1939609712
ERR11178299	x_5d_sporocysts_r5	919123865	1024159576	1943283441
ERR11178389	x_5d_sporocysts_r5	930790616	1056200371	1986990987
ERR11178308	f_32d_sporocysts_r1	808558320	856986072	1665544392
ERR11178398	f_32d_sporocysts_r1	795425466	861400702	1656826168
ERR11178317	f_32d_sporocysts_r2	933665584	992373321	1926038905
ERR11178407	f_32d_sporocysts_r2	921286230	1006830975	1928117205
ERR11178325	f_32d_sporocysts_r3	1257881008	1375044964	2632925972
ERR11178415	f_32d_sporocysts_r3	1224775137	1370028615	2594803752
ERR11178334	f_32d_sporocysts_r4	1154568062	1246231060	2400799122
ERR11178424	f_32d_sporocysts_r4	1117180208	1241202070	2358382278
ERR11178272	f_32d_sporocysts_r5	929299095	1004234257	1933533352
ERR11178362	f_32d_sporocysts_r5	931956292	1027947582	1959903874
ERR11178282	m_32d_sporocysts_r1	821946737	868907344	1690854081
ERR11178372	m_32d_sporocysts_r1	801195003	861758466	1662953469
ERR11178292	m_32d_sporocysts_r2	1293276174	1396229803	2689505977
ERR11178382	m_32d_sporocysts_r2	1260191291	1395229424	2655420715
ERR11178301	m_32d_sporocysts_r3	980046779	1028284654	2008331433
ERR11178391	m_32d_sporocysts_r3	947478068	1021275028	1968753096
ERR11178310	m_32d_sporocysts_r4	2160812991	2290525875	4451338866
ERR11178400	m_32d_sporocysts_r4	2154386513	2326993785	4481380298
ERR11178319	m_32d_sporocysts_r5	1249506876	1334138787	2583645663
ERR11178409	m_32d_sporocysts_r5	1221407661	1339626004	2561033665
ERR11178327	x_32d_sporocysts_r1	1986374453	2129812390	4116186843
ERR11178417	x_32d_sporocysts_r1	1964529813	2145934282	4110464095
ERR11178336	x_32d_sporocysts_r2	1014966142	1103121550	2118087692
ERR11178426	x_32d_sporocysts_r2	1011135235	1120371429	2131506664
ERR11178341	x_32d_sporocysts_r3	801378714	847746246	1649124960
ERR11178431	x_32d_sporocysts_r3	783570841	846223952	1629794793
ERR11178345	x_32d_sporocysts_r4	816493622	897838886	1714332508
ERR11178435	x_32d_sporocysts_r4	802014550	885601876	1687616426
ERR11178342	x_32d_sporocysts_r5	478047054	509286172	987333226
ERR11178432	x_32d_sporocysts_r5	470819122	509539347	980358469
ERR11178343	f_cercariae_r1	399747963	467585891	867333854
ERR11178433	f_cercariae_r1	388737078	482613297	871350375
ERR11178347	f_cercariae_r2	465914000	519127466	985041466
ERR11178437	f_cercariae_r2	453752041	530266145	984018186
ERR11178349	f_cercariae_r3	400025581	443882855	843908436
ERR11178439	f_cercariae_r3	392433045	454620278	847053323
ERR11178351	f_cercariae_r4	471007908	541738982	1012746890
ERR11178441	f_cercariae_r4	468947771	554609831	1023557602
ERR11178353	f_cercariae_r5	578543828	652214726	1230758554
ERR11178443	f_cercariae_r5	561146464	663231017	1224377481
ERR11178274	m_cercariae_r1	420628058	476162746	896790804
ERR11178364	m_cercariae_r1	383922726	473200435	857123161
ERR11178284	m_cercariae_r2	579009231	714350213	1293359444
ERR11178374	m_cercariae_r2	566708227	708167679	1274875906
ERR11178293	m_cercariae_r3	558065579	634878930	1192944509
ERR11178383	m_cercariae_r3	548894103	643941155	1192835258
ERR11178302	m_cercariae_r4	754579182	846932191	1601511373
ERR11178392	m_cercariae_r4	697631344	839844906	1537476250
ERR11178311	m_cercariae_r5	615397629	708963153	1324360782
ERR11178401	m_cercariae_r5	598568731	715978671	1314547402
ERR11178320	x_cercariae_r1	831939373	898088126	1730027499
ERR11178410	x_cercariae_r1	816591117	933685902	1750277019
ERR11178328	x_cercariae_r2	588081761	661213762	1249295523
ERR11178418	x_cercariae_r2	570094585	664856128	1234950713
ERR11178337	x_cercariae_r3	688910028	786613745	1475523773
ERR11178427	x_cercariae_r3	682677663	800268144	1482945807
ERR11178265	x_cercariae_r4	727210612	830177336	1557387948
ERR11178355	x_cercariae_r4	680214422	805822898	1486037320
ERR11178275	x_cercariae_r5	799374446	878121177	1677495623
ERR11178365	x_cercariae_r5	755970673	869170849	1625141522
ERR11178285	f_2d_somules_r1	923892443	1116853434	2040745877
ERR11178375	f_2d_somules_r1	882275452	1117271393	1999546845
ERR11178294	f_2d_somules_r2	627564752	703766383	1331331135
ERR11178384	f_2d_somules_r2	594426761	692754521	1287181282
ERR11178303	f_2d_somules_r3	596679630	665624767	1262304397
ERR11178393	f_2d_somules_r3	550781502	649758596	1200540098
ERR11178312	f_2d_somules_r4	909134548	1065648553	1974783101
ERR11178402	f_2d_somules_r4	828508008	1059919566	1888427574
ERR11178321	f_2d_somules_r5	763741204	905137772	1668878976
ERR11178411	f_2d_somules_r5	686524566	868113671	1554638237
ERR11178329	m_2d_somules_r1	1322330048	1458028214	2780358262
ERR11178419	m_2d_somules_r1	1177654402	1438950319	2616604721
ERR11178267	m_2d_somules_r2	757832577	838460338	1596292915
ERR11178357	m_2d_somules_r2	721797414	836909341	1558706755
ERR11178277	m_2d_somules_r3	621407147	723467252	1344874399
ERR11178367	m_2d_somules_r3	606676590	722682799	1329359389
ERR11178287	m_2d_somules_r4	367246669	424902655	792149324
ERR11178377	m_2d_somules_r4	363659304	422064994	785724298
ERR11178296	m_2d_somules_r5	582570949	652915406	1235486355
ERR11178386	m_2d_somules_r5	583388290	672514950	1255903240
ERR11178305	x_2d_somules_r1	988104910	1088620951	2076725861
ERR11178395	x_2d_somules_r1	954573958	1112375302	2066949260
ERR11178314	x_2d_somules_r2	1057229371	1152489772	2209719143
ERR11178404	x_2d_somules_r2	1035707268	1168111442	2203818710
ERR11178323	x_2d_somules_r3	1412992479	1561406929	2974399408
ERR11178413	x_2d_somules_r3	1375381717	1566414378	2941796095
ERR11178281	x_2d_somules_r4	589460726	691462251	1280922977
ERR11178371	x_2d_somules_r4	565691356	697297054	1262988410
ERR11178291	x_2d_somules_r5	392522705	435667976	828190681
ERR11178381	x_2d_somules_r5	383576293	448350094	831926387
ERR11178331	f_26d_juveniles_r1	988456960	1123190956	2111647916
ERR11178421	f_26d_juveniles_r1	928789201	1153559215	2082348416
ERR11178269	f_26d_juveniles_r2	478072794	533655835	1011728629
ERR11178359	f_26d_juveniles_r2	474012712	540895716	1014908428
ERR11178279	f_26d_juveniles_r3	431603925	482490650	914094575
ERR11178369	f_26d_juveniles_r3	420794162	489980647	910774809
ERR11178289	f_26d_juveniles_r4	283410370	309370544	592780914
ERR11178379	f_26d_juveniles_r4	278149612	315234439	593384051
ERR11178298	f_26d_juveniles_r5	805879453	902867605	1708747058
ERR11178388	f_26d_juveniles_r5	806570971	923537352	1730108323
ERR11178307	m_26d_juveniles_r1	343221718	387910240	731131958
ERR11178397	m_26d_juveniles_r1	344242031	392931972	737174003
ERR11178316	m_26d_juveniles_r2	518349054	567384690	1085733744
ERR11178406	m_26d_juveniles_r2	520477588	599248788	1119726376
ERR11178324	m_26d_juveniles_r3	833183234	920238568	1753421802
ERR11178414	m_26d_juveniles_r3	835597653	961387209	1796984862
ERR11178333	m_26d_juveniles_r4	723487670	829464790	1552952460
ERR11178423	m_26d_juveniles_r4	719176174	871253173	1590429347
ERR11178271	m_26d_juveniles_r5	803679704	893473600	1697153304
ERR11178361	m_26d_juveniles_r5	790489478	901118839	1691608317
