dataset	sample_id	file_prefix	condition	stage	tissue	sex	infection_mode	treatment	time_hours	batch	replicate	biosample	library_name	run_count	run_accessions	total_fastq_bytes
E-MTAB-451	adult_mixed_r1	adult_mixed_r1	adult_mixed	adult	whole_organism	mixed	not_applicable	untreated	not_applicable	not_declared	1	SAMEA988615	adult2	1	ERR022873	1534671404
E-MTAB-451	cercaria_whole_r1	cercaria_whole_r1	cercaria_whole	cercaria	whole_organism	mixed	not_applicable	untreated	0	not_declared	1	SAMEA988623	cerc10a	1	ERR022872	2358582293
E-MTAB-451	cercaria_whole_r2	cercaria_whole_r2	cercaria_whole	cercaria	whole_organism	mixed	not_applicable	untreated	0	not_declared	2	SAMEA988624	cerc12	1	ERR022877	4647364373
E-MTAB-451	cercaria_whole_r3	cercaria_whole_r3	cercaria_whole	cercaria	whole_organism	mixed	not_applicable	untreated	0	not_declared	3	SAMEA988614	cerc13	1	ERR022878	3139494097
E-MTAB-451	cercarial_tail_r1	cercarial_tail_r1	cercarial_tail	cercaria	tail	mixed	not_applicable	untreated	0	not_declared	1	SAMEA988620	tail1	1	ERR022875	1940022855
E-MTAB-451	schistosomulum_24h_r1	schistosomulum_24h_r1	schistosomulum_24h	schistosomulum_24h	whole_organism	mixed	not_applicable	untreated	24	not_declared	1	SAMEA988616	somule3	1	ERR022880	3629719402
E-MTAB-451	schistosomulum_24h_r2	schistosomulum_24h_r2	schistosomulum_24h	schistosomulum_24h	whole_organism	mixed	not_applicable	untreated	24	not_declared	2	SAMEA988622	somule4	1	ERR022881	3639483451
E-MTAB-451	schistosomulum_24h_r3	schistosomulum_24h_r3	schistosomulum_24h	schistosomulum_24h	whole_organism	mixed	not_applicable	untreated	24	not_declared	3	SAMEA988619	somule5	1	ERR022882	3070551451
E-MTAB-451	schistosomulum_24h_r4	schistosomulum_24h_r4	schistosomulum_24h	schistosomulum_24h	whole_organism	mixed	not_applicable	untreated	24	not_declared	4	SAMEA988618	somule6	1	ERR022883	3528540580
E-MTAB-451	schistosomulum_3h_r1	schistosomulum_3h_r1	schistosomulum_3h	schistosomulum_3h	whole_organism	mixed	not_applicable	untreated	3	not_declared	1	SAMEA988621	somule1	2	ERR022874;ERR022876	4281911715
E-MTAB-451	schistosomulum_3h_r2	schistosomulum_3h_r2	schistosomulum_3h	schistosomulum_3h	whole_organism	mixed	not_applicable	untreated	3	not_declared	2	SAMEA988617	somule2	1	ERR022879	4275021976
