run_accession	sample_title	library_layout	reason
ERR278825	24hr_somule_miRNA	PAIRED	small_rna_or_mirna_outside_full_length_protocol
ERR278826	72hr_somule_miRNA	PAIRED	small_rna_or_mirna_outside_full_length_protocol
ERR278827	adult1_miRNA	PAIRED	small_rna_or_mirna_outside_full_length_protocol
ERR278828	adult2_miRNA	PAIRED	small_rna_or_mirna_outside_full_length_protocol
ERR346955	ap6_smallRNATest_sample11	SINGLE	small_rna_or_mirna_outside_full_length_protocol
ERR352105	0hr_I_miRNA_test	PAIRED	small_rna_or_mirna_outside_full_length_protocol
ERR352106	3hr_I_miRNA_test	PAIRED	small_rna_or_mirna_outside_full_length_protocol
ERR352107	6hr_I_miRNA_test	PAIRED	small_rna_or_mirna_outside_full_length_protocol
ERR352108	12hr_I_miRNA_test	PAIRED	small_rna_or_mirna_outside_full_length_protocol
ERR352109	72hr_I_miRNA_test	PAIRED	small_rna_or_mirna_outside_full_length_protocol
ERR352110	24hr_I_miRNA_test	PAIRED	small_rna_or_mirna_outside_full_length_protocol
ERR352111	48hr_I_miRNA_test	PAIRED	small_rna_or_mirna_outside_full_length_protocol
ERR411526	3hr_n11	PAIRED	noncanonical_sample_not_in_complete_I_II_III_mrna_series
ERR411533	12hr_n	PAIRED	noncanonical_sample_not_in_complete_I_II_III_mrna_series
ERR411536	3hr_n	PAIRED	noncanonical_sample_not_in_complete_I_II_III_mrna_series
ERR411544	0hr_I_miRNA	PAIRED	small_rna_or_mirna_outside_full_length_protocol
ERR411545	24hr_I_miRNA	PAIRED	small_rna_or_mirna_outside_full_length_protocol
ERR411546	0hr_III_miRNA	PAIRED	small_rna_or_mirna_outside_full_length_protocol
ERR411547	3hr_I_miRNA	PAIRED	small_rna_or_mirna_outside_full_length_protocol
ERR411548	24hr_III_miRNA	PAIRED	small_rna_or_mirna_outside_full_length_protocol
ERR411549	48hr_I_miRNA	PAIRED	small_rna_or_mirna_outside_full_length_protocol
ERR411550	6hr_I_miRNA	PAIRED	small_rna_or_mirna_outside_full_length_protocol
ERR411551	72hr_I_miRNA	PAIRED	small_rna_or_mirna_outside_full_length_protocol
ERR411552	6hr_III_miRNA	PAIRED	small_rna_or_mirna_outside_full_length_protocol
ERR411553	12hr_I_miRNA	PAIRED	small_rna_or_mirna_outside_full_length_protocol
ERR411554	72hr_III_miRNA	PAIRED	small_rna_or_mirna_outside_full_length_protocol
ERR411555	0hr_II_miRNA	PAIRED	small_rna_or_mirna_outside_full_length_protocol
ERR411556	24hr_II_miRNA	PAIRED	small_rna_or_mirna_outside_full_length_protocol
ERR411557	3hr_II_miRNA	PAIRED	small_rna_or_mirna_outside_full_length_protocol
ERR411558	3hr_III_miRNA	PAIRED	small_rna_or_mirna_outside_full_length_protocol
ERR411559	48hr_II_miRNA	PAIRED	small_rna_or_mirna_outside_full_length_protocol
ERR411560	6hr_II_miRNA	PAIRED	small_rna_or_mirna_outside_full_length_protocol
ERR411561	48hr_III_miRNA	PAIRED	small_rna_or_mirna_outside_full_length_protocol
ERR411562	72hr_II_miRNA	PAIRED	small_rna_or_mirna_outside_full_length_protocol
ERR411563	12hr_II_miRNA	PAIRED	small_rna_or_mirna_outside_full_length_protocol
ERR411564	12hr_III_miRNA	PAIRED	small_rna_or_mirna_outside_full_length_protocol
