dataset	sample_id	file_prefix	run_accession	condition	stage	tissue	sex	infection_mode	treatment	time_hours	batch	replicate	biosample	library_name	technical_unit	secondary_biosample	experiment_accession	fastq_1_url	fastq_2_url	fastq_1_md5	fastq_2_md5	fastq_1_bytes	fastq_2_bytes
PRJEB3190	schistosomulum_0h_r1	schistosomulum_0h_r1	ERR411530	schistosomulum_0h	schistosomulum_0h	whole_organism	mixed	not_applicable	untreated	0	sequencing_batch_10376	1	SAMEA2153984	7791497	run_1	ERS323715	ERX377891	https://ftp.sra.ebi.ac.uk/vol1/fastq/ERR411/ERR411530/ERR411530_1.fastq.gz	https://ftp.sra.ebi.ac.uk/vol1/fastq/ERR411/ERR411530/ERR411530_2.fastq.gz	a1a800d2c6aca06c49caed2cf68f4800	721eb875139fdf94deb12edc9947679e	1197954910	1314110815
PRJEB3190	schistosomulum_0h_r2	schistosomulum_0h_r2	ERR411539	schistosomulum_0h	schistosomulum_0h	whole_organism	mixed	not_applicable	untreated	0	sequencing_batch_10376	2	SAMEA2147427	7791502	run_1	ERS323720	ERX377900	https://ftp.sra.ebi.ac.uk/vol1/fastq/ERR411/ERR411539/ERR411539_1.fastq.gz	https://ftp.sra.ebi.ac.uk/vol1/fastq/ERR411/ERR411539/ERR411539_2.fastq.gz	3aad36cbdcc2df00de4478a82bedba99	d59e5c14ed05c8f0dee1cf2d0d2f125a	1305098173	1459897383
PRJEB3190	schistosomulum_3h_r1	schistosomulum_3h_r1	ERR411535	schistosomulum_3h	schistosomulum_3h	whole_organism	mixed	not_applicable	untreated	3	sequencing_batch_10376	1	SAMEA2148016	7791504	run_1	ERS323722	ERX377896	https://ftp.sra.ebi.ac.uk/vol1/fastq/ERR411/ERR411535/ERR411535_1.fastq.gz	https://ftp.sra.ebi.ac.uk/vol1/fastq/ERR411/ERR411535/ERR411535_2.fastq.gz	06fd6afae1489f033d732a39874dbee5	d63ffec4c67253b2afec28ff1fdff0f3	1014899182	1140245695
PRJEB3190	schistosomulum_3h_r2	schistosomulum_3h_r2	ERR411541	schistosomulum_3h	schistosomulum_3h	whole_organism	mixed	not_applicable	untreated	3	sequencing_batch_10376	2	SAMEA1963832	7791508	run_1	ERS323726	ERX377902	https://ftp.sra.ebi.ac.uk/vol1/fastq/ERR411/ERR411541/ERR411541_1.fastq.gz	https://ftp.sra.ebi.ac.uk/vol1/fastq/ERR411/ERR411541/ERR411541_2.fastq.gz	95dbdf32720c630a86e50c54293efd08	2d2cfd7deab5140c8e35f33246a2a8cd	1715612717	1929151016
PRJEB3190	schistosomulum_3h_r3	schistosomulum_3h_r3	ERR411525	schistosomulum_3h	schistosomulum_3h	whole_organism	mixed	not_applicable	untreated	3	sequencing_batch_10363	3	SAMEA2144797	7791518	run_1	ERS323734	ERX377886	https://ftp.sra.ebi.ac.uk/vol1/fastq/ERR411/ERR411525/ERR411525_1.fastq.gz	https://ftp.sra.ebi.ac.uk/vol1/fastq/ERR411/ERR411525/ERR411525_2.fastq.gz	444fbd6746ccf208e1bb634b905537c0	469dbdfabb44e4af2967915b18cc0b55	1480980657	1535939812
PRJEB3190	schistosomulum_6h_r1	schistosomulum_6h_r1	ERR411531	schistosomulum_6h	schistosomulum_6h	whole_organism	mixed	not_applicable	untreated	6	sequencing_batch_10376	1	SAMEA2163195	7791500	run_1	ERS323718	ERX377892	https://ftp.sra.ebi.ac.uk/vol1/fastq/ERR411/ERR411531/ERR411531_1.fastq.gz	https://ftp.sra.ebi.ac.uk/vol1/fastq/ERR411/ERR411531/ERR411531_2.fastq.gz	c297272eeb07fffedb5e3058c5c910f9	529b399e44889e0331f56e9731b80531	1395562487	1535440459
PRJEB3190	schistosomulum_6h_r2	schistosomulum_6h_r2	ERR411543	schistosomulum_6h	schistosomulum_6h	whole_organism	mixed	not_applicable	untreated	6	sequencing_batch_10376	2	SAMEA2149496	7791509	run_1	ERS323727	ERX377904	https://ftp.sra.ebi.ac.uk/vol1/fastq/ERR411/ERR411543/ERR411543_1.fastq.gz	https://ftp.sra.ebi.ac.uk/vol1/fastq/ERR411/ERR411543/ERR411543_2.fastq.gz	46ce8270764e4b6b47c72564648a5f65	79547351b4b1d7116785d9520e2ec689	1373230094	1551928637
PRJEB3190	schistosomulum_6h_r3	schistosomulum_6h_r3	ERR411528	schistosomulum_6h	schistosomulum_6h	whole_organism	mixed	not_applicable	untreated	6	sequencing_batch_10363	3	SAMEA2143946	7791515	run_1	ERS323737	ERX377889	https://ftp.sra.ebi.ac.uk/vol1/fastq/ERR411/ERR411528/ERR411528_1.fastq.gz	https://ftp.sra.ebi.ac.uk/vol1/fastq/ERR411/ERR411528/ERR411528_2.fastq.gz	9892f764dcccbcd832ac033efa4d5309	f3d1297963998423bab1d12bfcf9dbd1	1360117179	1408335452
PRJEB3190	schistosomulum_12h_r1	schistosomulum_12h_r1	ERR411537	schistosomulum_12h	schistosomulum_12h	whole_organism	mixed	not_applicable	untreated	12	sequencing_batch_10376	1	SAMEA2159774	7791503	run_1	ERS323721	ERX377898	https://ftp.sra.ebi.ac.uk/vol1/fastq/ERR411/ERR411537/ERR411537_1.fastq.gz	https://ftp.sra.ebi.ac.uk/vol1/fastq/ERR411/ERR411537/ERR411537_2.fastq.gz	b6cc36ffe5a7ccabe5f8d17597a8ca71	b5f108d6558a8bbbc53c95a8a2a669b3	1194218571	1335310332
PRJEB3190	schistosomulum_12h_r2	schistosomulum_12h_r2	ERR411529	schistosomulum_12h	schistosomulum_12h	whole_organism	mixed	not_applicable	untreated	12	sequencing_batch_10363	2	SAMEA2157900	7791519	run_1	ERS323733	ERX377890	https://ftp.sra.ebi.ac.uk/vol1/fastq/ERR411/ERR411529/ERR411529_1.fastq.gz	https://ftp.sra.ebi.ac.uk/vol1/fastq/ERR411/ERR411529/ERR411529_2.fastq.gz	52b218bb0bc157d06fd6ee86202f106d	baa7baf2248b43dbd1c07752121bce82	1251247686	1305265268
PRJEB3190	schistosomulum_12h_r3	schistosomulum_12h_r3	ERR411524	schistosomulum_12h	schistosomulum_12h	whole_organism	mixed	not_applicable	untreated	12	sequencing_batch_10363	3	SAMEA2160740	7791511	run_1	ERS323729	ERX377885	https://ftp.sra.ebi.ac.uk/vol1/fastq/ERR411/ERR411524/ERR411524_1.fastq.gz	https://ftp.sra.ebi.ac.uk/vol1/fastq/ERR411/ERR411524/ERR411524_2.fastq.gz	2f9a087086c6ef8fa4a0d6819ef70170	92c71611d0498810eea29a79658bc9a2	1250055122	1304442693
PRJEB3190	schistosomulum_24h_r1	schistosomulum_24h_r1	ERR411532	schistosomulum_24h	schistosomulum_24h	whole_organism	mixed	not_applicable	untreated	24	sequencing_batch_10376	1	SAMEA2154354	7791499	run_1	ERS323717	ERX377893	https://ftp.sra.ebi.ac.uk/vol1/fastq/ERR411/ERR411532/ERR411532_1.fastq.gz	https://ftp.sra.ebi.ac.uk/vol1/fastq/ERR411/ERR411532/ERR411532_2.fastq.gz	4f5663f3cb85b4c0a83044d08f4c604d	7b5a514ec4d70aa9f308dca6273bd85f	1108032990	1218150385
PRJEB3190	schistosomulum_24h_r2	schistosomulum_24h_r2	ERR411540	schistosomulum_24h	schistosomulum_24h	whole_organism	mixed	not_applicable	untreated	24	sequencing_batch_10376	2	SAMEA2157115	7791507	run_1	ERS323725	ERX377901	https://ftp.sra.ebi.ac.uk/vol1/fastq/ERR411/ERR411540/ERR411540_1.fastq.gz	https://ftp.sra.ebi.ac.uk/vol1/fastq/ERR411/ERR411540/ERR411540_2.fastq.gz	630c4fd69958f5a2450038c08e54fcd1	3fa02dc9eab40078fd3fbfb61724cfc4	1583359134	1776574592
PRJEB3190	schistosomulum_24h_r3	schistosomulum_24h_r3	ERR411523	schistosomulum_24h	schistosomulum_24h	whole_organism	mixed	not_applicable	untreated	24	sequencing_batch_10363	3	SAMEA2156378	7791512	run_1	ERS323730	ERX377884	https://ftp.sra.ebi.ac.uk/vol1/fastq/ERR411/ERR411523/ERR411523_1.fastq.gz	https://ftp.sra.ebi.ac.uk/vol1/fastq/ERR411/ERR411523/ERR411523_2.fastq.gz	01e9d5b50c34be3fabda9264e42c820e	73b996d6a7570ff639116855ef98b63c	1357686541	1410176430
PRJEB3190	schistosomulum_48h_r1	schistosomulum_48h_r1	ERR411538	schistosomulum_48h	schistosomulum_48h	whole_organism	mixed	not_applicable	untreated	48	sequencing_batch_10376	1	SAMEA2158987	7791506	run_1	ERS323724	ERX377899	https://ftp.sra.ebi.ac.uk/vol1/fastq/ERR411/ERR411538/ERR411538_1.fastq.gz	https://ftp.sra.ebi.ac.uk/vol1/fastq/ERR411/ERR411538/ERR411538_2.fastq.gz	456f3f02f9db6ad114afe2b800806401	5c6147ffd8bfc97060638d0bbeb3eacf	1163287477	1304142439
PRJEB3190	schistosomulum_48h_r2	schistosomulum_48h_r2	ERR411527	schistosomulum_48h	schistosomulum_48h	whole_organism	mixed	not_applicable	untreated	48	sequencing_batch_10363	2	SAMEA2145005	7791516	run_1	ERS323736	ERX377888	https://ftp.sra.ebi.ac.uk/vol1/fastq/ERR411/ERR411527/ERR411527_1.fastq.gz	https://ftp.sra.ebi.ac.uk/vol1/fastq/ERR411/ERR411527/ERR411527_2.fastq.gz	2be29435f7d54f925aa34ae0c3f1fd82	3c5e5ffb6a81abc7705d4f6296f6b6ee	2744641552	2888009245
PRJEB3190	schistosomulum_48h_r3	schistosomulum_48h_r3	ERR411522	schistosomulum_48h	schistosomulum_48h	whole_organism	mixed	not_applicable	untreated	48	sequencing_batch_10363	3	SAMEA2156129	7791513	run_1	ERS323731	ERX377883	https://ftp.sra.ebi.ac.uk/vol1/fastq/ERR411/ERR411522/ERR411522_1.fastq.gz	https://ftp.sra.ebi.ac.uk/vol1/fastq/ERR411/ERR411522/ERR411522_2.fastq.gz	c2fd299edf8204e240c29bdd04f61eba	30ec4ef4b7236c420e86f5634c9cdb7f	1356226604	1414520367
PRJEB3190	schistosomulum_72h_r1	schistosomulum_72h_r1	ERR411534	schistosomulum_72h	schistosomulum_72h	whole_organism	mixed	not_applicable	untreated	72	sequencing_batch_10376	1	SAMEA2146311	7791501	run_1	ERS323719	ERX377895	https://ftp.sra.ebi.ac.uk/vol1/fastq/ERR411/ERR411534/ERR411534_1.fastq.gz	https://ftp.sra.ebi.ac.uk/vol1/fastq/ERR411/ERR411534/ERR411534_2.fastq.gz	aff2465f0944b885bd661d1c984f7e93	b71972dfd5360e8a2144f52ecafd5a3a	1063032665	1169997909
PRJEB3190	schistosomulum_72h_r2	schistosomulum_72h_r2	ERR411542	schistosomulum_72h	schistosomulum_72h	whole_organism	mixed	not_applicable	untreated	72	sequencing_batch_10376	2	SAMEA2151131	7791510	run_1	ERS323728	ERX377903	https://ftp.sra.ebi.ac.uk/vol1/fastq/ERR411/ERR411542/ERR411542_1.fastq.gz	https://ftp.sra.ebi.ac.uk/vol1/fastq/ERR411/ERR411542/ERR411542_2.fastq.gz	706746a1f219da58d952fc611b170a84	68ce34f292c442670d9a14d3cbb2e71c	1462339143	1635138513
PRJEB3190	schistosomulum_72h_r3	schistosomulum_72h_r3	ERR411521	schistosomulum_72h	schistosomulum_72h	whole_organism	mixed	not_applicable	untreated	72	sequencing_batch_10363	3	SAMEA2158830	7791514	run_1	ERS323732	ERX377882	https://ftp.sra.ebi.ac.uk/vol1/fastq/ERR411/ERR411521/ERR411521_1.fastq.gz	https://ftp.sra.ebi.ac.uk/vol1/fastq/ERR411/ERR411521/ERR411521_2.fastq.gz	dba36ec450d977139497d0fddb00e939	e9f17a130797d96f1b57e5b8d912b6da	1225420795	1275361840
